game_id,week,team,opponent,player_id,pbp_player_name,gsis_id,player_name,position,q1_rush_att,q1_rush_yds,q1_ypc,site,team_q1_rush_att,team_q1_rush_yds,rb_q1_carry_share,rb_q1_yard_share,hit_15,hit_20,hit_25
2025_01_ARI_NO,1,ARI,NO,00-0033553,J.Conner,00-0033553,James Conner,RB,5,17.0,3.4,A,7,31.0,0.7142857142857143,0.5483870967741935,1,0,0
2025_01_ARI_NO,1,ARI,NO,00-0039921,T.Benson,00-0039921,Trey Benson,RB,1,1.0,1.0,A,7,31.0,0.14285714285714285,0.03225806451612903,0,0,0
2025_01_ARI_NO,1,NO,ARI,00-0033906,A.Kamara,00-0033906,Alvin Kamara,RB,3,14.0,4.666666666666667,H,6,32.0,0.5,0.4375,0,0,0
2025_01_ARI_NO,1,NO,ARI,00-0038551,K.Miller,00-0038551,Kendre Miller,RB,1,10.0,10.0,H,6,32.0,0.16666666666666666,0.3125,0,0,0
2025_01_ARI_NO,1,NO,ARI,00-0040202,D.Neal,00-0040202,Devin Neal,RB,0,0.0,0.0,H,6,32.0,0.0,0.0,0,0,0
2025_01_BAL_BUF,1,BAL,BUF,00-0032764,D.Henry,00-0032764,Derrick Henry,RB,5,22.0,4.4,A,8,42.0,0.625,0.5238095238095238,1,1,0
2025_01_BAL_BUF,1,BAL,BUF,00-0034975,J.Hill,00-0034975,Justice Hill,RB,1,1.0,1.0,A,8,42.0,0.125,0.023809523809523808,0,0,0
2025_01_BAL_BUF,1,BAL,BUF,00-0039796,R.Ali,00-0039796,Rasheen Ali,RB,0,0.0,0.0,A,8,42.0,0.0,0.0,0,0,0
2025_01_BAL_BUF,1,BUF,BAL,00-0035537,Ty.Johnson,00-0035537,Ty Johnson,RB,1,17.0,17.0,H,6,30.0,0.16666666666666666,0.5666666666666667,1,0,0
2025_01_BAL_BUF,1,BUF,BAL,00-0037248,J.Cook,00-0037248,James Cook,RB,4,10.0,2.5,H,6,30.0,0.6666666666666666,0.3333333333333333,0,0,0
2025_01_BAL_BUF,1,BUF,BAL,00-0039875,R.Davis,00-0039875,Ray Davis,RB,0,0.0,0.0,H,6,30.0,0.0,0.0,0,0,0
2025_01_CAR_JAX,1,CAR,JAX,00-0036555,C.Hubbard,00-0036555,Chuba Hubbard,RB,6,22.0,3.6666666666666665,A,7,25.0,0.8571428571428571,0.88,1,1,0
2025_01_CAR_JAX,1,CAR,JAX,00-0040644,T.Etienne,00-0040644,Trevor Etienne,RB,0,0.0,0.0,A,7,25.0,0.0,0.0,0,0,0
2025_01_CAR_JAX,1,CAR,JAX,00-0036139,R.Dowdle,00-0036139,Rico Dowdle,RB,0,0.0,0.0,A,7,25.0,0.0,0.0,0,0,0
2025_01_CAR_JAX,1,JAX,CAR,00-0036973,T.Etienne,00-0036973,Travis Etienne,RB,3,14.0,4.666666666666667,H,4,18.0,0.75,0.7777777777777778,0,0,0
2025_01_CAR_JAX,1,JAX,CAR,00-0040238,L.Allen,00-0040238,LeQuint Allen Jr.,RB,0,0.0,0.0,H,4,18.0,0.0,0.0,0,0,0
2025_01_CAR_JAX,1,JAX,CAR,00-0040719,B.Tuten,00-0040719,Bhayshul Tuten,RB,0,0.0,0.0,H,4,18.0,0.0,0.0,0,0,0
2025_01_CAR_JAX,1,JAX,CAR,00-0038555,T.Bigsby,00-0038555,Tank Bigsby,RB,0,0.0,0.0,H,4,18.0,0.0,0.0,0,0,0
2025_01_CIN_CLE,1,CIN,CLE,00-0038597,C.Brown,00-0038597,Chase Brown,RB,7,29.0,4.142857142857143,A,7,29.0,1.0,1.0,1,1,1
2025_01_CIN_CLE,1,CLE,CIN,00-0040162,D.Sampson,00-0040162,Dylan Sampson,RB,2,5.0,2.5,H,6,14.0,0.3333333333333333,0.35714285714285715,0,0,0
2025_01_CIN_CLE,1,CLE,CIN,00-0037267,J.Ford,00-0037267,Jerome Ford,RB,2,4.0,2.0,H,6,14.0,0.3333333333333333,0.2857142857142857,0,0,0
2025_01_CIN_CLE,1,CLE,CIN,00-0040466,R.Sanders,00-0040466,Raheim Sanders,RB,1,2.0,2.0,H,6,14.0,0.16666666666666666,0.14285714285714285,0,0,0
2025_01_DAL_PHI,1,DAL,PHI,00-0036997,J.Williams,00-0036997,Javonte Williams,RB,7,33.0,4.714285714285714,A,8,37.0,0.875,0.8918918918918919,1,1,1
2025_01_DAL_PHI,1,DAL,PHI,00-0035243,M.Sanders,00-0035243,Miles Sanders,RB,0,0.0,0.0,A,8,37.0,0.0,0.0,0,0,0
2025_01_DAL_PHI,1,PHI,DAL,00-0039746,W.Shipley,00-0039746,Will Shipley,RB,2,25.0,12.5,H,8,56.0,0.25,0.44642857142857145,1,1,1
2025_01_DAL_PHI,1,PHI,DAL,00-0034844,S.Barkley,00-0034844,Saquon Barkley,RB,4,20.0,5.0,H,8,56.0,0.5,0.35714285714285715,1,1,0
2025_01_DAL_PHI,1,PHI,DAL,00-0036265,A.Dillon,00-0036265,AJ Dillon,RB,0,0.0,0.0,H,8,56.0,0.0,0.0,0,0,0
2025_01_DET_GB,1,DET,GB,00-0039139,J.Gibbs,00-0039139,Jahmyr Gibbs,RB,3,20.0,6.666666666666667,A,5,29.0,0.6,0.6896551724137931,1,1,0
2025_01_DET_GB,1,DET,GB,00-0035685,D.Montgomery,00-0035685,David Montgomery,RB,2,9.0,4.5,A,5,29.0,0.4,0.3103448275862069,0,0,0
2025_01_DET_GB,1,GB,DET,00-0035700,J.Jacobs,00-0035700,Josh Jacobs,RB,5,8.0,1.6,H,6,11.0,0.8333333333333334,0.7272727272727273,0,0,0
2025_01_DET_GB,1,GB,DET,00-0038685,C.Brooks,00-0038685,Chris Brooks,RB,0,0.0,0.0,H,6,11.0,0.0,0.0,0,0,0
2025_01_DET_GB,1,GB,DET,00-0038797,E.Wilson,00-0038797,Emanuel Wilson,RB,0,0.0,0.0,H,6,11.0,0.0,0.0,0,0,0
2025_01_HOU_LA,1,HOU,LA,00-0033854,D.Ogunbowale,00-0033854,Dare Ogunbowale,RB,1,7.0,7.0,A,7,23.0,0.14285714285714285,0.30434782608695654,0,0,0
2025_01_HOU_LA,1,HOU,LA,00-0034791,N.Chubb,00-0034791,Nick Chubb,RB,3,6.0,2.0,A,7,23.0,0.42857142857142855,0.2608695652173913,0,0,0
2025_01_HOU_LA,1,HOU,LA,00-0037258,D.Pierce,00-0037258,Dameon Pierce,RB,1,2.0,2.0,A,7,23.0,0.14285714285714285,0.08695652173913043,0,0,0
2025_01_HOU_LA,1,HOU,LA,00-0040583,W.Marks,00-0040583,Woody Marks,RB,1,2.0,2.0,A,7,23.0,0.14285714285714285,0.08695652173913043,0,0,0
2025_01_HOU_LA,1,LA,HOU,00-0037840,K.Williams,00-0037840,Kyren Williams,RB,3,7.0,2.3333333333333335,H,4,8.0,0.75,0.875,0,0,0
2025_01_HOU_LA,1,LA,HOU,00-0039738,B.Corum,00-0039738,Blake Corum,RB,0,0.0,0.0,H,4,8.0,0.0,0.0,0,0,0
2025_01_KC_LAC,1,KC,LAC,00-0037197,I.Pacheco,00-0037197,Isiah Pacheco,RB,2,5.0,2.5,A,5,17.0,0.4,0.29411764705882354,0,0,0
2025_01_KC_LAC,1,KC,LAC,00-0033923,K.Hunt,00-0033923,Kareem Hunt,RB,1,1.0,1.0,A,5,17.0,0.2,0.058823529411764705,0,0,0
2025_01_KC_LAC,1,LAC,KC,00-0040666,O.Hampton,00-0040666,Omarion Hampton,RB,4,22.0,5.5,H,5,28.0,0.8,0.7857142857142857,1,1,0
2025_01_KC_LAC,1,LAC,KC,00-0036893,N.Harris,00-0036893,Najee Harris,RB,0,0.0,0.0,H,5,28.0,0.0,0.0,0,0,0
2025_01_LV_NE,1,LV,NE,00-0040122,A.Jeanty,00-0040122,Ashton Jeanty,RB,5,24.0,4.8,A,6,24.0,0.8333333333333334,1.0,1,1,0
2025_01_LV_NE,1,LV,NE,00-0038040,Z.White,00-0038040,Zamir White,RB,1,0.0,0.0,A,6,24.0,0.16666666666666666,0.0,0,0,0
2025_01_LV_NE,1,NE,LV,00-0040734,T.Henderson,00-0040734,TreVeyon Henderson,RB,1,7.0,7.0,H,6,17.0,0.16666666666666666,0.4117647058823529,0,0,0
2025_01_LV_NE,1,NE,LV,00-0036875,R.Stevenson,00-0036875,Rhamondre Stevenson,RB,3,6.0,2.0,H,6,17.0,0.5,0.35294117647058826,0,0,0
2025_01_LV_NE,1,NE,LV,00-0036328,A.Gibson,00-0036328,Antonio Gibson,RB,0,0.0,0.0,H,6,17.0,0.0,0.0,0,0,0
2025_01_MIA_IND,1,IND,MIA,00-0036223,J.Taylor,00-0036223,Jonathan Taylor,RB,7,29.0,4.142857142857143,H,11,44.0,0.6363636363636364,0.6590909090909091,1,1,1
2025_01_MIA_IND,1,IND,MIA,00-0040179,D.Giddens,00-0040179,DJ Giddens,RB,0,0.0,0.0,H,11,44.0,0.0,0.0,0,0,0
2025_01_MIA_IND,1,IND,MIA,00-0040476,U.Bentley,00-0040476,Ulysses Bentley IV,RB,0,0.0,0.0,H,11,44.0,0.0,0.0,0,0,0
2025_01_MIA_IND,1,MIA,IND,00-0039040,D.Achane,00-0039040,De'Von Achane,RB,2,7.0,3.5,A,2,7.0,1.0,1.0,0,0,0
2025_01_MIA_IND,1,MIA,IND,00-0040198,O.Gordon,00-0040198,Ollie Gordon II,RB,0,0.0,0.0,A,2,7.0,0.0,0.0,0,0,0
2025_01_MIN_CHI,1,CHI,MIN,00-0036275,D.Swift,00-0036275,D'Andre Swift,RB,3,1.0,0.3333333333333333,H,6,27.0,0.5,0.037037037037037035,0,0,0
2025_01_MIN_CHI,1,MIN,CHI,00-0037525,J.Mason,00-0037525,Jordan Mason,RB,2,12.0,6.0,A,5,21.0,0.4,0.5714285714285714,0,0,0
2025_01_MIN_CHI,1,MIN,CHI,00-0033293,A.Jones,00-0033293,Aaron Jones,RB,2,5.0,2.5,A,5,21.0,0.4,0.23809523809523808,0,0,0
2025_01_NYG_WAS,1,NYG,WAS,00-0039384,T.Tracy,00-0039384,Tyrone Tracy Jr.,RB,3,11.0,3.6666666666666665,A,5,17.0,0.6,0.6470588235294118,0,0,0
2025_01_NYG_WAS,1,NYG,WAS,00-0035250,D.Singletary,00-0035250,Devin Singletary,RB,0,0.0,0.0,A,5,17.0,0.0,0.0,0,0,0
2025_01_NYG_WAS,1,NYG,WAS,00-0040715,C.Skattebo,00-0040715,Cam Skattebo,RB,1,-2.0,-2.0,A,5,17.0,0.2,-0.11764705882352941,0,0,0
2025_01_NYG_WAS,1,WAS,NYG,00-0033699,A.Ekeler,00-0033699,Austin Ekeler,RB,4,19.0,4.75,H,7,39.0,0.5714285714285714,0.48717948717948717,1,0,0
2025_01_NYG_WAS,1,WAS,NYG,00-0040242,J.Croskey-Merritt,00-0040242,Jacory Croskey-Merritt,RB,0,0.0,0.0,H,7,39.0,0.0,0.0,0,0,0
2025_01_NYG_WAS,1,WAS,NYG,00-0033955,J.McNichols,00-0033955,Jeremy McNichols,RB,0,0.0,0.0,H,7,39.0,0.0,0.0,0,0,0
2025_01_PIT_NYJ,1,NYJ,PIT,00-0038120,B.Hall,00-0038120,Breece Hall,RB,5,38.0,7.6,H,11,49.0,0.45454545454545453,0.7755102040816326,1,1,1
2025_01_PIT_NYJ,1,NYJ,PIT,00-0039798,I.Davis,00-0039798,Isaiah Davis,RB,1,3.0,3.0,H,11,49.0,0.09090909090909091,0.061224489795918366,0,0,0
2025_01_PIT_NYJ,1,NYJ,PIT,00-0039794,B.Allen,00-0039794,Braelon Allen,RB,3,1.0,0.3333333333333333,H,11,49.0,0.2727272727272727,0.02040816326530612,0,0,0
2025_01_PIT_NYJ,1,PIT,NYJ,00-0036919,K.Gainwell,00-0036919,Kenneth Gainwell,RB,3,13.0,4.333333333333333,A,4,13.0,0.75,1.0,0,0,0
2025_01_PIT_NYJ,1,PIT,NYJ,00-0037228,J.Warren,00-0037228,Jaylen Warren,RB,1,0.0,0.0,A,4,13.0,0.25,0.0,0,0,0
2025_01_PIT_NYJ,1,PIT,NYJ,00-0040142,K.Johnson,00-0040142,Kaleb Johnson,RB,0,0.0,0.0,A,4,13.0,0.0,0.0,0,0,0
2025_01_SF_SEA,1,SEA,SF,00-0039165,Z.Charbonnet,00-0039165,Zach Charbonnet,RB,4,20.0,5.0,H,8,31.0,0.5,0.6451612903225806,1,1,0
2025_01_SF_SEA,1,SEA,SF,00-0038134,K.Walker,00-0038134,Kenneth Walker III,RB,2,8.0,4.0,H,8,31.0,0.25,0.25806451612903225,0,0,0
2025_01_SF_SEA,1,SF,SEA,00-0033280,C.McCaffrey,00-0033280,Christian McCaffrey,RB,4,6.0,1.5,A,7,19.0,0.5714285714285714,0.3157894736842105,0,0,0
2025_01_SF_SEA,1,SF,SEA,00-0037746,B.Robinson,00-0037746,Brian Robinson,RB,1,1.0,1.0,A,7,19.0,0.14285714285714285,0.05263157894736842,0,0,0
2025_01_TB_ATL,1,ATL,TB,00-0037263,T.Allgeier,00-0037263,Tyler Allgeier,RB,3,8.0,2.6666666666666665,H,6,13.0,0.5,0.6153846153846154,0,0,0
2025_01_TB_ATL,1,ATL,TB,00-0038542,B.Robinson,00-0038542,Bijan Robinson,RB,2,5.0,2.5,H,6,13.0,0.3333333333333333,0.38461538461538464,0,0,0
2025_01_TB_ATL,1,TB,ATL,00-0039361,B.Irving,00-0039361,Bucky Irving,RB,5,19.0,3.8,A,6,24.0,0.8333333333333334,0.7916666666666666,1,0,0
2025_01_TB_ATL,1,TB,ATL,00-0038951,S.Tucker,00-0038951,Sean Tucker,RB,0,0.0,0.0,A,6,24.0,0.0,0.0,0,0,0
2025_01_TB_ATL,1,TB,ATL,00-0037256,R.White,00-0037256,Rachaad White,RB,0,0.0,0.0,A,6,24.0,0.0,0.0,0,0,0
2025_01_TEN_DEN,1,DEN,TEN,00-0040730,R.Harvey,00-0040730,RJ Harvey,RB,2,10.0,5.0,H,3,13.0,0.6666666666666666,0.7692307692307693,0,0,0
2025_01_TEN_DEN,1,DEN,TEN,00-0036158,J.Dobbins,00-0036158,J.K. Dobbins,RB,1,3.0,3.0,H,3,13.0,0.3333333333333333,0.23076923076923078,0,0,0
2025_01_TEN_DEN,1,TEN,DEN,00-0035261,T.Pollard,00-0035261,Tony Pollard,RB,5,10.0,2.0,A,5,10.0,1.0,1.0,0,0,0
2025_01_TEN_DEN,1,TEN,DEN,00-0037594,J.Chestnut,00-0037594,Julius Chestnut,RB,0,0.0,0.0,A,5,10.0,0.0,0.0,0,0,0
2025_02_ATL_MIN,2,ATL,MIN,00-0038542,B.Robinson,00-0038542,Bijan Robinson,RB,5,54.0,10.8,A,7,65.0,0.7142857142857143,0.8307692307692308,1,1,1
2025_02_ATL_MIN,2,ATL,MIN,00-0037263,T.Allgeier,00-0037263,Tyler Allgeier,RB,2,11.0,5.5,A,7,65.0,0.2857142857142857,0.16923076923076924,0,0,0
2025_02_ATL_MIN,2,MIN,ATL,00-0033293,A.Jones,00-0033293,Aaron Jones,RB,3,9.0,3.0,H,7,17.0,0.42857142857142855,0.5294117647058824,0,0,0
2025_02_ATL_MIN,2,MIN,ATL,00-0037525,J.Mason,00-0037525,Jordan Mason,RB,2,2.0,1.0,H,7,17.0,0.2857142857142857,0.11764705882352941,0,0,0
2025_02_BUF_NYJ,2,BUF,NYJ,00-0037248,J.Cook,00-0037248,James Cook,RB,7,29.0,4.142857142857143,A,13,79.0,0.5384615384615384,0.3670886075949367,1,1,1
2025_02_BUF_NYJ,2,BUF,NYJ,00-0039875,R.Davis,00-0039875,Ray Davis,RB,2,5.0,2.5,A,13,79.0,0.15384615384615385,0.06329113924050633,0,0,0
2025_02_BUF_NYJ,2,BUF,NYJ,00-0035537,Ty.Johnson,00-0035537,Ty Johnson,RB,1,3.0,3.0,A,13,79.0,0.07692307692307693,0.0379746835443038,0,0,0
2025_02_BUF_NYJ,2,NYJ,BUF,00-0038120,B.Hall,00-0038120,Breece Hall,RB,3,11.0,3.6666666666666665,H,5,2.0,0.6,5.5,0,0,0
2025_02_BUF_NYJ,2,NYJ,BUF,00-0039794,B.Allen,00-0039794,Braelon Allen,RB,0,0.0,0.0,H,5,2.0,0.0,0.0,0,0,0
2025_02_CAR_ARI,2,ARI,CAR,00-0033553,J.Conner,00-0033553,James Conner,RB,2,5.0,2.5,H,4,5.0,0.5,1.0,0,0,0
2025_02_CAR_ARI,2,ARI,CAR,00-0039921,T.Benson,00-0039921,Trey Benson,RB,0,0.0,0.0,H,4,5.0,0.0,0.0,0,0,0
2025_02_CAR_ARI,2,CAR,ARI,00-0036139,R.Dowdle,00-0036139,Rico Dowdle,RB,3,2.0,0.6666666666666666,A,7,5.0,0.42857142857142855,0.4,0,0,0
2025_02_CAR_ARI,2,CAR,ARI,00-0036555,C.Hubbard,00-0036555,Chuba Hubbard,RB,2,0.0,0.0,A,7,5.0,0.2857142857142857,0.0,0,0,0
2025_02_CHI_DET,2,CHI,DET,00-0036275,D.Swift,00-0036275,D'Andre Swift,RB,6,40.0,6.666666666666667,A,6,40.0,1.0,1.0,1,1,1
2025_02_CHI_DET,2,CHI,DET,00-0040236,K.Monangai,00-0040236,Kyle Monangai,RB,0,0.0,0.0,A,6,40.0,0.0,0.0,0,0,0
2025_02_CHI_DET,2,DET,CHI,00-0039139,J.Gibbs,00-0039139,Jahmyr Gibbs,RB,5,22.0,4.4,H,7,26.0,0.7142857142857143,0.8461538461538461,1,1,0
2025_02_CHI_DET,2,DET,CHI,00-0035685,D.Montgomery,00-0035685,David Montgomery,RB,2,4.0,2.0,H,7,26.0,0.2857142857142857,0.15384615384615385,0,0,0
2025_02_CHI_DET,2,DET,CHI,00-0035567,C.Reynolds,00-0035567,Craig Reynolds,RB,0,0.0,0.0,H,7,26.0,0.0,0.0,0,0,0
2025_02_CLE_BAL,2,BAL,CLE,00-0034975,J.Hill,00-0034975,Justice Hill,RB,2,1.0,0.5,H,6,-2.0,0.3333333333333333,-0.5,0,0,0
2025_02_CLE_BAL,2,BAL,CLE,00-0032764,D.Henry,00-0032764,Derrick Henry,RB,3,-5.0,-1.6666666666666667,H,6,-2.0,0.5,2.5,0,0,0
2025_02_CLE_BAL,2,CLE,BAL,00-0040784,Q.Judkins,00-0040784,Quinshon Judkins,RB,2,2.0,1.0,A,2,2.0,1.0,1.0,0,0,0
2025_02_CLE_BAL,2,CLE,BAL,00-0040162,D.Sampson,00-0040162,Dylan Sampson,RB,0,0.0,0.0,A,2,2.0,0.0,0.0,0,0,0
2025_02_CLE_BAL,2,CLE,BAL,00-0037267,J.Ford,00-0037267,Jerome Ford,RB,0,0.0,0.0,A,2,2.0,0.0,0.0,0,0,0
2025_02_DEN_IND,2,DEN,IND,00-0036158,J.Dobbins,00-0036158,J.K. Dobbins,RB,4,32.0,8.0,A,5,35.0,0.8,0.9142857142857143,1,1,1
2025_02_DEN_IND,2,DEN,IND,00-0040730,R.Harvey,00-0040730,RJ Harvey,RB,1,3.0,3.0,A,5,35.0,0.2,0.08571428571428572,0,0,0
2025_02_DEN_IND,2,DEN,IND,00-0037085,T.Badie,00-0037085,Tyler Badie,RB,0,0.0,0.0,A,5,35.0,0.0,0.0,0,0,0
2025_02_DEN_IND,2,IND,DEN,00-0036223,J.Taylor,00-0036223,Jonathan Taylor,RB,6,26.0,4.333333333333333,H,8,23.0,0.75,1.1304347826086956,1,1,1
2025_02_JAX_CIN,2,CIN,JAX,00-0038597,C.Brown,00-0038597,Chase Brown,RB,3,13.0,4.333333333333333,H,3,13.0,1.0,1.0,0,0,0
2025_02_JAX_CIN,2,JAX,CIN,00-0040719,B.Tuten,00-0040719,Bhayshul Tuten,RB,2,12.0,6.0,A,5,21.0,0.4,0.5714285714285714,0,0,0
2025_02_JAX_CIN,2,JAX,CIN,00-0036973,T.Etienne,00-0036973,Travis Etienne,RB,3,9.0,3.0,A,5,21.0,0.6,0.42857142857142855,0,0,0
2025_02_JAX_CIN,2,JAX,CIN,00-0040238,L.Allen,00-0040238,LeQuint Allen Jr.,RB,0,0.0,0.0,A,5,21.0,0.0,0.0,0,0,0
2025_02_LAC_LV,2,LAC,LV,00-0036893,N.Harris,00-0036893,Najee Harris,RB,1,6.0,6.0,A,5,29.0,0.2,0.20689655172413793,0,0,0
2025_02_LAC_LV,2,LAC,LV,00-0040666,O.Hampton,00-0040666,Omarion Hampton,RB,1,-3.0,-3.0,A,5,29.0,0.2,-0.10344827586206896,0,0,0
2025_02_LAC_LV,2,LV,LAC,00-0040122,A.Jeanty,00-0040122,Ashton Jeanty,RB,2,8.0,4.0,H,5,18.0,0.4,0.4444444444444444,0,0,0
2025_02_LAC_LV,2,LV,LAC,00-0038040,Z.White,00-0038040,Zamir White,RB,1,3.0,3.0,H,5,18.0,0.2,0.16666666666666666,0,0,0
2025_02_LA_TEN,2,LA,TEN,00-0037840,K.Williams,00-0037840,Kyren Williams,RB,6,17.0,2.8333333333333335,A,7,62.0,0.8571428571428571,0.27419354838709675,1,0,0
2025_02_LA_TEN,2,LA,TEN,00-0039738,B.Corum,00-0039738,Blake Corum,RB,0,0.0,0.0,A,7,62.0,0.0,0.0,0,0,0
2025_02_LA_TEN,2,TEN,LA,00-0035261,T.Pollard,00-0035261,Tony Pollard,RB,4,10.0,2.5,H,5,12.0,0.8,0.8333333333333334,0,0,0
2025_02_NE_MIA,2,MIA,NE,00-0039040,D.Achane,00-0039040,De'Von Achane,RB,2,5.0,2.5,H,2,5.0,1.0,1.0,0,0,0
2025_02_NE_MIA,2,MIA,NE,00-0040198,O.Gordon,00-0040198,Ollie Gordon II,RB,0,0.0,0.0,H,2,5.0,0.0,0.0,0,0,0
2025_02_NE_MIA,2,NE,MIA,00-0036875,R.Stevenson,00-0036875,Rhamondre Stevenson,RB,5,23.0,4.6,A,12,57.0,0.4166666666666667,0.40350877192982454,1,1,0
2025_02_NE_MIA,2,NE,MIA,00-0040734,T.Henderson,00-0040734,TreVeyon Henderson,RB,2,8.0,4.0,A,12,57.0,0.16666666666666666,0.14035087719298245,0,0,0
2025_02_NE_MIA,2,NE,MIA,00-0036328,A.Gibson,00-0036328,Antonio Gibson,RB,3,7.0,2.3333333333333335,A,12,57.0,0.25,0.12280701754385964,0,0,0
2025_02_NYG_DAL,2,DAL,NYG,00-0036997,J.Williams,00-0036997,Javonte Williams,RB,2,5.0,2.5,H,2,5.0,1.0,1.0,0,0,0
2025_02_NYG_DAL,2,DAL,NYG,00-0035243,M.Sanders,00-0035243,Miles Sanders,RB,0,0.0,0.0,H,2,5.0,0.0,0.0,0,0,0
2025_02_NYG_DAL,2,NYG,DAL,00-0039384,T.Tracy,00-0039384,Tyrone Tracy Jr.,RB,3,11.0,3.6666666666666665,A,7,22.0,0.42857142857142855,0.5,0,0,0
2025_02_NYG_DAL,2,NYG,DAL,00-0040715,C.Skattebo,00-0040715,Cam Skattebo,RB,2,5.0,2.5,A,7,22.0,0.2857142857142857,0.22727272727272727,0,0,0
2025_02_NYG_DAL,2,NYG,DAL,00-0035250,D.Singletary,00-0035250,Devin Singletary,RB,1,4.0,4.0,A,7,22.0,0.14285714285714285,0.18181818181818182,0,0,0
2025_02_PHI_KC,2,KC,PHI,00-0033923,K.Hunt,00-0033923,Kareem Hunt,RB,2,9.0,4.5,H,7,36.0,0.2857142857142857,0.25,0,0,0
2025_02_PHI_KC,2,KC,PHI,00-0037197,I.Pacheco,00-0037197,Isiah Pacheco,RB,3,8.0,2.6666666666666665,H,7,36.0,0.42857142857142855,0.2222222222222222,0,0,0
2025_02_PHI_KC,2,KC,PHI,00-0040078,B.Smith,00-0040078,Brashard Smith,RB,0,0.0,0.0,H,7,36.0,0.0,0.0,0,0,0
2025_02_PHI_KC,2,PHI,KC,00-0034844,S.Barkley,00-0034844,Saquon Barkley,RB,4,19.0,4.75,A,7,32.0,0.5714285714285714,0.59375,1,0,0
2025_02_PHI_KC,2,PHI,KC,00-0036265,A.Dillon,00-0036265,AJ Dillon,RB,2,11.0,5.5,A,7,32.0,0.2857142857142857,0.34375,0,0,0
2025_02_SEA_PIT,2,PIT,SEA,00-0037228,J.Warren,00-0037228,Jaylen Warren,RB,5,27.0,5.4,H,8,29.0,0.625,0.9310344827586207,1,1,1
2025_02_SEA_PIT,2,PIT,SEA,00-0036919,K.Gainwell,00-0036919,Kenneth Gainwell,RB,2,1.0,0.5,H,8,29.0,0.25,0.034482758620689655,0,0,0
2025_02_SEA_PIT,2,PIT,SEA,00-0040142,K.Johnson,00-0040142,Kaleb Johnson,RB,1,1.0,1.0,H,8,29.0,0.125,0.034482758620689655,0,0,0
2025_02_SEA_PIT,2,SEA,PIT,00-0038134,K.Walker,00-0038134,Kenneth Walker III,RB,3,14.0,4.666666666666667,A,6,14.0,0.5,1.0,0,0,0
2025_02_SEA_PIT,2,SEA,PIT,00-0039165,Z.Charbonnet,00-0039165,Zach Charbonnet,RB,3,0.0,0.0,A,6,14.0,0.5,0.0,0,0,0
2025_02_SF_NO,2,NO,SF,00-0033906,A.Kamara,00-0033906,Alvin Kamara,RB,4,28.0,7.0,H,5,30.0,0.8,0.9333333333333333,1,1,1
2025_02_SF_NO,2,NO,SF,00-0038551,K.Miller,00-0038551,Kendre Miller,RB,1,2.0,2.0,H,5,30.0,0.2,0.06666666666666667,0,0,0
2025_02_SF_NO,2,SF,NO,00-0033280,C.McCaffrey,00-0033280,Christian McCaffrey,RB,7,39.0,5.571428571428571,A,10,51.0,0.7,0.7647058823529411,1,1,1
2025_02_SF_NO,2,SF,NO,00-0037746,B.Robinson,00-0037746,Brian Robinson,RB,1,3.0,3.0,A,10,51.0,0.1,0.058823529411764705,0,0,0
2025_02_TB_HOU,2,HOU,TB,00-0034791,N.Chubb,00-0034791,Nick Chubb,RB,3,7.0,2.3333333333333335,H,5,13.0,0.6,0.5384615384615384,0,0,0
2025_02_TB_HOU,2,HOU,TB,00-0040583,W.Marks,00-0040583,Woody Marks,RB,1,4.0,4.0,H,5,13.0,0.2,0.3076923076923077,0,0,0
2025_02_TB_HOU,2,TB,HOU,00-0039361,B.Irving,00-0039361,Bucky Irving,RB,4,23.0,5.75,A,5,27.0,0.8,0.8518518518518519,1,1,0
2025_02_TB_HOU,2,TB,HOU,00-0037256,R.White,00-0037256,Rachaad White,RB,1,4.0,4.0,A,5,27.0,0.2,0.14814814814814814,0,0,0
2025_02_WAS_GB,2,GB,WAS,00-0035700,J.Jacobs,00-0035700,Josh Jacobs,RB,5,13.0,2.6,H,7,33.0,0.7142857142857143,0.3939393939393939,0,0,0
2025_02_WAS_GB,2,WAS,GB,00-0033699,A.Ekeler,00-0033699,Austin Ekeler,RB,2,3.0,1.5,A,2,3.0,1.0,1.0,0,0,0
2025_02_WAS_GB,2,WAS,GB,00-0040242,J.Croskey-Merritt,00-0040242,Jacory Croskey-Merritt,RB,0,0.0,0.0,A,2,3.0,0.0,0.0,0,0,0
2025_03_ARI_SF,3,ARI,SF,00-0033553,J.Conner,00-0033553,James Conner,RB,6,12.0,2.0,A,9,28.0,0.6666666666666666,0.42857142857142855,0,0,0
2025_03_ARI_SF,3,ARI,SF,00-0039921,T.Benson,00-0039921,Trey Benson,RB,1,1.0,1.0,A,9,28.0,0.1111111111111111,0.03571428571428571,0,0,0
2025_03_ARI_SF,3,ARI,SF,00-0038705,E.Demercado,00-0038705,Emari Demercado,RB,0,0.0,0.0,A,9,28.0,0.0,0.0,0,0,0
2025_03_ARI_SF,3,SF,ARI,00-0033280,C.McCaffrey,00-0033280,Christian McCaffrey,RB,2,1.0,0.5,H,2,1.0,1.0,1.0,0,0,0
2025_03_ARI_SF,3,SF,ARI,00-0037746,B.Robinson,00-0037746,Brian Robinson,RB,0,0.0,0.0,H,2,1.0,0.0,0.0,0,0,0
2025_03_ATL_CAR,3,ATL,CAR,00-0038542,B.Robinson,00-0038542,Bijan Robinson,RB,5,16.0,3.2,A,6,20.0,0.8333333333333334,0.8,1,0,0
2025_03_ATL_CAR,3,ATL,CAR,00-0037263,T.Allgeier,00-0037263,Tyler Allgeier,RB,1,4.0,4.0,A,6,20.0,0.16666666666666666,0.2,0,0,0
2025_03_ATL_CAR,3,ATL,CAR,00-0040547,N.Carter,00-0040547,Nate Carter,RB,0,0.0,0.0,A,6,20.0,0.0,0.0,0,0,0
2025_03_ATL_CAR,3,CAR,ATL,00-0036555,C.Hubbard,00-0036555,Chuba Hubbard,RB,3,20.0,6.666666666666667,H,5,28.0,0.6,0.7142857142857143,1,1,0
2025_03_ATL_CAR,3,CAR,ATL,00-0036139,R.Dowdle,00-0036139,Rico Dowdle,RB,0,0.0,0.0,H,5,28.0,0.0,0.0,0,0,0
2025_03_CIN_MIN,3,CIN,MIN,00-0033526,S.Perine,00-0033526,Samaje Perine,RB,1,12.0,12.0,A,8,24.0,0.125,0.5,0,0,0
2025_03_CIN_MIN,3,CIN,MIN,00-0038597,C.Brown,00-0038597,Chase Brown,RB,5,0.0,0.0,A,8,24.0,0.625,0.0,0,0,0
2025_03_CIN_MIN,3,CIN,MIN,00-0040208,T.Brooks,00-0040208,Tahj Brooks,RB,0,0.0,0.0,A,8,24.0,0.0,0.0,0,0,0
2025_03_CIN_MIN,3,MIN,CIN,00-0037525,J.Mason,00-0037525,Jordan Mason,RB,4,21.0,5.25,H,5,22.0,0.8,0.9545454545454546,1,1,0
2025_03_CIN_MIN,3,MIN,CIN,00-0038440,Z.Scott,00-0038440,Zavier Scott,RB,0,0.0,0.0,H,5,22.0,0.0,0.0,0,0,0
2025_03_CIN_MIN,3,MIN,CIN,00-0036414,C.Akers,00-0036414,Cam Akers,RB,0,0.0,0.0,H,5,22.0,0.0,0.0,0,0,0
2025_03_DAL_CHI,3,CHI,DAL,00-0040236,K.Monangai,00-0040236,Kyle Monangai,RB,0,0.0,0.0,H,2,-1.0,0.0,-0.0,0,0,0
2025_03_DAL_CHI,3,CHI,DAL,00-0036275,D.Swift,00-0036275,D'Andre Swift,RB,2,-1.0,-0.5,H,2,-1.0,1.0,1.0,0,0,0
2025_03_DAL_CHI,3,DAL,CHI,00-0036997,J.Williams,00-0036997,Javonte Williams,RB,7,60.0,8.571428571428571,A,9,66.0,0.7777777777777778,0.9090909090909091,1,1,1
2025_03_DAL_CHI,3,DAL,CHI,00-0035243,M.Sanders,00-0035243,Miles Sanders,RB,2,6.0,3.0,A,9,66.0,0.2222222222222222,0.09090909090909091,0,0,0
2025_03_DEN_LAC,3,DEN,LAC,00-0040730,R.Harvey,00-0040730,RJ Harvey,RB,1,4.0,4.0,A,3,2.0,0.3333333333333333,2.0,0,0,0
2025_03_DEN_LAC,3,DEN,LAC,00-0036158,J.Dobbins,00-0036158,J.K. Dobbins,RB,2,-2.0,-1.0,A,3,2.0,0.6666666666666666,-1.0,0,0,0
2025_03_DEN_LAC,3,LAC,DEN,00-0036893,N.Harris,00-0036893,Najee Harris,RB,3,13.0,4.333333333333333,H,7,27.0,0.42857142857142855,0.48148148148148145,0,0,0
2025_03_DEN_LAC,3,LAC,DEN,00-0040666,O.Hampton,00-0040666,Omarion Hampton,RB,3,10.0,3.3333333333333335,H,7,27.0,0.42857142857142855,0.37037037037037035,0,0,0
2025_03_DET_BAL,3,BAL,DET,00-0032764,D.Henry,00-0032764,Derrick Henry,RB,4,36.0,9.0,H,5,48.0,0.8,0.75,1,1,1
2025_03_DET_BAL,3,DET,BAL,00-0039139,J.Gibbs,00-0039139,Jahmyr Gibbs,RB,7,12.0,1.7142857142857142,A,10,15.0,0.7,0.8,0,0,0
2025_03_DET_BAL,3,DET,BAL,00-0035685,D.Montgomery,00-0035685,David Montgomery,RB,2,3.0,1.5,A,10,15.0,0.2,0.2,0,0,0
2025_03_GB_CLE,3,CLE,GB,00-0040784,Q.Judkins,00-0040784,Quinshon Judkins,RB,4,15.0,3.75,H,5,17.0,0.8,0.8823529411764706,1,0,0
2025_03_GB_CLE,3,CLE,GB,00-0040162,D.Sampson,00-0040162,Dylan Sampson,RB,1,2.0,2.0,H,5,17.0,0.2,0.11764705882352941,0,0,0
2025_03_GB_CLE,3,GB,CLE,00-0035700,J.Jacobs,00-0035700,Josh Jacobs,RB,6,21.0,3.5,A,7,23.0,0.8571428571428571,0.9130434782608695,1,1,0
2025_03_GB_CLE,3,GB,CLE,00-0038797,E.Wilson,00-0038797,Emanuel Wilson,RB,0,0.0,0.0,A,7,23.0,0.0,0.0,0,0,0
2025_03_HOU_JAX,3,HOU,JAX,00-0034791,N.Chubb,00-0034791,Nick Chubb,RB,3,15.0,5.0,A,5,29.0,0.6,0.5172413793103449,1,0,0
2025_03_HOU_JAX,3,HOU,JAX,00-0040583,W.Marks,00-0040583,Woody Marks,RB,1,8.0,8.0,A,5,29.0,0.2,0.27586206896551724,0,0,0
2025_03_HOU_JAX,3,JAX,HOU,00-0036973,T.Etienne,00-0036973,Travis Etienne,RB,3,3.0,1.0,H,4,4.0,0.75,0.75,0,0,0
2025_03_HOU_JAX,3,JAX,HOU,00-0040719,B.Tuten,00-0040719,Bhayshul Tuten,RB,1,1.0,1.0,H,4,4.0,0.25,0.25,0,0,0
2025_03_IND_TEN,3,IND,TEN,00-0036223,J.Taylor,00-0036223,Jonathan Taylor,RB,5,8.0,1.6,A,7,31.0,0.7142857142857143,0.25806451612903225,0,0,0
2025_03_IND_TEN,3,IND,TEN,00-0037120,T.Goodson,00-0037120,Tyler Goodson,RB,0,0.0,0.0,A,7,31.0,0.0,0.0,0,0,0
2025_03_IND_TEN,3,IND,TEN,00-0040179,D.Giddens,00-0040179,DJ Giddens,RB,0,0.0,0.0,A,7,31.0,0.0,0.0,0,0,0
2025_03_IND_TEN,3,TEN,IND,00-0035261,T.Pollard,00-0035261,Tony Pollard,RB,3,1.0,0.3333333333333333,H,3,1.0,1.0,1.0,0,0,0
2025_03_IND_TEN,3,TEN,IND,00-0037594,J.Chestnut,00-0037594,Julius Chestnut,RB,0,0.0,0.0,H,3,1.0,0.0,0.0,0,0,0
2025_03_KC_NYG,3,KC,NYG,00-0033923,K.Hunt,00-0033923,Kareem Hunt,RB,3,9.0,3.0,A,4,13.0,0.75,0.6923076923076923,0,0,0
2025_03_KC_NYG,3,KC,NYG,00-0037197,I.Pacheco,00-0037197,Isiah Pacheco,RB,0,0.0,0.0,A,4,13.0,0.0,0.0,0,0,0
2025_03_KC_NYG,3,KC,NYG,00-0040078,B.Smith,00-0040078,Brashard Smith,RB,0,0.0,0.0,A,4,13.0,0.0,0.0,0,0,0
2025_03_KC_NYG,3,NYG,KC,00-0039384,T.Tracy,00-0039384,Tyrone Tracy Jr.,RB,7,29.0,4.142857142857143,H,9,39.0,0.7777777777777778,0.7435897435897436,1,1,1
2025_03_KC_NYG,3,NYG,KC,00-0040715,C.Skattebo,00-0040715,Cam Skattebo,RB,2,10.0,5.0,H,9,39.0,0.2222222222222222,0.2564102564102564,0,0,0
2025_03_KC_NYG,3,NYG,KC,00-0035250,D.Singletary,00-0035250,Devin Singletary,RB,0,0.0,0.0,H,9,39.0,0.0,0.0,0,0,0
2025_03_LA_PHI,3,LA,PHI,00-0037840,K.Williams,00-0037840,Kyren Williams,RB,4,27.0,6.75,A,6,37.0,0.6666666666666666,0.7297297297297297,1,1,1
2025_03_LA_PHI,3,LA,PHI,00-0039738,B.Corum,00-0039738,Blake Corum,RB,2,10.0,5.0,A,6,37.0,0.3333333333333333,0.2702702702702703,0,0,0
2025_03_LA_PHI,3,PHI,LA,00-0034844,S.Barkley,00-0034844,Saquon Barkley,RB,4,4.0,1.0,H,8,26.0,0.5,0.15384615384615385,0,0,0
2025_03_LV_WAS,3,LV,WAS,00-0040122,A.Jeanty,00-0040122,Ashton Jeanty,RB,4,2.0,0.5,A,4,2.0,1.0,1.0,0,0,0
2025_03_LV_WAS,3,LV,WAS,00-0039407,D.Laube,00-0039407,Dylan Laube,RB,0,0.0,0.0,A,4,2.0,0.0,0.0,0,0,0
2025_03_LV_WAS,3,LV,WAS,00-0038040,Z.White,00-0038040,Zamir White,RB,0,0.0,0.0,A,4,2.0,0.0,0.0,0,0,0
2025_03_LV_WAS,3,WAS,LV,00-0038611,C.Rodriguez,00-0038611,Chris Rodriguez Jr.,RB,5,29.0,5.8,H,10,80.0,0.5,0.3625,1,1,1
2025_03_LV_WAS,3,WAS,LV,00-0040242,J.Croskey-Merritt,00-0040242,Jacory Croskey-Merritt,RB,0,0.0,0.0,H,10,80.0,0.0,0.0,0,0,0
2025_03_LV_WAS,3,WAS,LV,00-0033955,J.McNichols,00-0033955,Jeremy McNichols,RB,0,0.0,0.0,H,10,80.0,0.0,0.0,0,0,0
2025_03_MIA_BUF,3,BUF,MIA,00-0037248,J.Cook,00-0037248,James Cook,RB,4,39.0,9.75,H,7,56.0,0.5714285714285714,0.6964285714285714,1,1,1
2025_03_MIA_BUF,3,BUF,MIA,00-0035537,Ty.Johnson,00-0035537,Ty Johnson,RB,2,6.0,3.0,H,7,56.0,0.2857142857142857,0.10714285714285714,0,0,0
2025_03_MIA_BUF,3,MIA,BUF,00-0039040,D.Achane,00-0039040,De'Von Achane,RB,3,17.0,5.666666666666667,A,8,30.0,0.375,0.5666666666666667,1,0,0
2025_03_MIA_BUF,3,MIA,BUF,00-0040198,O.Gordon,00-0040198,Ollie Gordon II,RB,4,11.0,2.75,A,8,30.0,0.5,0.36666666666666664,0,0,0
2025_03_NO_SEA,3,NO,SEA,00-0033906,A.Kamara,00-0033906,Alvin Kamara,RB,9,23.0,2.5555555555555554,A,9,23.0,1.0,1.0,1,1,0
2025_03_NO_SEA,3,NO,SEA,00-0038551,K.Miller,00-0038551,Kendre Miller,RB,0,0.0,0.0,A,9,23.0,0.0,0.0,0,0,0
2025_03_NO_SEA,3,SEA,NO,00-0038134,K.Walker,00-0038134,Kenneth Walker III,RB,4,5.0,1.25,H,4,5.0,1.0,1.0,0,0,0
2025_03_NO_SEA,3,SEA,NO,00-0039299,G.Holani,00-0039299,George Holani,RB,0,0.0,0.0,H,4,5.0,0.0,0.0,0,0,0
2025_03_NO_SEA,3,SEA,NO,00-0040067,J.Wright,00-0040067,Jacardia Wright,RB,0,0.0,0.0,H,4,5.0,0.0,0.0,0,0,0
2025_03_NYJ_TB,3,NYJ,TB,00-0038120,B.Hall,00-0038120,Breece Hall,RB,4,19.0,4.75,A,7,31.0,0.5714285714285714,0.6129032258064516,1,0,0
2025_03_NYJ_TB,3,NYJ,TB,00-0039794,B.Allen,00-0039794,Braelon Allen,RB,1,4.0,4.0,A,7,31.0,0.14285714285714285,0.12903225806451613,0,0,0
2025_03_NYJ_TB,3,TB,NYJ,00-0039361,B.Irving,00-0039361,Bucky Irving,RB,5,16.0,3.2,H,6,20.0,0.8333333333333334,0.8,1,0,0
2025_03_NYJ_TB,3,TB,NYJ,00-0037256,R.White,00-0037256,Rachaad White,RB,1,4.0,4.0,H,6,20.0,0.16666666666666666,0.2,0,0,0
2025_03_PIT_NE,3,NE,PIT,00-0036875,R.Stevenson,00-0036875,Rhamondre Stevenson,RB,2,7.0,3.5,H,4,13.0,0.5,0.5384615384615384,0,0,0
2025_03_PIT_NE,3,NE,PIT,00-0040734,T.Henderson,00-0040734,TreVeyon Henderson,RB,1,3.0,3.0,H,4,13.0,0.25,0.23076923076923078,0,0,0
2025_03_PIT_NE,3,NE,PIT,00-0036328,A.Gibson,00-0036328,Antonio Gibson,RB,1,3.0,3.0,H,4,13.0,0.25,0.23076923076923078,0,0,0
2025_03_PIT_NE,3,PIT,NE,00-0037228,J.Warren,00-0037228,Jaylen Warren,RB,7,30.0,4.285714285714286,A,10,48.0,0.7,0.625,1,1,1
2025_03_PIT_NE,3,PIT,NE,00-0036919,K.Gainwell,00-0036919,Kenneth Gainwell,RB,3,18.0,6.0,A,10,48.0,0.3,0.375,1,0,0
2025_04_BAL_KC,4,BAL,KC,00-0032764,D.Henry,00-0032764,Derrick Henry,RB,3,20.0,6.666666666666667,A,6,36.0,0.5,0.5555555555555556,1,1,0
2025_04_BAL_KC,4,BAL,KC,00-0034975,J.Hill,00-0034975,Justice Hill,RB,1,4.0,4.0,A,6,36.0,0.16666666666666666,0.1111111111111111,0,0,0
2025_04_BAL_KC,4,KC,BAL,00-0037197,I.Pacheco,00-0037197,Isiah Pacheco,RB,2,5.0,2.5,H,3,7.0,0.6666666666666666,0.7142857142857143,0,0,0
2025_04_BAL_KC,4,KC,BAL,00-0033923,K.Hunt,00-0033923,Kareem Hunt,RB,0,0.0,0.0,H,3,7.0,0.0,0.0,0,0,0
2025_04_BAL_KC,4,KC,BAL,00-0040078,B.Smith,00-0040078,Brashard Smith,RB,0,0.0,0.0,H,3,7.0,0.0,0.0,0,0,0
2025_04_CAR_NE,4,CAR,NE,00-0036555,C.Hubbard,00-0036555,Chuba Hubbard,RB,3,16.0,5.333333333333333,A,8,39.0,0.375,0.41025641025641024,1,0,0
2025_04_CAR_NE,4,CAR,NE,00-0036139,R.Dowdle,00-0036139,Rico Dowdle,RB,4,11.0,2.75,A,8,39.0,0.5,0.28205128205128205,0,0,0
2025_04_CAR_NE,4,CAR,NE,00-0040644,T.Etienne,00-0040644,Trevor Etienne,RB,0,0.0,0.0,A,8,39.0,0.0,0.0,0,0,0
2025_04_CAR_NE,4,NE,CAR,00-0036875,R.Stevenson,00-0036875,Rhamondre Stevenson,RB,3,25.0,8.333333333333334,H,5,52.0,0.6,0.4807692307692308,1,1,1
2025_04_CAR_NE,4,NE,CAR,00-0036328,A.Gibson,00-0036328,Antonio Gibson,RB,1,21.0,21.0,H,5,52.0,0.2,0.40384615384615385,1,1,0
2025_04_CAR_NE,4,NE,CAR,00-0040734,T.Henderson,00-0040734,TreVeyon Henderson,RB,1,6.0,6.0,H,5,52.0,0.2,0.11538461538461539,0,0,0
2025_04_CHI_LV,4,CHI,LV,00-0040236,K.Monangai,00-0040236,Kyle Monangai,RB,1,1.0,1.0,A,5,-1.0,0.2,-1.0,0,0,0
2025_04_CHI_LV,4,CHI,LV,00-0036275,D.Swift,00-0036275,D'Andre Swift,RB,2,-2.0,-1.0,A,5,-1.0,0.4,2.0,0,0,0
2025_04_CHI_LV,4,LV,CHI,00-0040122,A.Jeanty,00-0040122,Ashton Jeanty,RB,6,24.0,4.0,H,10,58.0,0.6,0.41379310344827586,1,1,0
2025_04_CHI_LV,4,LV,CHI,00-0031687,R.Mostert,00-0031687,Raheem Mostert,RB,0,0.0,0.0,H,10,58.0,0.0,0.0,0,0,0
2025_04_CIN_DEN,4,CIN,DEN,00-0038597,C.Brown,00-0038597,Chase Brown,RB,6,21.0,3.5,A,7,23.0,0.8571428571428571,0.9130434782608695,1,1,0
2025_04_CIN_DEN,4,CIN,DEN,00-0033526,S.Perine,00-0033526,Samaje Perine,RB,0,0.0,0.0,A,7,23.0,0.0,0.0,0,0,0
2025_04_CIN_DEN,4,DEN,CIN,00-0036158,J.Dobbins,00-0036158,J.K. Dobbins,RB,2,8.0,4.0,H,7,29.0,0.2857142857142857,0.27586206896551724,0,0,0
2025_04_CIN_DEN,4,DEN,CIN,00-0040730,R.Harvey,00-0040730,RJ Harvey,RB,2,8.0,4.0,H,7,29.0,0.2857142857142857,0.27586206896551724,0,0,0
2025_04_CIN_DEN,4,DEN,CIN,00-0036727,A.Prentice,00-0036727,Adam Prentice,RB,1,4.0,4.0,H,7,29.0,0.14285714285714285,0.13793103448275862,0,0,0
2025_04_CLE_DET,4,CLE,DET,00-0040784,Q.Judkins,00-0040784,Quinshon Judkins,RB,6,17.0,2.8333333333333335,A,9,18.0,0.6666666666666666,0.9444444444444444,1,0,0
2025_04_CLE_DET,4,CLE,DET,00-0040162,D.Sampson,00-0040162,Dylan Sampson,RB,0,0.0,0.0,A,9,18.0,0.0,0.0,0,0,0
2025_04_CLE_DET,4,CLE,DET,00-0037267,J.Ford,00-0037267,Jerome Ford,RB,0,0.0,0.0,A,9,18.0,0.0,0.0,0,0,0
2025_04_CLE_DET,4,DET,CLE,00-0039139,J.Gibbs,00-0039139,Jahmyr Gibbs,RB,3,19.0,6.333333333333333,H,5,20.0,0.6,0.95,1,0,0
2025_04_CLE_DET,4,DET,CLE,00-0035685,D.Montgomery,00-0035685,David Montgomery,RB,2,1.0,0.5,H,5,20.0,0.4,0.05,0,0,0
2025_04_CLE_DET,4,DET,CLE,00-0038896,J.Saylors,00-0038896,Jacob Saylors,RB,0,0.0,0.0,H,5,20.0,0.0,0.0,0,0,0
2025_04_GB_DAL,4,DAL,GB,00-0036997,J.Williams,00-0036997,Javonte Williams,RB,4,11.0,2.75,H,4,11.0,1.0,1.0,0,0,0
2025_04_GB_DAL,4,DAL,GB,00-0035243,M.Sanders,00-0035243,Miles Sanders,RB,0,0.0,0.0,H,4,11.0,0.0,0.0,0,0,0
2025_04_GB_DAL,4,DAL,GB,00-0038738,H.Luepke,00-0038738,Hunter Luepke,RB,0,0.0,0.0,H,4,11.0,0.0,0.0,0,0,0
2025_04_GB_DAL,4,GB,DAL,00-0035700,J.Jacobs,00-0035700,Josh Jacobs,RB,5,8.0,1.6,A,7,18.0,0.7142857142857143,0.4444444444444444,0,0,0
2025_04_GB_DAL,4,GB,DAL,00-0038797,E.Wilson,00-0038797,Emanuel Wilson,RB,1,5.0,5.0,A,7,18.0,0.14285714285714285,0.2777777777777778,0,0,0
2025_04_IND_LA,4,IND,LA,00-0036223,J.Taylor,00-0036223,Jonathan Taylor,RB,2,6.0,3.0,A,2,6.0,1.0,1.0,0,0,0
2025_04_IND_LA,4,LA,IND,00-0037840,K.Williams,00-0037840,Kyren Williams,RB,5,40.0,8.0,H,8,42.0,0.625,0.9523809523809523,1,1,1
2025_04_IND_LA,4,LA,IND,00-0039738,B.Corum,00-0039738,Blake Corum,RB,2,2.0,1.0,H,8,42.0,0.25,0.047619047619047616,0,0,0
2025_04_JAX_SF,4,JAX,SF,00-0036973,T.Etienne,00-0036973,Travis Etienne,RB,4,21.0,5.25,A,8,28.0,0.5,0.75,1,1,0
2025_04_JAX_SF,4,JAX,SF,00-0040719,B.Tuten,00-0040719,Bhayshul Tuten,RB,1,3.0,3.0,A,8,28.0,0.125,0.10714285714285714,0,0,0
2025_04_JAX_SF,4,SF,JAX,00-0033280,C.McCaffrey,00-0033280,Christian McCaffrey,RB,6,20.0,3.3333333333333335,H,8,29.0,0.75,0.6896551724137931,1,1,0
2025_04_JAX_SF,4,SF,JAX,00-0037746,B.Robinson,00-0037746,Brian Robinson,RB,1,7.0,7.0,H,8,29.0,0.125,0.2413793103448276,0,0,0
2025_04_LAC_NYG,4,LAC,NYG,00-0040666,O.Hampton,00-0040666,Omarion Hampton,RB,2,3.0,1.5,A,3,27.0,0.6666666666666666,0.1111111111111111,0,0,0
2025_04_LAC_NYG,4,NYG,LAC,00-0040715,C.Skattebo,00-0040715,Cam Skattebo,RB,4,27.0,6.75,H,10,60.0,0.4,0.45,1,1,1
2025_04_LAC_NYG,4,NYG,LAC,00-0035250,D.Singletary,00-0035250,Devin Singletary,RB,2,4.0,2.0,H,10,60.0,0.2,0.06666666666666667,0,0,0
2025_04_MIN_PIT,4,MIN,PIT,00-0037525,J.Mason,00-0037525,Jordan Mason,RB,5,21.0,4.2,A,5,21.0,1.0,1.0,1,1,0
2025_04_MIN_PIT,4,MIN,PIT,00-0038440,Z.Scott,00-0038440,Zavier Scott,RB,0,0.0,0.0,A,5,21.0,0.0,0.0,0,0,0
2025_04_MIN_PIT,4,PIT,MIN,00-0036919,K.Gainwell,00-0036919,Kenneth Gainwell,RB,2,10.0,5.0,H,3,12.0,0.6666666666666666,0.8333333333333334,0,0,0
2025_04_MIN_PIT,4,PIT,MIN,00-0040142,K.Johnson,00-0040142,Kaleb Johnson,RB,1,2.0,2.0,H,3,12.0,0.3333333333333333,0.16666666666666666,0,0,0
2025_04_NO_BUF,4,BUF,NO,00-0037248,J.Cook,00-0037248,James Cook,RB,8,41.0,5.125,H,9,42.0,0.8888888888888888,0.9761904761904762,1,1,1
2025_04_NO_BUF,4,BUF,NO,00-0039875,R.Davis,00-0039875,Ray Davis,RB,0,0.0,0.0,H,9,42.0,0.0,0.0,0,0,0
2025_04_NO_BUF,4,BUF,NO,00-0035537,Ty.Johnson,00-0035537,Ty Johnson,RB,0,0.0,0.0,H,9,42.0,0.0,0.0,0,0,0
2025_04_NO_BUF,4,NO,BUF,00-0033906,A.Kamara,00-0033906,Alvin Kamara,RB,5,27.0,5.4,A,9,71.0,0.5555555555555556,0.38028169014084506,1,1,1
2025_04_NO_BUF,4,NO,BUF,00-0038551,K.Miller,00-0038551,Kendre Miller,RB,2,20.0,10.0,A,9,71.0,0.2222222222222222,0.28169014084507044,1,1,0
2025_04_NYJ_MIA,4,MIA,NYJ,00-0039040,D.Achane,00-0039040,De'Von Achane,RB,6,26.0,4.333333333333333,H,7,27.0,0.8571428571428571,0.9629629629629629,1,1,1
2025_04_NYJ_MIA,4,MIA,NYJ,00-0040198,O.Gordon,00-0040198,Ollie Gordon II,RB,1,1.0,1.0,H,7,27.0,0.14285714285714285,0.037037037037037035,0,0,0
2025_04_NYJ_MIA,4,NYJ,MIA,00-0039794,B.Allen,00-0039794,Braelon Allen,RB,4,26.0,6.5,A,11,76.0,0.36363636363636365,0.34210526315789475,1,1,1
2025_04_NYJ_MIA,4,NYJ,MIA,00-0038120,B.Hall,00-0038120,Breece Hall,RB,3,15.0,5.0,A,11,76.0,0.2727272727272727,0.19736842105263158,1,0,0
2025_04_NYJ_MIA,4,NYJ,MIA,00-0039798,I.Davis,00-0039798,Isaiah Davis,RB,1,6.0,6.0,A,11,76.0,0.09090909090909091,0.07894736842105263,0,0,0
2025_04_PHI_TB,4,PHI,TB,00-0036265,A.Dillon,00-0036265,AJ Dillon,RB,1,11.0,11.0,A,2,40.0,0.5,0.275,0,0,0
2025_04_PHI_TB,4,PHI,TB,00-0034844,S.Barkley,00-0034844,Saquon Barkley,RB,0,0.0,0.0,A,2,40.0,0.0,0.0,0,0,0
2025_04_PHI_TB,4,TB,PHI,00-0039361,B.Irving,00-0039361,Bucky Irving,RB,7,29.0,4.142857142857143,H,8,34.0,0.875,0.8529411764705882,1,1,1
2025_04_PHI_TB,4,TB,PHI,00-0037256,R.White,00-0037256,Rachaad White,RB,1,5.0,5.0,H,8,34.0,0.125,0.14705882352941177,0,0,0
2025_04_SEA_ARI,4,ARI,SEA,00-0039921,T.Benson,00-0039921,Trey Benson,RB,3,15.0,5.0,H,5,22.0,0.6,0.6818181818181818,1,0,0
2025_04_SEA_ARI,4,ARI,SEA,00-0036924,M.Carter,00-0036924,Michael Carter,RB,0,0.0,0.0,H,5,22.0,0.0,0.0,0,0,0
2025_04_SEA_ARI,4,ARI,SEA,00-0038705,E.Demercado,00-0038705,Emari Demercado,RB,0,0.0,0.0,H,5,22.0,0.0,0.0,0,0,0
2025_04_SEA_ARI,4,SEA,ARI,00-0038134,K.Walker,00-0038134,Kenneth Walker III,RB,5,35.0,7.0,A,7,37.0,0.7142857142857143,0.9459459459459459,1,1,1
2025_04_SEA_ARI,4,SEA,ARI,00-0039165,Z.Charbonnet,00-0039165,Zach Charbonnet,RB,1,0.0,0.0,A,7,37.0,0.14285714285714285,0.0,0,0,0
2025_04_TEN_HOU,4,HOU,TEN,00-0040583,W.Marks,00-0040583,Woody Marks,RB,5,29.0,5.8,H,10,44.0,0.5,0.6590909090909091,1,1,1
2025_04_TEN_HOU,4,HOU,TEN,00-0034791,N.Chubb,00-0034791,Nick Chubb,RB,3,9.0,3.0,H,10,44.0,0.3,0.20454545454545456,0,0,0
2025_04_TEN_HOU,4,TEN,HOU,00-0035261,T.Pollard,00-0035261,Tony Pollard,RB,3,12.0,4.0,A,3,12.0,1.0,1.0,0,0,0
2025_04_TEN_HOU,4,TEN,HOU,00-0037594,J.Chestnut,00-0037594,Julius Chestnut,RB,0,0.0,0.0,A,3,12.0,0.0,0.0,0,0,0
2025_04_WAS_ATL,4,ATL,WAS,00-0038542,B.Robinson,00-0038542,Bijan Robinson,RB,9,39.0,4.333333333333333,H,13,50.0,0.6923076923076923,0.78,1,1,1
2025_04_WAS_ATL,4,ATL,WAS,00-0037263,T.Allgeier,00-0037263,Tyler Allgeier,RB,4,11.0,2.75,H,13,50.0,0.3076923076923077,0.22,0,0,0
2025_04_WAS_ATL,4,WAS,ATL,00-0038611,C.Rodriguez,00-0038611,Chris Rodriguez Jr.,RB,2,51.0,25.5,A,3,48.0,0.6666666666666666,1.0625,1,1,1
2025_04_WAS_ATL,4,WAS,ATL,00-0033955,J.McNichols,00-0033955,Jeremy McNichols,RB,0,0.0,0.0,A,3,48.0,0.0,0.0,0,0,0
2025_04_WAS_ATL,4,WAS,ATL,00-0040242,J.Croskey-Merritt,00-0040242,Jacory Croskey-Merritt,RB,0,0.0,0.0,A,3,48.0,0.0,0.0,0,0,0
2025_05_DAL_NYJ,5,DAL,NYJ,00-0036997,J.Williams,00-0036997,Javonte Williams,RB,4,20.0,5.0,A,5,20.0,0.8,1.0,1,1,0
2025_05_DAL_NYJ,5,DAL,NYJ,00-0040586,J.Blue,00-0040586,Jaydon Blue,RB,0,0.0,0.0,A,5,20.0,0.0,0.0,0,0,0
2025_05_DAL_NYJ,5,NYJ,DAL,00-0038120,B.Hall,00-0038120,Breece Hall,RB,6,42.0,7.0,H,9,53.0,0.6666666666666666,0.7924528301886793,1,1,1
2025_05_DAL_NYJ,5,NYJ,DAL,00-0039798,I.Davis,00-0039798,Isaiah Davis,RB,1,5.0,5.0,H,9,53.0,0.1111111111111111,0.09433962264150944,0,0,0
2025_05_DEN_PHI,5,DEN,PHI,00-0036158,J.Dobbins,00-0036158,J.K. Dobbins,RB,4,10.0,2.5,A,7,18.0,0.5714285714285714,0.5555555555555556,0,0,0
2025_05_DEN_PHI,5,DEN,PHI,00-0036727,A.Prentice,00-0036727,Adam Prentice,RB,0,0.0,0.0,A,7,18.0,0.0,0.0,0,0,0
2025_05_DEN_PHI,5,DEN,PHI,00-0040730,R.Harvey,00-0040730,RJ Harvey,RB,2,-1.0,-0.5,A,7,18.0,0.2857142857142857,-0.05555555555555555,0,0,0
2025_05_DEN_PHI,5,PHI,DEN,00-0034844,S.Barkley,00-0034844,Saquon Barkley,RB,2,20.0,10.0,H,4,32.0,0.5,0.625,1,1,0
2025_05_DEN_PHI,5,PHI,DEN,00-0036265,A.Dillon,00-0036265,AJ Dillon,RB,2,12.0,6.0,H,4,32.0,0.5,0.375,0,0,0
2025_05_DEN_PHI,5,PHI,DEN,00-0039746,W.Shipley,00-0039746,Will Shipley,RB,0,0.0,0.0,H,4,32.0,0.0,0.0,0,0,0
2025_05_DET_CIN,5,CIN,DET,00-0038597,C.Brown,00-0038597,Chase Brown,RB,2,8.0,4.0,H,2,8.0,1.0,1.0,0,0,0
2025_05_DET_CIN,5,CIN,DET,00-0033526,S.Perine,00-0033526,Samaje Perine,RB,0,0.0,0.0,H,2,8.0,0.0,0.0,0,0,0
2025_05_DET_CIN,5,DET,CIN,00-0039139,J.Gibbs,00-0039139,Jahmyr Gibbs,RB,6,28.0,4.666666666666667,A,9,28.0,0.6666666666666666,1.0,1,1,1
2025_05_DET_CIN,5,DET,CIN,00-0035685,D.Montgomery,00-0035685,David Montgomery,RB,2,-1.0,-0.5,A,9,28.0,0.2222222222222222,-0.03571428571428571,0,0,0
2025_05_HOU_BAL,5,BAL,HOU,00-0032764,D.Henry,00-0032764,Derrick Henry,RB,5,6.0,1.2,H,6,12.0,0.8333333333333334,0.5,0,0,0
2025_05_HOU_BAL,5,BAL,HOU,00-0038454,K.Mitchell,00-0038454,Keaton Mitchell,RB,1,6.0,6.0,H,6,12.0,0.16666666666666666,0.5,0,0,0
2025_05_HOU_BAL,5,BAL,HOU,00-0034975,J.Hill,00-0034975,Justice Hill,RB,0,0.0,0.0,H,6,12.0,0.0,0.0,0,0,0
2025_05_HOU_BAL,5,HOU,BAL,00-0034791,N.Chubb,00-0034791,Nick Chubb,RB,4,20.0,5.0,A,7,29.0,0.5714285714285714,0.6896551724137931,1,1,0
2025_05_HOU_BAL,5,HOU,BAL,00-0039603,B.Brooks,00-0039603,British Brooks,RB,1,9.0,9.0,A,7,29.0,0.14285714285714285,0.3103448275862069,0,0,0
2025_05_HOU_BAL,5,HOU,BAL,00-0040583,W.Marks,00-0040583,Woody Marks,RB,2,0.0,0.0,A,7,29.0,0.2857142857142857,0.0,0,0,0
2025_05_HOU_BAL,5,HOU,BAL,00-0037258,D.Pierce,00-0037258,Dameon Pierce,RB,0,0.0,0.0,A,7,29.0,0.0,0.0,0,0,0
2025_05_KC_JAX,5,JAX,KC,00-0036973,T.Etienne,00-0036973,Travis Etienne,RB,5,15.0,3.0,H,7,18.0,0.7142857142857143,0.8333333333333334,1,0,0
2025_05_KC_JAX,5,JAX,KC,00-0040719,B.Tuten,00-0040719,Bhayshul Tuten,RB,0,0.0,0.0,H,7,18.0,0.0,0.0,0,0,0
2025_05_KC_JAX,5,KC,JAX,00-0037197,I.Pacheco,00-0037197,Isiah Pacheco,RB,1,16.0,16.0,A,4,30.0,0.25,0.5333333333333333,1,0,0
2025_05_KC_JAX,5,KC,JAX,00-0040078,B.Smith,00-0040078,Brashard Smith,RB,1,4.0,4.0,A,4,30.0,0.25,0.13333333333333333,0,0,0
2025_05_KC_JAX,5,KC,JAX,00-0033923,K.Hunt,00-0033923,Kareem Hunt,RB,1,1.0,1.0,A,4,30.0,0.25,0.03333333333333333,0,0,0
2025_05_LV_IND,5,IND,LV,00-0036223,J.Taylor,00-0036223,Jonathan Taylor,RB,2,2.0,1.0,H,3,4.0,0.6666666666666666,0.5,0,0,0
2025_05_LV_IND,5,IND,LV,00-0032104,A.Abdullah,00-0032104,Ameer Abdullah,RB,0,0.0,0.0,H,3,4.0,0.0,0.0,0,0,0
2025_05_LV_IND,5,IND,LV,00-0040179,D.Giddens,00-0040179,DJ Giddens,RB,0,0.0,0.0,H,3,4.0,0.0,0.0,0,0,0
2025_05_LV_IND,5,LV,IND,00-0040122,A.Jeanty,00-0040122,Ashton Jeanty,RB,5,22.0,4.4,A,7,34.0,0.7142857142857143,0.6470588235294118,1,1,0
2025_05_LV_IND,5,LV,IND,00-0031687,R.Mostert,00-0031687,Raheem Mostert,RB,0,0.0,0.0,A,7,34.0,0.0,0.0,0,0,0
2025_05_MIA_CAR,5,CAR,MIA,00-0036139,R.Dowdle,00-0036139,Rico Dowdle,RB,2,5.0,2.5,H,2,5.0,1.0,1.0,0,0,0
2025_05_MIA_CAR,5,CAR,MIA,00-0040644,T.Etienne,00-0040644,Trevor Etienne,RB,0,0.0,0.0,H,2,5.0,0.0,0.0,0,0,0
2025_05_MIA_CAR,5,MIA,CAR,00-0039040,D.Achane,00-0039040,De'Von Achane,RB,6,12.0,2.0,A,7,15.0,0.8571428571428571,0.8,0,0,0
2025_05_MIA_CAR,5,MIA,CAR,00-0040198,O.Gordon,00-0040198,Ollie Gordon II,RB,1,3.0,3.0,A,7,15.0,0.14285714285714285,0.2,0,0,0
2025_05_MIN_CLE,5,CLE,MIN,00-0040784,Q.Judkins,00-0040784,Quinshon Judkins,RB,7,48.0,6.857142857142857,H,8,51.0,0.875,0.9411764705882353,1,1,1
2025_05_MIN_CLE,5,CLE,MIN,00-0037267,J.Ford,00-0037267,Jerome Ford,RB,1,3.0,3.0,H,8,51.0,0.125,0.058823529411764705,0,0,0
2025_05_MIN_CLE,5,CLE,MIN,00-0040162,D.Sampson,00-0040162,Dylan Sampson,RB,0,0.0,0.0,H,8,51.0,0.0,0.0,0,0,0
2025_05_MIN_CLE,5,MIN,CLE,00-0037525,J.Mason,00-0037525,Jordan Mason,RB,3,16.0,5.333333333333333,A,5,24.0,0.6,0.6666666666666666,1,0,0
2025_05_MIN_CLE,5,MIN,CLE,00-0038440,Z.Scott,00-0038440,Zavier Scott,RB,2,8.0,4.0,A,5,24.0,0.4,0.3333333333333333,0,0,0
2025_05_NE_BUF,5,BUF,NE,00-0037248,J.Cook,00-0037248,James Cook,RB,3,12.0,4.0,H,5,15.0,0.6,0.8,0,0,0
2025_05_NE_BUF,5,BUF,NE,00-0035537,Ty.Johnson,00-0035537,Ty Johnson,RB,0,0.0,0.0,H,5,15.0,0.0,0.0,0,0,0
2025_05_NE_BUF,5,BUF,NE,00-0039875,R.Davis,00-0039875,Ray Davis,RB,0,0.0,0.0,H,5,15.0,0.0,0.0,0,0,0
2025_05_NE_BUF,5,NE,BUF,00-0036328,A.Gibson,00-0036328,Antonio Gibson,RB,6,21.0,3.5,A,7,19.0,0.8571428571428571,1.105263157894737,1,1,0
2025_05_NE_BUF,5,NE,BUF,00-0040734,T.Henderson,00-0040734,TreVeyon Henderson,RB,0,0.0,0.0,A,7,19.0,0.0,0.0,0,0,0
2025_05_NE_BUF,5,NE,BUF,00-0036875,R.Stevenson,00-0036875,Rhamondre Stevenson,RB,1,-2.0,-2.0,A,7,19.0,0.14285714285714285,-0.10526315789473684,0,0,0
2025_05_NYG_NO,5,NO,NYG,00-0033906,A.Kamara,00-0033906,Alvin Kamara,RB,4,15.0,3.75,H,8,17.0,0.5,0.8823529411764706,1,0,0
2025_05_NYG_NO,5,NO,NYG,00-0038551,K.Miller,00-0038551,Kendre Miller,RB,1,2.0,2.0,H,8,17.0,0.125,0.11764705882352941,0,0,0
2025_05_NYG_NO,5,NYG,NO,00-0040715,C.Skattebo,00-0040715,Cam Skattebo,RB,3,15.0,5.0,A,5,41.0,0.6,0.36585365853658536,1,0,0
2025_05_NYG_NO,5,NYG,NO,00-0035250,D.Singletary,00-0035250,Devin Singletary,RB,0,0.0,0.0,A,5,41.0,0.0,0.0,0,0,0
2025_05_SF_LA,5,LA,SF,00-0037840,K.Williams,00-0037840,Kyren Williams,RB,3,13.0,4.333333333333333,H,3,13.0,1.0,1.0,0,0,0
2025_05_SF_LA,5,LA,SF,00-0039738,B.Corum,00-0039738,Blake Corum,RB,0,0.0,0.0,H,3,13.0,0.0,0.0,0,0,0
2025_05_SF_LA,5,SF,LA,00-0033280,C.McCaffrey,00-0033280,Christian McCaffrey,RB,7,19.0,2.7142857142857144,A,11,27.0,0.6363636363636364,0.7037037037037037,1,0,0
2025_05_SF_LA,5,SF,LA,00-0037746,B.Robinson,00-0037746,Brian Robinson,RB,3,6.0,2.0,A,11,27.0,0.2727272727272727,0.2222222222222222,0,0,0
2025_05_SF_LA,5,SF,LA,00-0029892,K.Juszczyk,00-0029892,Kyle Juszczyk,RB,0,0.0,0.0,A,11,27.0,0.0,0.0,0,0,0
2025_05_TB_SEA,5,SEA,TB,00-0038134,K.Walker,00-0038134,Kenneth Walker III,RB,3,18.0,6.0,H,3,18.0,1.0,1.0,1,0,0
2025_05_TB_SEA,5,SEA,TB,00-0039165,Z.Charbonnet,00-0039165,Zach Charbonnet,RB,0,0.0,0.0,H,3,18.0,0.0,0.0,0,0,0
2025_05_TB_SEA,5,TB,SEA,00-0037256,R.White,00-0037256,Rachaad White,RB,5,14.0,2.8,A,9,31.0,0.5555555555555556,0.45161290322580644,0,0,0
2025_05_TB_SEA,5,TB,SEA,00-0038951,S.Tucker,00-0038951,Sean Tucker,RB,0,0.0,0.0,A,9,31.0,0.0,0.0,0,0,0
2025_05_TEN_ARI,5,ARI,TEN,00-0036924,M.Carter,00-0036924,Michael Carter,RB,6,20.0,3.3333333333333335,H,8,35.0,0.75,0.5714285714285714,1,1,0
2025_05_TEN_ARI,5,ARI,TEN,00-0037157,Z.Knight,00-0037157,Bam Knight,RB,0,0.0,0.0,H,8,35.0,0.0,0.0,0,0,0
2025_05_TEN_ARI,5,ARI,TEN,00-0038705,E.Demercado,00-0038705,Emari Demercado,RB,0,0.0,0.0,H,8,35.0,0.0,0.0,0,0,0
2025_05_TEN_ARI,5,TEN,ARI,00-0035261,T.Pollard,00-0035261,Tony Pollard,RB,4,26.0,6.5,A,8,38.0,0.5,0.6842105263157895,1,1,1
2025_05_TEN_ARI,5,TEN,ARI,00-0039032,T.Spears,00-0039032,Tyjae Spears,RB,2,7.0,3.5,A,8,38.0,0.25,0.18421052631578946,0,0,0
2025_05_TEN_ARI,5,TEN,ARI,00-0037594,J.Chestnut,00-0037594,Julius Chestnut,RB,1,3.0,3.0,A,8,38.0,0.125,0.07894736842105263,0,0,0
2025_05_WAS_LAC,5,LAC,WAS,00-0040666,O.Hampton,00-0040666,Omarion Hampton,RB,5,14.0,2.8,H,8,69.0,0.625,0.2028985507246377,0,0,0
2025_05_WAS_LAC,5,LAC,WAS,00-0037617,H.Haskins,00-0037617,Hassan Haskins,RB,1,5.0,5.0,H,8,69.0,0.125,0.07246376811594203,0,0,0
2025_05_WAS_LAC,5,LAC,WAS,00-0039391,K.Vidal,00-0039391,Kimani Vidal,RB,0,0.0,0.0,H,8,69.0,0.0,0.0,0,0,0
2025_05_WAS_LAC,5,WAS,LAC,00-0040242,J.Croskey-Merritt,00-0040242,Jacory Croskey-Merritt,RB,3,21.0,7.0,A,5,23.0,0.6,0.9130434782608695,1,1,0
2025_05_WAS_LAC,5,WAS,LAC,00-0033955,J.McNichols,00-0033955,Jeremy McNichols,RB,0,0.0,0.0,A,5,23.0,0.0,0.0,0,0,0
2025_05_WAS_LAC,5,WAS,LAC,00-0038611,C.Rodriguez,00-0038611,Chris Rodriguez Jr.,RB,0,0.0,0.0,A,5,23.0,0.0,0.0,0,0,0
2025_06_ARI_IND,6,ARI,IND,00-0036924,M.Carter,00-0036924,Michael Carter,RB,4,13.0,3.25,A,7,19.0,0.5714285714285714,0.6842105263157895,0,0,0
2025_06_ARI_IND,6,ARI,IND,00-0038705,E.Demercado,00-0038705,Emari Demercado,RB,1,1.0,1.0,A,7,19.0,0.14285714285714285,0.05263157894736842,0,0,0
2025_06_ARI_IND,6,ARI,IND,00-0037157,Z.Knight,00-0037157,Bam Knight,RB,1,1.0,1.0,A,7,19.0,0.14285714285714285,0.05263157894736842,0,0,0
2025_06_ARI_IND,6,IND,ARI,00-0036223,J.Taylor,00-0036223,Jonathan Taylor,RB,3,9.0,3.0,H,3,9.0,1.0,1.0,0,0,0
2025_06_ARI_IND,6,IND,ARI,00-0032104,A.Abdullah,00-0032104,Ameer Abdullah,RB,0,0.0,0.0,H,3,9.0,0.0,0.0,0,0,0
2025_06_BUF_ATL,6,ATL,BUF,00-0038542,B.Robinson,00-0038542,Bijan Robinson,RB,6,40.0,6.666666666666667,H,8,60.0,0.75,0.6666666666666666,1,1,1
2025_06_BUF_ATL,6,ATL,BUF,00-0037263,T.Allgeier,00-0037263,Tyler Allgeier,RB,2,20.0,10.0,H,8,60.0,0.25,0.3333333333333333,1,1,0
2025_06_BUF_ATL,6,BUF,ATL,00-0037248,J.Cook,00-0037248,James Cook,RB,3,6.0,2.0,A,6,19.0,0.5,0.3157894736842105,0,0,0
2025_06_BUF_ATL,6,BUF,ATL,00-0035537,Ty.Johnson,00-0035537,Ty Johnson,RB,0,0.0,0.0,A,6,19.0,0.0,0.0,0,0,0
2025_06_CHI_WAS,6,CHI,WAS,00-0036275,D.Swift,00-0036275,D'Andre Swift,RB,5,26.0,5.2,A,7,36.0,0.7142857142857143,0.7222222222222222,1,1,1
2025_06_CHI_WAS,6,CHI,WAS,00-0040236,K.Monangai,00-0040236,Kyle Monangai,RB,2,10.0,5.0,A,7,36.0,0.2857142857142857,0.2777777777777778,0,0,0
2025_06_CHI_WAS,6,CHI,WAS,00-0039021,R.Johnson,00-0039021,Roschon Johnson,RB,0,0.0,0.0,A,7,36.0,0.0,0.0,0,0,0
2025_06_CHI_WAS,6,WAS,CHI,00-0040242,J.Croskey-Merritt,00-0040242,Jacory Croskey-Merritt,RB,4,11.0,2.75,H,5,13.0,0.8,0.8461538461538461,0,0,0
2025_06_CHI_WAS,6,WAS,CHI,00-0033955,J.McNichols,00-0033955,Jeremy McNichols,RB,0,0.0,0.0,H,5,13.0,0.0,0.0,0,0,0
2025_06_CIN_GB,6,CIN,GB,00-0033526,S.Perine,00-0033526,Samaje Perine,RB,1,0.0,0.0,A,2,-3.0,0.5,-0.0,0,0,0
2025_06_CIN_GB,6,CIN,GB,00-0038597,C.Brown,00-0038597,Chase Brown,RB,0,0.0,0.0,A,2,-3.0,0.0,-0.0,0,0,0
2025_06_CIN_GB,6,GB,CIN,00-0035700,J.Jacobs,00-0035700,Josh Jacobs,RB,5,14.0,2.8,H,13,53.0,0.38461538461538464,0.2641509433962264,0,0,0
2025_06_CIN_GB,6,GB,CIN,00-0038797,E.Wilson,00-0038797,Emanuel Wilson,RB,1,3.0,3.0,H,13,53.0,0.07692307692307693,0.05660377358490566,0,0,0
2025_06_CIN_GB,6,GB,CIN,00-0038685,C.Brooks,00-0038685,Chris Brooks,RB,1,1.0,1.0,H,13,53.0,0.07692307692307693,0.018867924528301886,0,0,0
2025_06_CLE_PIT,6,CLE,PIT,00-0040784,Q.Judkins,00-0040784,Quinshon Judkins,RB,4,6.0,1.5,A,5,8.0,0.8,0.75,0,0,0
2025_06_CLE_PIT,6,CLE,PIT,00-0040162,D.Sampson,00-0040162,Dylan Sampson,RB,1,2.0,2.0,A,5,8.0,0.2,0.25,0,0,0
2025_06_CLE_PIT,6,CLE,PIT,00-0037267,J.Ford,00-0037267,Jerome Ford,RB,0,0.0,0.0,A,5,8.0,0.0,0.0,0,0,0
2025_06_CLE_PIT,6,PIT,CLE,00-0040142,K.Johnson,00-0040142,Kaleb Johnson,RB,1,9.0,9.0,H,6,14.0,0.16666666666666666,0.6428571428571429,0,0,0
2025_06_CLE_PIT,6,PIT,CLE,00-0037228,J.Warren,00-0037228,Jaylen Warren,RB,3,5.0,1.6666666666666667,H,6,14.0,0.5,0.35714285714285715,0,0,0
2025_06_CLE_PIT,6,PIT,CLE,00-0036919,K.Gainwell,00-0036919,Kenneth Gainwell,RB,2,0.0,0.0,H,6,14.0,0.3333333333333333,0.0,0,0,0
2025_06_DAL_CAR,6,CAR,DAL,00-0036139,R.Dowdle,00-0036139,Rico Dowdle,RB,5,34.0,6.8,H,7,42.0,0.7142857142857143,0.8095238095238095,1,1,1
2025_06_DAL_CAR,6,CAR,DAL,00-0036425,D.Dallas,00-0036425,DeeJay Dallas,RB,1,0.0,0.0,H,7,42.0,0.14285714285714285,0.0,0,0,0
2025_06_DAL_CAR,6,CAR,DAL,00-0040644,T.Etienne,00-0040644,Trevor Etienne,RB,0,0.0,0.0,H,7,42.0,0.0,0.0,0,0,0
2025_06_DAL_CAR,6,DAL,CAR,00-0036997,J.Williams,00-0036997,Javonte Williams,RB,6,22.0,3.6666666666666665,A,6,22.0,1.0,1.0,1,1,0
2025_06_DAL_CAR,6,DAL,CAR,00-0040586,J.Blue,00-0040586,Jaydon Blue,RB,0,0.0,0.0,A,6,22.0,0.0,0.0,0,0,0
2025_06_DEN_NYJ,6,DEN,NYJ,00-0036158,J.Dobbins,00-0036158,J.K. Dobbins,RB,3,3.0,1.0,A,5,16.0,0.6,0.1875,0,0,0
2025_06_DEN_NYJ,6,DEN,NYJ,00-0040730,R.Harvey,00-0040730,RJ Harvey,RB,0,0.0,0.0,A,5,16.0,0.0,0.0,0,0,0
2025_06_DEN_NYJ,6,DEN,NYJ,00-0036727,A.Prentice,00-0036727,Adam Prentice,RB,0,0.0,0.0,A,5,16.0,0.0,0.0,0,0,0
2025_06_DEN_NYJ,6,DEN,NYJ,00-0038794,J.McLaughlin,00-0038794,Jaleel McLaughlin,RB,0,0.0,0.0,A,5,16.0,0.0,0.0,0,0,0
2025_06_DEN_NYJ,6,NYJ,DEN,00-0038120,B.Hall,00-0038120,Breece Hall,RB,3,4.0,1.3333333333333333,H,4,10.0,0.75,0.4,0,0,0
2025_06_DEN_NYJ,6,NYJ,DEN,00-0039798,I.Davis,00-0039798,Isaiah Davis,RB,0,0.0,0.0,H,4,10.0,0.0,0.0,0,0,0
2025_06_DET_KC,6,DET,KC,00-0039139,J.Gibbs,00-0039139,Jahmyr Gibbs,RB,9,32.0,3.5555555555555554,A,11,37.0,0.8181818181818182,0.8648648648648649,1,1,1
2025_06_DET_KC,6,DET,KC,00-0035685,D.Montgomery,00-0035685,David Montgomery,RB,1,3.0,3.0,A,11,37.0,0.09090909090909091,0.08108108108108109,0,0,0
2025_06_DET_KC,6,KC,DET,00-0037197,I.Pacheco,00-0037197,Isiah Pacheco,RB,3,14.0,4.666666666666667,H,4,19.0,0.75,0.7368421052631579,0,0,0
2025_06_DET_KC,6,KC,DET,00-0033923,K.Hunt,00-0033923,Kareem Hunt,RB,0,0.0,0.0,H,4,19.0,0.0,0.0,0,0,0
2025_06_LAC_MIA,6,LAC,MIA,00-0039391,K.Vidal,00-0039391,Kimani Vidal,RB,7,53.0,7.571428571428571,A,10,57.0,0.7,0.9298245614035088,1,1,1
2025_06_LAC_MIA,6,LAC,MIA,00-0037617,H.Haskins,00-0037617,Hassan Haskins,RB,2,2.0,1.0,A,10,57.0,0.2,0.03508771929824561,0,0,0
2025_06_LAC_MIA,6,MIA,LAC,00-0039040,D.Achane,00-0039040,De'Von Achane,RB,3,67.0,22.333333333333332,H,3,67.0,1.0,1.0,1,1,1
2025_06_LAC_MIA,6,MIA,LAC,00-0040198,O.Gordon,00-0040198,Ollie Gordon II,RB,0,0.0,0.0,H,3,67.0,0.0,0.0,0,0,0
2025_06_LAC_MIA,6,MIA,LAC,00-0035125,A.Ingold,00-0035125,Alec Ingold,RB,0,0.0,0.0,H,3,67.0,0.0,0.0,0,0,0
2025_06_LA_BAL,6,BAL,LA,00-0032764,D.Henry,00-0032764,Derrick Henry,RB,9,55.0,6.111111111111111,H,12,72.0,0.75,0.7638888888888888,1,1,1
2025_06_LA_BAL,6,BAL,LA,00-0034975,J.Hill,00-0034975,Justice Hill,RB,3,17.0,5.666666666666667,H,12,72.0,0.25,0.2361111111111111,1,0,0
2025_06_LA_BAL,6,LA,BAL,00-0037840,K.Williams,00-0037840,Kyren Williams,RB,4,15.0,3.75,A,4,15.0,1.0,1.0,1,0,0
2025_06_LA_BAL,6,LA,BAL,00-0039738,B.Corum,00-0039738,Blake Corum,RB,0,0.0,0.0,A,4,15.0,0.0,0.0,0,0,0
2025_06_NE_NO,6,NE,NO,00-0040734,T.Henderson,00-0040734,TreVeyon Henderson,RB,2,11.0,5.5,A,5,15.0,0.4,0.7333333333333333,0,0,0
2025_06_NE_NO,6,NE,NO,00-0036875,R.Stevenson,00-0036875,Rhamondre Stevenson,RB,2,1.0,0.5,A,5,15.0,0.4,0.06666666666666667,0,0,0
2025_06_NE_NO,6,NO,NE,00-0033906,A.Kamara,00-0033906,Alvin Kamara,RB,3,17.0,5.666666666666667,H,6,32.0,0.5,0.53125,1,0,0
2025_06_NE_NO,6,NO,NE,00-0038551,K.Miller,00-0038551,Kendre Miller,RB,2,6.0,3.0,H,6,32.0,0.3333333333333333,0.1875,0,0,0
2025_06_PHI_NYG,6,NYG,PHI,00-0040715,C.Skattebo,00-0040715,Cam Skattebo,RB,3,9.0,3.0,H,5,30.0,0.6,0.3,0,0,0
2025_06_PHI_NYG,6,NYG,PHI,00-0035250,D.Singletary,00-0035250,Devin Singletary,RB,1,1.0,1.0,H,5,30.0,0.2,0.03333333333333333,0,0,0
2025_06_PHI_NYG,6,NYG,PHI,00-0039384,T.Tracy,00-0039384,Tyrone Tracy Jr.,RB,0,0.0,0.0,H,5,30.0,0.0,0.0,0,0,0
2025_06_PHI_NYG,6,PHI,NYG,00-0034844,S.Barkley,00-0034844,Saquon Barkley,RB,5,35.0,7.0,A,7,35.0,0.7142857142857143,1.0,1,1,1
2025_06_PHI_NYG,6,PHI,NYG,00-0036265,A.Dillon,00-0036265,AJ Dillon,RB,1,2.0,2.0,A,7,35.0,0.14285714285714285,0.05714285714285714,0,0,0
2025_06_SEA_JAX,6,JAX,SEA,00-0040719,B.Tuten,00-0040719,Bhayshul Tuten,RB,1,8.0,8.0,H,6,7.0,0.16666666666666666,1.1428571428571428,0,0,0
2025_06_SEA_JAX,6,JAX,SEA,00-0040238,L.Allen,00-0040238,LeQuint Allen Jr.,RB,1,2.0,2.0,H,6,7.0,0.16666666666666666,0.2857142857142857,0,0,0
2025_06_SEA_JAX,6,JAX,SEA,00-0036973,T.Etienne,00-0036973,Travis Etienne,RB,4,-3.0,-0.75,H,6,7.0,0.6666666666666666,-0.42857142857142855,0,0,0
2025_06_SEA_JAX,6,SEA,JAX,00-0038134,K.Walker,00-0038134,Kenneth Walker III,RB,2,11.0,5.5,A,3,12.0,0.6666666666666666,0.9166666666666666,0,0,0
2025_06_SEA_JAX,6,SEA,JAX,00-0039165,Z.Charbonnet,00-0039165,Zach Charbonnet,RB,1,1.0,1.0,A,3,12.0,0.3333333333333333,0.08333333333333333,0,0,0
2025_06_SF_TB,6,SF,TB,00-0033280,C.McCaffrey,00-0033280,Christian McCaffrey,RB,3,8.0,2.6666666666666665,A,4,11.0,0.75,0.7272727272727273,0,0,0
2025_06_SF_TB,6,TB,SF,00-0037256,R.White,00-0037256,Rachaad White,RB,6,31.0,5.166666666666667,H,6,31.0,1.0,1.0,1,1,1
2025_06_SF_TB,6,TB,SF,00-0038951,S.Tucker,00-0038951,Sean Tucker,RB,0,0.0,0.0,H,6,31.0,0.0,0.0,0,0,0
2025_06_TEN_LV,6,LV,TEN,00-0040122,A.Jeanty,00-0040122,Ashton Jeanty,RB,6,31.0,5.166666666666667,H,7,28.0,0.8571428571428571,1.1071428571428572,1,1,1
2025_06_TEN_LV,6,LV,TEN,00-0031687,R.Mostert,00-0031687,Raheem Mostert,RB,1,-3.0,-3.0,H,7,28.0,0.14285714285714285,-0.10714285714285714,0,0,0
2025_06_TEN_LV,6,TEN,LV,00-0035261,T.Pollard,00-0035261,Tony Pollard,RB,4,8.0,2.0,A,4,8.0,1.0,1.0,0,0,0
2025_06_TEN_LV,6,TEN,LV,00-0039032,T.Spears,00-0039032,Tyjae Spears,RB,0,0.0,0.0,A,4,8.0,0.0,0.0,0,0,0
2025_07_ATL_SF,7,ATL,SF,00-0038542,B.Robinson,00-0038542,Bijan Robinson,RB,4,16.0,4.0,A,6,22.0,0.6666666666666666,0.7272727272727273,1,0,0
2025_07_ATL_SF,7,ATL,SF,00-0037263,T.Allgeier,00-0037263,Tyler Allgeier,RB,1,3.0,3.0,A,6,22.0,0.16666666666666666,0.13636363636363635,0,0,0
2025_07_ATL_SF,7,SF,ATL,00-0037746,B.Robinson,00-0037746,Brian Robinson,RB,2,19.0,9.5,H,4,27.0,0.5,0.7037037037037037,1,0,0
2025_07_ATL_SF,7,SF,ATL,00-0033280,C.McCaffrey,00-0033280,Christian McCaffrey,RB,2,8.0,4.0,H,4,27.0,0.5,0.2962962962962963,0,0,0
2025_07_ATL_SF,7,SF,ATL,00-0029892,K.Juszczyk,00-0029892,Kyle Juszczyk,RB,0,0.0,0.0,H,4,27.0,0.0,0.0,0,0,0
2025_07_CAR_NYJ,7,CAR,NYJ,00-0036139,R.Dowdle,00-0036139,Rico Dowdle,RB,3,18.0,6.0,A,10,40.0,0.3,0.45,1,0,0
2025_07_CAR_NYJ,7,CAR,NYJ,00-0036555,C.Hubbard,00-0036555,Chuba Hubbard,RB,5,9.0,1.8,A,10,40.0,0.5,0.225,0,0,0
2025_07_CAR_NYJ,7,NYJ,CAR,00-0038120,B.Hall,00-0038120,Breece Hall,RB,2,16.0,8.0,H,4,26.0,0.5,0.6153846153846154,1,0,0
2025_07_CAR_NYJ,7,NYJ,CAR,00-0039798,I.Davis,00-0039798,Isaiah Davis,RB,2,10.0,5.0,H,4,26.0,0.5,0.38461538461538464,0,0,0
2025_07_GB_ARI,7,ARI,GB,00-0037157,Z.Knight,00-0037157,Bam Knight,RB,5,31.0,6.2,H,8,46.0,0.625,0.6739130434782609,1,1,1
2025_07_GB_ARI,7,ARI,GB,00-0036924,M.Carter,00-0036924,Michael Carter,RB,0,0.0,0.0,H,8,46.0,0.0,0.0,0,0,0
2025_07_GB_ARI,7,ARI,GB,00-0035628,D.Johnson,00-0035628,D'Ernest Johnson,RB,0,0.0,0.0,H,8,46.0,0.0,0.0,0,0,0
2025_07_GB_ARI,7,GB,ARI,00-0038797,E.Wilson,00-0038797,Emanuel Wilson,RB,3,6.0,2.0,A,4,7.0,0.75,0.8571428571428571,0,0,0
2025_07_GB_ARI,7,GB,ARI,00-0035700,J.Jacobs,00-0035700,Josh Jacobs,RB,1,1.0,1.0,A,4,7.0,0.25,0.14285714285714285,0,0,0
2025_07_HOU_SEA,7,HOU,SEA,00-0034791,N.Chubb,00-0034791,Nick Chubb,RB,2,2.0,1.0,A,4,3.0,0.5,0.6666666666666666,0,0,0
2025_07_HOU_SEA,7,HOU,SEA,00-0040583,W.Marks,00-0040583,Woody Marks,RB,2,1.0,0.5,A,4,3.0,0.5,0.3333333333333333,0,0,0
2025_07_HOU_SEA,7,SEA,HOU,00-0039165,Z.Charbonnet,00-0039165,Zach Charbonnet,RB,4,18.0,4.5,H,10,32.0,0.4,0.5625,1,0,0
2025_07_HOU_SEA,7,SEA,HOU,00-0038134,K.Walker,00-0038134,Kenneth Walker III,RB,4,9.0,2.25,H,10,32.0,0.4,0.28125,0,0,0
2025_07_IND_LAC,7,IND,LAC,00-0036223,J.Taylor,00-0036223,Jonathan Taylor,RB,7,47.0,6.714285714285714,A,11,76.0,0.6363636363636364,0.618421052631579,1,1,1
2025_07_IND_LAC,7,IND,LAC,00-0032104,A.Abdullah,00-0032104,Ameer Abdullah,RB,2,19.0,9.5,A,11,76.0,0.18181818181818182,0.25,1,0,0
2025_07_IND_LAC,7,LAC,IND,00-0037617,H.Haskins,00-0037617,Hassan Haskins,RB,1,3.0,3.0,H,3,4.0,0.3333333333333333,0.75,0,0,0
2025_07_IND_LAC,7,LAC,IND,00-0039391,K.Vidal,00-0039391,Kimani Vidal,RB,2,1.0,0.5,H,3,4.0,0.6666666666666666,0.25,0,0,0
2025_07_LA_JAX,7,JAX,LA,00-0036973,T.Etienne,00-0036973,Travis Etienne,RB,2,6.0,3.0,H,2,6.0,1.0,1.0,0,0,0
2025_07_LA_JAX,7,JAX,LA,00-0040719,B.Tuten,00-0040719,Bhayshul Tuten,RB,0,0.0,0.0,H,2,6.0,0.0,0.0,0,0,0
2025_07_LA_JAX,7,LA,JAX,00-0037840,K.Williams,00-0037840,Kyren Williams,RB,3,8.0,2.6666666666666665,A,5,16.0,0.6,0.5,0,0,0
2025_07_LA_JAX,7,LA,JAX,00-0039738,B.Corum,00-0039738,Blake Corum,RB,2,8.0,4.0,A,5,16.0,0.4,0.5,0,0,0
2025_07_LV_KC,7,KC,LV,00-0033923,K.Hunt,00-0033923,Kareem Hunt,RB,2,9.0,4.5,H,5,11.0,0.4,0.8181818181818182,0,0,0
2025_07_LV_KC,7,KC,LV,00-0037197,I.Pacheco,00-0037197,Isiah Pacheco,RB,3,2.0,0.6666666666666666,H,5,11.0,0.6,0.18181818181818182,0,0,0
2025_07_LV_KC,7,KC,LV,00-0040078,B.Smith,00-0040078,Brashard Smith,RB,0,0.0,0.0,H,5,11.0,0.0,0.0,0,0,0
2025_07_LV_KC,7,LV,KC,00-0040122,A.Jeanty,00-0040122,Ashton Jeanty,RB,1,3.0,3.0,A,2,3.0,0.5,1.0,0,0,0
2025_07_LV_KC,7,LV,KC,00-0039407,D.Laube,00-0039407,Dylan Laube,RB,0,0.0,0.0,A,2,3.0,0.0,0.0,0,0,0
2025_07_MIA_CLE,7,CLE,MIA,00-0040784,Q.Judkins,00-0040784,Quinshon Judkins,RB,7,22.0,3.142857142857143,H,10,32.0,0.7,0.6875,1,1,0
2025_07_MIA_CLE,7,CLE,MIA,00-0040162,D.Sampson,00-0040162,Dylan Sampson,RB,1,4.0,4.0,H,10,32.0,0.1,0.125,0,0,0
2025_07_MIA_CLE,7,CLE,MIA,00-0037267,J.Ford,00-0037267,Jerome Ford,RB,1,0.0,0.0,H,10,32.0,0.1,0.0,0,0,0
2025_07_MIA_CLE,7,MIA,CLE,00-0039040,D.Achane,00-0039040,De'Von Achane,RB,3,54.0,18.0,A,5,53.0,0.6,1.0188679245283019,1,1,1
2025_07_MIA_CLE,7,MIA,CLE,00-0040198,O.Gordon,00-0040198,Ollie Gordon II,RB,1,-1.0,-1.0,A,5,53.0,0.2,-0.018867924528301886,0,0,0
2025_07_NE_TEN,7,NE,TEN,00-0036875,R.Stevenson,00-0036875,Rhamondre Stevenson,RB,7,56.0,8.0,A,8,67.0,0.875,0.835820895522388,1,1,1
2025_07_NE_TEN,7,NE,TEN,00-0040734,T.Henderson,00-0040734,TreVeyon Henderson,RB,0,0.0,0.0,A,8,67.0,0.0,0.0,0,0,0
2025_07_NE_TEN,7,NE,TEN,00-0039757,T.Jennings,00-0039757,Terrell Jennings,RB,0,0.0,0.0,A,8,67.0,0.0,0.0,0,0,0
2025_07_NE_TEN,7,TEN,NE,00-0039032,T.Spears,00-0039032,Tyjae Spears,RB,2,8.0,4.0,H,5,14.0,0.4,0.5714285714285714,0,0,0
2025_07_NE_TEN,7,TEN,NE,00-0035261,T.Pollard,00-0035261,Tony Pollard,RB,2,7.0,3.5,H,5,14.0,0.4,0.5,0,0,0
2025_07_NO_CHI,7,CHI,NO,00-0040236,K.Monangai,00-0040236,Kyle Monangai,RB,2,17.0,8.5,H,9,26.0,0.2222222222222222,0.6538461538461539,1,0,0
2025_07_NO_CHI,7,CHI,NO,00-0036275,D.Swift,00-0036275,D'Andre Swift,RB,4,10.0,2.5,H,9,26.0,0.4444444444444444,0.38461538461538464,0,0,0
2025_07_NO_CHI,7,CHI,NO,00-0039021,R.Johnson,00-0039021,Roschon Johnson,RB,0,0.0,0.0,H,9,26.0,0.0,0.0,0,0,0
2025_07_NO_CHI,7,NO,CHI,00-0033906,A.Kamara,00-0033906,Alvin Kamara,RB,3,10.0,3.3333333333333335,A,5,22.0,0.6,0.45454545454545453,0,0,0
2025_07_NO_CHI,7,NO,CHI,00-0038551,K.Miller,00-0038551,Kendre Miller,RB,1,7.0,7.0,A,5,22.0,0.2,0.3181818181818182,0,0,0
2025_07_NO_CHI,7,NO,CHI,00-0040202,D.Neal,00-0040202,Devin Neal,RB,0,0.0,0.0,A,5,22.0,0.0,0.0,0,0,0
2025_07_NYG_DEN,7,DEN,NYG,00-0036158,J.Dobbins,00-0036158,J.K. Dobbins,RB,3,11.0,3.6666666666666665,H,8,24.0,0.375,0.4583333333333333,0,0,0
2025_07_NYG_DEN,7,DEN,NYG,00-0040730,R.Harvey,00-0040730,RJ Harvey,RB,4,0.0,0.0,H,8,24.0,0.5,0.0,0,0,0
2025_07_NYG_DEN,7,NYG,DEN,00-0040715,C.Skattebo,00-0040715,Cam Skattebo,RB,3,7.0,2.3333333333333335,A,5,10.0,0.6,0.7,0,0,0
2025_07_NYG_DEN,7,NYG,DEN,00-0039384,T.Tracy,00-0039384,Tyrone Tracy Jr.,RB,2,3.0,1.5,A,5,10.0,0.4,0.3,0,0,0
2025_07_NYG_DEN,7,NYG,DEN,00-0035250,D.Singletary,00-0035250,Devin Singletary,RB,0,0.0,0.0,A,5,10.0,0.0,0.0,0,0,0
2025_07_PHI_MIN,7,MIN,PHI,00-0037525,J.Mason,00-0037525,Jordan Mason,RB,3,11.0,3.6666666666666665,H,4,11.0,0.75,1.0,0,0,0
2025_07_PHI_MIN,7,MIN,PHI,00-0038440,Z.Scott,00-0038440,Zavier Scott,RB,0,0.0,0.0,H,4,11.0,0.0,0.0,0,0,0
2025_07_PHI_MIN,7,PHI,MIN,00-0034844,S.Barkley,00-0034844,Saquon Barkley,RB,6,29.0,4.833333333333333,A,9,40.0,0.6666666666666666,0.725,1,1,1
2025_07_PHI_MIN,7,PHI,MIN,00-0038555,T.Bigsby,00-0038555,Tank Bigsby,RB,1,11.0,11.0,A,9,40.0,0.1111111111111111,0.275,0,0,0
2025_07_PIT_CIN,7,CIN,PIT,00-0033526,S.Perine,00-0033526,Samaje Perine,RB,2,8.0,4.0,H,4,14.0,0.5,0.5714285714285714,0,0,0
2025_07_PIT_CIN,7,CIN,PIT,00-0038597,C.Brown,00-0038597,Chase Brown,RB,2,6.0,3.0,H,4,14.0,0.5,0.42857142857142855,0,0,0
2025_07_PIT_CIN,7,PIT,CIN,00-0037228,J.Warren,00-0037228,Jaylen Warren,RB,4,33.0,8.25,A,6,44.0,0.6666666666666666,0.75,1,1,1
2025_07_PIT_CIN,7,PIT,CIN,00-0036919,K.Gainwell,00-0036919,Kenneth Gainwell,RB,2,11.0,5.5,A,6,44.0,0.3333333333333333,0.25,0,0,0
2025_07_TB_DET,7,DET,TB,00-0039139,J.Gibbs,00-0039139,Jahmyr Gibbs,RB,7,21.0,3.0,H,9,28.0,0.7777777777777778,0.75,1,1,0
2025_07_TB_DET,7,DET,TB,00-0035685,D.Montgomery,00-0035685,David Montgomery,RB,1,1.0,1.0,H,9,28.0,0.1111111111111111,0.03571428571428571,0,0,0
2025_07_TB_DET,7,TB,DET,00-0037256,R.White,00-0037256,Rachaad White,RB,2,7.0,3.5,A,2,7.0,1.0,1.0,0,0,0
2025_07_TB_DET,7,TB,DET,00-0038951,S.Tucker,00-0038951,Sean Tucker,RB,0,0.0,0.0,A,2,7.0,0.0,0.0,0,0,0
2025_07_WAS_DAL,7,DAL,WAS,00-0036997,J.Williams,00-0036997,Javonte Williams,RB,5,21.0,4.2,H,7,26.0,0.7142857142857143,0.8076923076923077,1,1,0
2025_07_WAS_DAL,7,DAL,WAS,00-0040586,J.Blue,00-0040586,Jaydon Blue,RB,1,4.0,4.0,H,7,26.0,0.14285714285714285,0.15384615384615385,0,0,0
2025_07_WAS_DAL,7,WAS,DAL,00-0040242,J.Croskey-Merritt,00-0040242,Jacory Croskey-Merritt,RB,6,30.0,5.0,A,7,30.0,0.8571428571428571,1.0,1,1,1
2025_07_WAS_DAL,7,WAS,DAL,00-0033955,J.McNichols,00-0033955,Jeremy McNichols,RB,0,0.0,0.0,A,7,30.0,0.0,0.0,0,0,0
2025_07_WAS_DAL,7,WAS,DAL,00-0038611,C.Rodriguez,00-0038611,Chris Rodriguez Jr.,RB,0,0.0,0.0,A,7,30.0,0.0,0.0,0,0,0
2025_08_BUF_CAR,8,BUF,CAR,00-0037248,J.Cook,00-0037248,James Cook,RB,9,79.0,8.777777777777779,A,10,79.0,0.9,1.0,1,1,1
2025_08_BUF_CAR,8,BUF,CAR,00-0035537,Ty.Johnson,00-0035537,Ty Johnson,RB,1,0.0,0.0,A,10,79.0,0.1,0.0,0,0,0
2025_08_BUF_CAR,8,BUF,CAR,00-0039875,R.Davis,00-0039875,Ray Davis,RB,0,0.0,0.0,A,10,79.0,0.0,0.0,0,0,0
2025_08_BUF_CAR,8,CAR,BUF,00-0036139,R.Dowdle,00-0036139,Rico Dowdle,RB,4,33.0,8.25,H,7,38.0,0.5714285714285714,0.868421052631579,1,1,1
2025_08_BUF_CAR,8,CAR,BUF,00-0036555,C.Hubbard,00-0036555,Chuba Hubbard,RB,2,4.0,2.0,H,7,38.0,0.2857142857142857,0.10526315789473684,0,0,0
2025_08_BUF_CAR,8,CAR,BUF,00-0040644,T.Etienne,00-0040644,Trevor Etienne,RB,0,0.0,0.0,H,7,38.0,0.0,0.0,0,0,0
2025_08_CHI_BAL,8,BAL,CHI,00-0032764,D.Henry,00-0032764,Derrick Henry,RB,1,4.0,4.0,H,1,4.0,1.0,1.0,0,0,0
2025_08_CHI_BAL,8,BAL,CHI,00-0038454,K.Mitchell,00-0038454,Keaton Mitchell,RB,0,0.0,0.0,H,1,4.0,0.0,0.0,0,0,0
2025_08_CHI_BAL,8,BAL,CHI,00-0034975,J.Hill,00-0034975,Justice Hill,RB,0,0.0,0.0,H,1,4.0,0.0,0.0,0,0,0
2025_08_CHI_BAL,8,CHI,BAL,00-0036275,D.Swift,00-0036275,D'Andre Swift,RB,4,23.0,5.75,A,10,41.0,0.4,0.5609756097560976,1,1,0
2025_08_CHI_BAL,8,CHI,BAL,00-0040236,K.Monangai,00-0040236,Kyle Monangai,RB,4,13.0,3.25,A,10,41.0,0.4,0.3170731707317073,0,0,0
2025_08_CLE_NE,8,CLE,NE,00-0040784,Q.Judkins,00-0040784,Quinshon Judkins,RB,3,8.0,2.6666666666666665,A,4,39.0,0.75,0.20512820512820512,0,0,0
2025_08_CLE_NE,8,CLE,NE,00-0040162,D.Sampson,00-0040162,Dylan Sampson,RB,0,0.0,0.0,A,4,39.0,0.0,0.0,0,0,0
2025_08_CLE_NE,8,NE,CLE,00-0040734,T.Henderson,00-0040734,TreVeyon Henderson,RB,2,30.0,15.0,H,10,57.0,0.2,0.5263157894736842,1,1,1
2025_08_CLE_NE,8,NE,CLE,00-0036875,R.Stevenson,00-0036875,Rhamondre Stevenson,RB,6,8.0,1.3333333333333333,H,10,57.0,0.6,0.14035087719298245,0,0,0
2025_08_CLE_NE,8,NE,CLE,00-0039757,T.Jennings,00-0039757,Terrell Jennings,RB,0,0.0,0.0,H,10,57.0,0.0,0.0,0,0,0
2025_08_DAL_DEN,8,DAL,DEN,00-0036997,J.Williams,00-0036997,Javonte Williams,RB,5,20.0,4.0,A,6,25.0,0.8333333333333334,0.8,1,1,0
2025_08_DAL_DEN,8,DAL,DEN,00-0040586,J.Blue,00-0040586,Jaydon Blue,RB,0,0.0,0.0,A,6,25.0,0.0,0.0,0,0,0
2025_08_DAL_DEN,8,DAL,DEN,00-0038738,H.Luepke,00-0038738,Hunter Luepke,RB,0,0.0,0.0,A,6,25.0,0.0,0.0,0,0,0
2025_08_DAL_DEN,8,DAL,DEN,00-0037563,M.Davis,00-0037563,Malik Davis,RB,0,0.0,0.0,A,6,25.0,0.0,0.0,0,0,0
2025_08_DAL_DEN,8,DEN,DAL,00-0040730,R.Harvey,00-0040730,RJ Harvey,RB,1,40.0,40.0,H,5,71.0,0.2,0.5633802816901409,1,1,1
2025_08_DAL_DEN,8,DEN,DAL,00-0036158,J.Dobbins,00-0036158,J.K. Dobbins,RB,3,29.0,9.666666666666666,H,5,71.0,0.6,0.4084507042253521,1,1,1
2025_08_DAL_DEN,8,DEN,DAL,00-0037085,T.Badie,00-0037085,Tyler Badie,RB,0,0.0,0.0,H,5,71.0,0.0,0.0,0,0,0
2025_08_GB_PIT,8,GB,PIT,00-0035700,J.Jacobs,00-0035700,Josh Jacobs,RB,3,12.0,4.0,A,5,15.0,0.6,0.8,0,0,0
2025_08_GB_PIT,8,GB,PIT,00-0038797,E.Wilson,00-0038797,Emanuel Wilson,RB,1,2.0,2.0,A,5,15.0,0.2,0.13333333333333333,0,0,0
2025_08_GB_PIT,8,PIT,GB,00-0037228,J.Warren,00-0037228,Jaylen Warren,RB,3,10.0,3.3333333333333335,H,3,10.0,1.0,1.0,0,0,0
2025_08_GB_PIT,8,PIT,GB,00-0036919,K.Gainwell,00-0036919,Kenneth Gainwell,RB,0,0.0,0.0,H,3,10.0,0.0,0.0,0,0,0
2025_08_MIA_ATL,8,ATL,MIA,00-0038542,B.Robinson,00-0038542,Bijan Robinson,RB,3,1.0,0.3333333333333333,H,3,1.0,1.0,1.0,0,0,0
2025_08_MIA_ATL,8,ATL,MIA,00-0037263,T.Allgeier,00-0037263,Tyler Allgeier,RB,0,0.0,0.0,H,3,1.0,0.0,0.0,0,0,0
2025_08_MIA_ATL,8,ATL,MIA,00-0040547,N.Carter,00-0040547,Nate Carter,RB,0,0.0,0.0,H,3,1.0,0.0,0.0,0,0,0
2025_08_MIA_ATL,8,MIA,ATL,00-0039040,D.Achane,00-0039040,De'Von Achane,RB,5,26.0,5.2,A,11,44.0,0.45454545454545453,0.5909090909090909,1,1,1
2025_08_MIA_ATL,8,MIA,ATL,00-0040198,O.Gordon,00-0040198,Ollie Gordon II,RB,5,11.0,2.2,A,11,44.0,0.45454545454545453,0.25,0,0,0
2025_08_MIA_ATL,8,MIA,ATL,00-0039874,J.Wright,00-0039874,Jaylen Wright,RB,1,7.0,7.0,A,11,44.0,0.09090909090909091,0.1590909090909091,0,0,0
2025_08_MIN_LAC,8,LAC,MIN,00-0039391,K.Vidal,00-0039391,Kimani Vidal,RB,7,15.0,2.142857142857143,H,10,24.0,0.7,0.625,1,0,0
2025_08_MIN_LAC,8,LAC,MIN,00-0036755,J.Patterson,00-0036755,Jaret Patterson,RB,2,7.0,3.5,H,10,24.0,0.2,0.2916666666666667,0,0,0
2025_08_MIN_LAC,8,LAC,MIN,00-0034367,N.Miller-Hines,00-0034367,Nyheim Hines,RB,0,0.0,0.0,H,10,24.0,0.0,0.0,0,0,0
2025_08_MIN_LAC,8,MIN,LAC,00-0037525,J.Mason,00-0037525,Jordan Mason,RB,2,1.0,0.5,A,3,1.0,0.6666666666666666,1.0,0,0,0
2025_08_MIN_LAC,8,MIN,LAC,00-0033293,A.Jones,00-0033293,Aaron Jones,RB,1,0.0,0.0,A,3,1.0,0.3333333333333333,0.0,0,0,0
2025_08_MIN_LAC,8,MIN,LAC,00-0038440,Z.Scott,00-0038440,Zavier Scott,RB,0,0.0,0.0,A,3,1.0,0.0,0.0,0,0,0
2025_08_NYG_PHI,8,NYG,PHI,00-0040715,C.Skattebo,00-0040715,Cam Skattebo,RB,3,12.0,4.0,A,5,21.0,0.6,0.5714285714285714,0,0,0
2025_08_NYG_PHI,8,NYG,PHI,00-0039384,T.Tracy,00-0039384,Tyrone Tracy Jr.,RB,0,0.0,0.0,A,5,21.0,0.0,0.0,0,0,0
2025_08_NYG_PHI,8,NYG,PHI,00-0035250,D.Singletary,00-0035250,Devin Singletary,RB,0,0.0,0.0,A,5,21.0,0.0,0.0,0,0,0
2025_08_NYG_PHI,8,PHI,NYG,00-0034844,S.Barkley,00-0034844,Saquon Barkley,RB,4,82.0,20.5,H,8,112.0,0.5,0.7321428571428571,1,1,1
2025_08_NYG_PHI,8,PHI,NYG,00-0038555,T.Bigsby,00-0038555,Tank Bigsby,RB,2,18.0,9.0,H,8,112.0,0.25,0.16071428571428573,1,0,0
2025_08_NYG_PHI,8,PHI,NYG,00-0039746,W.Shipley,00-0039746,Will Shipley,RB,0,0.0,0.0,H,8,112.0,0.0,0.0,0,0,0
2025_08_NYJ_CIN,8,CIN,NYJ,00-0038597,C.Brown,00-0038597,Chase Brown,RB,5,28.0,5.6,H,8,43.0,0.625,0.6511627906976745,1,1,1
2025_08_NYJ_CIN,8,CIN,NYJ,00-0033526,S.Perine,00-0033526,Samaje Perine,RB,2,14.0,7.0,H,8,43.0,0.25,0.32558139534883723,0,0,0
2025_08_NYJ_CIN,8,NYJ,CIN,00-0039798,I.Davis,00-0039798,Isaiah Davis,RB,2,3.0,1.5,A,7,11.0,0.2857142857142857,0.2727272727272727,0,0,0
2025_08_NYJ_CIN,8,NYJ,CIN,00-0038120,B.Hall,00-0038120,Breece Hall,RB,4,1.0,0.25,A,7,11.0,0.5714285714285714,0.09090909090909091,0,0,0
2025_08_SF_HOU,8,HOU,SF,00-0034791,N.Chubb,00-0034791,Nick Chubb,RB,5,23.0,4.6,H,10,36.0,0.5,0.6388888888888888,1,1,0
2025_08_SF_HOU,8,HOU,SF,00-0040583,W.Marks,00-0040583,Woody Marks,RB,3,10.0,3.3333333333333335,H,10,36.0,0.3,0.2777777777777778,0,0,0
2025_08_SF_HOU,8,HOU,SF,00-0033854,D.Ogunbowale,00-0033854,Dare Ogunbowale,RB,0,0.0,0.0,H,10,36.0,0.0,0.0,0,0,0
2025_08_SF_HOU,8,SF,HOU,00-0033280,C.McCaffrey,00-0033280,Christian McCaffrey,RB,0,0.0,0.0,A,1,13.0,0.0,0.0,0,0,0
2025_08_TB_NO,8,NO,TB,00-0033906,A.Kamara,00-0033906,Alvin Kamara,RB,3,12.0,4.0,H,6,18.0,0.5,0.6666666666666666,0,0,0
2025_08_TB_NO,8,TB,NO,00-0037256,R.White,00-0037256,Rachaad White,RB,4,17.0,4.25,A,6,28.0,0.6666666666666666,0.6071428571428571,1,0,0
2025_08_TB_NO,8,TB,NO,00-0038951,S.Tucker,00-0038951,Sean Tucker,RB,2,11.0,5.5,A,6,28.0,0.3333333333333333,0.39285714285714285,0,0,0
2025_08_TB_NO,8,TB,NO,00-0040429,J.Williams,00-0040429,Josh Williams,RB,0,0.0,0.0,A,6,28.0,0.0,0.0,0,0,0
2025_08_TEN_IND,8,IND,TEN,00-0036223,J.Taylor,00-0036223,Jonathan Taylor,RB,6,62.0,10.333333333333334,H,7,65.0,0.8571428571428571,0.9538461538461539,1,1,1
2025_08_TEN_IND,8,IND,TEN,00-0032104,A.Abdullah,00-0032104,Ameer Abdullah,RB,0,0.0,0.0,H,7,65.0,0.0,0.0,0,0,0
2025_08_TEN_IND,8,IND,TEN,00-0037120,T.Goodson,00-0037120,Tyler Goodson,RB,0,0.0,0.0,H,7,65.0,0.0,0.0,0,0,0
2025_08_TEN_IND,8,TEN,IND,00-0035261,T.Pollard,00-0035261,Tony Pollard,RB,5,20.0,4.0,A,5,20.0,1.0,1.0,1,1,0
2025_08_TEN_IND,8,TEN,IND,00-0039032,T.Spears,00-0039032,Tyjae Spears,RB,0,0.0,0.0,A,5,20.0,0.0,0.0,0,0,0
2025_08_TEN_IND,8,TEN,IND,00-0037594,J.Chestnut,00-0037594,Julius Chestnut,RB,0,0.0,0.0,A,5,20.0,0.0,0.0,0,0,0
2025_08_WAS_KC,8,KC,WAS,00-0033923,K.Hunt,00-0033923,Kareem Hunt,RB,1,5.0,5.0,H,4,18.0,0.25,0.2777777777777778,0,0,0
2025_08_WAS_KC,8,KC,WAS,00-0037197,I.Pacheco,00-0037197,Isiah Pacheco,RB,1,3.0,3.0,H,4,18.0,0.25,0.16666666666666666,0,0,0
2025_08_WAS_KC,8,KC,WAS,00-0040078,B.Smith,00-0040078,Brashard Smith,RB,1,1.0,1.0,H,4,18.0,0.25,0.05555555555555555,0,0,0
2025_08_WAS_KC,8,WAS,KC,00-0040242,J.Croskey-Merritt,00-0040242,Jacory Croskey-Merritt,RB,5,17.0,3.4,A,8,29.0,0.625,0.5862068965517241,1,0,0
2025_08_WAS_KC,8,WAS,KC,00-0038611,C.Rodriguez,00-0038611,Chris Rodriguez Jr.,RB,1,2.0,2.0,A,8,29.0,0.125,0.06896551724137931,0,0,0
2025_08_WAS_KC,8,WAS,KC,00-0033955,J.McNichols,00-0033955,Jeremy McNichols,RB,0,0.0,0.0,A,8,29.0,0.0,0.0,0,0,0
2025_09_ARI_DAL,9,ARI,DAL,00-0038705,E.Demercado,00-0038705,Emari Demercado,RB,2,8.0,4.0,A,5,12.0,0.4,0.6666666666666666,0,0,0
2025_09_ARI_DAL,9,ARI,DAL,00-0037157,Z.Knight,00-0037157,Bam Knight,RB,2,4.0,2.0,A,5,12.0,0.4,0.3333333333333333,0,0,0
2025_09_ARI_DAL,9,DAL,ARI,00-0036997,J.Williams,00-0036997,Javonte Williams,RB,5,29.0,5.8,H,5,29.0,1.0,1.0,1,1,1
2025_09_ARI_DAL,9,DAL,ARI,00-0037563,M.Davis,00-0037563,Malik Davis,RB,0,0.0,0.0,H,5,29.0,0.0,0.0,0,0,0
2025_09_ATL_NE,9,ATL,NE,00-0037263,T.Allgeier,00-0037263,Tyler Allgeier,RB,1,2.0,2.0,A,3,2.0,0.3333333333333333,1.0,0,0,0
2025_09_ATL_NE,9,ATL,NE,00-0038542,B.Robinson,00-0038542,Bijan Robinson,RB,2,0.0,0.0,A,3,2.0,0.6666666666666666,0.0,0,0,0
2025_09_ATL_NE,9,NE,ATL,00-0040734,T.Henderson,00-0040734,TreVeyon Henderson,RB,3,13.0,4.333333333333333,H,7,32.0,0.42857142857142855,0.40625,0,0,0
2025_09_ATL_NE,9,NE,ATL,00-0039757,T.Jennings,00-0039757,Terrell Jennings,RB,3,7.0,2.3333333333333335,H,7,32.0,0.42857142857142855,0.21875,0,0,0
2025_09_BAL_MIA,9,BAL,MIA,00-0032764,D.Henry,00-0032764,Derrick Henry,RB,5,12.0,2.4,A,6,12.0,0.8333333333333334,1.0,0,0,0
2025_09_BAL_MIA,9,BAL,MIA,00-0038454,K.Mitchell,00-0038454,Keaton Mitchell,RB,0,0.0,0.0,A,6,12.0,0.0,0.0,0,0,0
2025_09_BAL_MIA,9,BAL,MIA,00-0034975,J.Hill,00-0034975,Justice Hill,RB,0,0.0,0.0,A,6,12.0,0.0,0.0,0,0,0
2025_09_BAL_MIA,9,MIA,BAL,00-0039040,D.Achane,00-0039040,De'Von Achane,RB,5,26.0,5.2,H,7,32.0,0.7142857142857143,0.8125,1,1,1
2025_09_BAL_MIA,9,MIA,BAL,00-0040198,O.Gordon,00-0040198,Ollie Gordon II,RB,2,6.0,3.0,H,7,32.0,0.2857142857142857,0.1875,0,0,0
2025_09_CAR_GB,9,CAR,GB,00-0036139,R.Dowdle,00-0036139,Rico Dowdle,RB,8,33.0,4.125,A,9,37.0,0.8888888888888888,0.8918918918918919,1,1,1
2025_09_CAR_GB,9,CAR,GB,00-0036555,C.Hubbard,00-0036555,Chuba Hubbard,RB,0,0.0,0.0,A,9,37.0,0.0,0.0,0,0,0
2025_09_CAR_GB,9,GB,CAR,00-0035700,J.Jacobs,00-0035700,Josh Jacobs,RB,2,23.0,11.5,H,4,30.0,0.5,0.7666666666666667,1,1,0
2025_09_CAR_GB,9,GB,CAR,00-0038797,E.Wilson,00-0038797,Emanuel Wilson,RB,1,7.0,7.0,H,4,30.0,0.25,0.23333333333333334,0,0,0
2025_09_CHI_CIN,9,CHI,CIN,00-0040236,K.Monangai,00-0040236,Kyle Monangai,RB,11,63.0,5.7272727272727275,A,13,81.0,0.8461538461538461,0.7777777777777778,1,1,1
2025_09_CHI_CIN,9,CHI,CIN,00-0037329,B.Brown,00-0037329,Brittain Brown,RB,0,0.0,0.0,A,13,81.0,0.0,0.0,0,0,0
2025_09_CHI_CIN,9,CIN,CHI,00-0038597,C.Brown,00-0038597,Chase Brown,RB,3,16.0,5.333333333333333,H,4,21.0,0.75,0.7619047619047619,1,0,0
2025_09_CHI_CIN,9,CIN,CHI,00-0033526,S.Perine,00-0033526,Samaje Perine,RB,1,5.0,5.0,H,4,21.0,0.25,0.23809523809523808,0,0,0
2025_09_CHI_CIN,9,CIN,CHI,00-0040208,T.Brooks,00-0040208,Tahj Brooks,RB,0,0.0,0.0,H,4,21.0,0.0,0.0,0,0,0
2025_09_DEN_HOU,9,DEN,HOU,00-0036158,J.Dobbins,00-0036158,J.K. Dobbins,RB,4,24.0,6.0,A,5,26.0,0.8,0.9230769230769231,1,1,0
2025_09_DEN_HOU,9,DEN,HOU,00-0040730,R.Harvey,00-0040730,RJ Harvey,RB,1,2.0,2.0,A,5,26.0,0.2,0.07692307692307693,0,0,0
2025_09_DEN_HOU,9,DEN,HOU,00-0036727,A.Prentice,00-0036727,Adam Prentice,RB,0,0.0,0.0,A,5,26.0,0.0,0.0,0,0,0
2025_09_DEN_HOU,9,HOU,DEN,00-0040583,W.Marks,00-0040583,Woody Marks,RB,3,7.0,2.3333333333333335,H,9,19.0,0.3333333333333333,0.3684210526315789,0,0,0
2025_09_DEN_HOU,9,HOU,DEN,00-0034791,N.Chubb,00-0034791,Nick Chubb,RB,3,6.0,2.0,H,9,19.0,0.3333333333333333,0.3157894736842105,0,0,0
2025_09_DEN_HOU,9,HOU,DEN,00-0039603,B.Brooks,00-0039603,British Brooks,RB,2,0.0,0.0,H,9,19.0,0.2222222222222222,0.0,0,0,0
2025_09_IND_PIT,9,IND,PIT,00-0036223,J.Taylor,00-0036223,Jonathan Taylor,RB,4,9.0,2.25,A,6,13.0,0.6666666666666666,0.6923076923076923,0,0,0
2025_09_IND_PIT,9,IND,PIT,00-0032104,A.Abdullah,00-0032104,Ameer Abdullah,RB,0,0.0,0.0,A,6,13.0,0.0,0.0,0,0,0
2025_09_IND_PIT,9,PIT,IND,00-0037228,J.Warren,00-0037228,Jaylen Warren,RB,2,3.0,1.5,H,2,3.0,1.0,1.0,0,0,0
2025_09_IND_PIT,9,PIT,IND,00-0036919,K.Gainwell,00-0036919,Kenneth Gainwell,RB,0,0.0,0.0,H,2,3.0,0.0,0.0,0,0,0
2025_09_IND_PIT,9,PIT,IND,00-0040142,K.Johnson,00-0040142,Kaleb Johnson,RB,0,0.0,0.0,H,2,3.0,0.0,0.0,0,0,0
2025_09_JAX_LV,9,JAX,LV,00-0036973,T.Etienne,00-0036973,Travis Etienne,RB,6,16.0,2.6666666666666665,A,10,31.0,0.6,0.5161290322580645,1,0,0
2025_09_JAX_LV,9,JAX,LV,00-0040719,B.Tuten,00-0040719,Bhayshul Tuten,RB,2,8.0,4.0,A,10,31.0,0.2,0.25806451612903225,0,0,0
2025_09_JAX_LV,9,JAX,LV,00-0040238,L.Allen,00-0040238,LeQuint Allen Jr.,RB,0,0.0,0.0,A,10,31.0,0.0,0.0,0,0,0
2025_09_JAX_LV,9,LV,JAX,00-0040122,A.Jeanty,00-0040122,Ashton Jeanty,RB,4,35.0,8.75,H,4,35.0,1.0,1.0,1,1,1
2025_09_KC_BUF,9,BUF,KC,00-0037248,J.Cook,00-0037248,James Cook,RB,7,42.0,6.0,H,7,42.0,1.0,1.0,1,1,1
2025_09_KC_BUF,9,BUF,KC,00-0035537,Ty.Johnson,00-0035537,Ty Johnson,RB,0,0.0,0.0,H,7,42.0,0.0,0.0,0,0,0
2025_09_KC_BUF,9,KC,BUF,00-0033923,K.Hunt,00-0033923,Kareem Hunt,RB,3,14.0,4.666666666666667,A,6,28.0,0.5,0.5,0,0,0
2025_09_KC_BUF,9,KC,BUF,00-0040078,B.Smith,00-0040078,Brashard Smith,RB,1,4.0,4.0,A,6,28.0,0.16666666666666666,0.14285714285714285,0,0,0
2025_09_KC_BUF,9,KC,BUF,00-0036360,C.Edwards-Helaire,00-0036360,Clyde Edwards-Helaire,RB,0,0.0,0.0,A,6,28.0,0.0,0.0,0,0,0
2025_09_LAC_TEN,9,LAC,TEN,00-0039391,K.Vidal,00-0039391,Kimani Vidal,RB,6,9.0,1.5,A,7,14.0,0.8571428571428571,0.6428571428571429,0,0,0
2025_09_LAC_TEN,9,LAC,TEN,00-0036755,J.Patterson,00-0036755,Jaret Patterson,RB,1,5.0,5.0,A,7,14.0,0.14285714285714285,0.35714285714285715,0,0,0
2025_09_LAC_TEN,9,TEN,LAC,00-0035261,T.Pollard,00-0035261,Tony Pollard,RB,2,28.0,14.0,H,4,29.0,0.5,0.9655172413793104,1,1,1
2025_09_LAC_TEN,9,TEN,LAC,00-0039032,T.Spears,00-0039032,Tyjae Spears,RB,1,1.0,1.0,H,4,29.0,0.25,0.034482758620689655,0,0,0
2025_09_MIN_DET,9,DET,MIN,00-0039139,J.Gibbs,00-0039139,Jahmyr Gibbs,RB,3,17.0,5.666666666666667,H,4,19.0,0.75,0.8947368421052632,1,0,0
2025_09_MIN_DET,9,DET,MIN,00-0035685,D.Montgomery,00-0035685,David Montgomery,RB,1,2.0,2.0,H,4,19.0,0.25,0.10526315789473684,0,0,0
2025_09_MIN_DET,9,MIN,DET,00-0033293,A.Jones,00-0033293,Aaron Jones,RB,5,32.0,6.4,A,6,33.0,0.8333333333333334,0.9696969696969697,1,1,1
2025_09_MIN_DET,9,MIN,DET,00-0037525,J.Mason,00-0037525,Jordan Mason,RB,1,1.0,1.0,A,6,33.0,0.16666666666666666,0.030303030303030304,0,0,0
2025_09_NO_LA,9,LA,NO,00-0037840,K.Williams,00-0037840,Kyren Williams,RB,6,18.0,3.0,H,7,22.0,0.8571428571428571,0.8181818181818182,1,0,0
2025_09_NO_LA,9,LA,NO,00-0039738,B.Corum,00-0039738,Blake Corum,RB,1,4.0,4.0,H,7,22.0,0.14285714285714285,0.18181818181818182,0,0,0
2025_09_NO_LA,9,NO,LA,00-0033906,A.Kamara,00-0033906,Alvin Kamara,RB,3,6.0,2.0,A,3,6.0,1.0,1.0,0,0,0
2025_09_NO_LA,9,NO,LA,00-0040202,D.Neal,00-0040202,Devin Neal,RB,0,0.0,0.0,A,3,6.0,0.0,0.0,0,0,0
2025_09_SEA_WAS,9,SEA,WAS,00-0038134,K.Walker,00-0038134,Kenneth Walker III,RB,5,26.0,5.2,A,6,37.0,0.8333333333333334,0.7027027027027027,1,1,1
2025_09_SEA_WAS,9,SEA,WAS,00-0039165,Z.Charbonnet,00-0039165,Zach Charbonnet,RB,0,0.0,0.0,A,6,37.0,0.0,0.0,0,0,0
2025_09_SEA_WAS,9,SEA,WAS,00-0039299,G.Holani,00-0039299,George Holani,RB,0,0.0,0.0,A,6,37.0,0.0,0.0,0,0,0
2025_09_SEA_WAS,9,WAS,SEA,00-0040242,J.Croskey-Merritt,00-0040242,Jacory Croskey-Merritt,RB,3,11.0,3.6666666666666665,H,8,27.0,0.375,0.4074074074074074,0,0,0
2025_09_SEA_WAS,9,WAS,SEA,00-0033955,J.McNichols,00-0033955,Jeremy McNichols,RB,1,0.0,0.0,H,8,27.0,0.125,0.0,0,0,0
2025_09_SEA_WAS,9,WAS,SEA,00-0038611,C.Rodriguez,00-0038611,Chris Rodriguez Jr.,RB,0,0.0,0.0,H,8,27.0,0.0,0.0,0,0,0
2025_09_SF_NYG,9,NYG,SF,00-0035250,D.Singletary,00-0035250,Devin Singletary,RB,3,20.0,6.666666666666667,H,6,31.0,0.5,0.6451612903225806,1,1,0
2025_09_SF_NYG,9,NYG,SF,00-0039384,T.Tracy,00-0039384,Tyrone Tracy Jr.,RB,2,5.0,2.5,H,6,31.0,0.3333333333333333,0.16129032258064516,0,0,0
2025_09_SF_NYG,9,SF,NYG,00-0033280,C.McCaffrey,00-0033280,Christian McCaffrey,RB,7,39.0,5.571428571428571,A,9,57.0,0.7777777777777778,0.6842105263157895,1,1,1
2025_09_SF_NYG,9,SF,NYG,00-0037746,B.Robinson,00-0037746,Brian Robinson,RB,1,16.0,16.0,A,9,57.0,0.1111111111111111,0.2807017543859649,1,0,0
2025_10_ARI_SEA,10,ARI,SEA,00-0037157,Z.Knight,00-0037157,Bam Knight,RB,4,4.0,1.0,A,6,14.0,0.6666666666666666,0.2857142857142857,0,0,0
2025_10_ARI_SEA,10,ARI,SEA,00-0038705,E.Demercado,00-0038705,Emari Demercado,RB,1,4.0,4.0,A,6,14.0,0.16666666666666666,0.2857142857142857,0,0,0
2025_10_ARI_SEA,10,ARI,SEA,00-0036924,M.Carter,00-0036924,Michael Carter,RB,0,0.0,0.0,A,6,14.0,0.0,0.0,0,0,0
2025_10_ARI_SEA,10,SEA,ARI,00-0038134,K.Walker,00-0038134,Kenneth Walker III,RB,3,11.0,3.6666666666666665,H,8,36.0,0.375,0.3055555555555556,0,0,0
2025_10_ARI_SEA,10,SEA,ARI,00-0039299,G.Holani,00-0039299,George Holani,RB,1,9.0,9.0,H,8,36.0,0.125,0.25,0,0,0
2025_10_ARI_SEA,10,SEA,ARI,00-0039165,Z.Charbonnet,00-0039165,Zach Charbonnet,RB,2,5.0,2.5,H,8,36.0,0.25,0.1388888888888889,0,0,0
2025_10_ATL_IND,10,ATL,IND,00-0038542,B.Robinson,00-0038542,Bijan Robinson,RB,6,37.0,6.166666666666667,A,8,51.0,0.75,0.7254901960784313,1,1,1
2025_10_ATL_IND,10,ATL,IND,00-0037263,T.Allgeier,00-0037263,Tyler Allgeier,RB,2,14.0,7.0,A,8,51.0,0.25,0.27450980392156865,0,0,0
2025_10_ATL_IND,10,IND,ATL,00-0036223,J.Taylor,00-0036223,Jonathan Taylor,RB,5,39.0,7.8,H,8,77.0,0.625,0.5064935064935064,1,1,1
2025_10_ATL_IND,10,IND,ATL,00-0037120,T.Goodson,00-0037120,Tyler Goodson,RB,0,0.0,0.0,H,8,77.0,0.0,0.0,0,0,0
2025_10_BAL_MIN,10,BAL,MIN,00-0032764,D.Henry,00-0032764,Derrick Henry,RB,5,14.0,2.8,A,6,16.0,0.8333333333333334,0.875,0,0,0
2025_10_BAL_MIN,10,BAL,MIN,00-0038454,K.Mitchell,00-0038454,Keaton Mitchell,RB,0,0.0,0.0,A,6,16.0,0.0,0.0,0,0,0
2025_10_BAL_MIN,10,BAL,MIN,00-0034975,J.Hill,00-0034975,Justice Hill,RB,0,0.0,0.0,A,6,16.0,0.0,0.0,0,0,0
2025_10_BAL_MIN,10,BAL,MIN,00-0033376,P.Ricard,00-0033376,Patrick Ricard,RB,0,0.0,0.0,A,6,16.0,0.0,0.0,0,0,0
2025_10_BAL_MIN,10,MIN,BAL,00-0033293,A.Jones,00-0033293,Aaron Jones,RB,5,8.0,1.6,H,6,18.0,0.8333333333333334,0.4444444444444444,0,0,0
2025_10_BAL_MIN,10,MIN,BAL,00-0037525,J.Mason,00-0037525,Jordan Mason,RB,0,0.0,0.0,H,6,18.0,0.0,0.0,0,0,0
2025_10_BUF_MIA,10,BUF,MIA,00-0037248,J.Cook,00-0037248,James Cook,RB,3,11.0,3.6666666666666665,A,3,11.0,1.0,1.0,0,0,0
2025_10_BUF_MIA,10,BUF,MIA,00-0035537,Ty.Johnson,00-0035537,Ty Johnson,RB,0,0.0,0.0,A,3,11.0,0.0,0.0,0,0,0
2025_10_BUF_MIA,10,BUF,MIA,00-0039875,R.Davis,00-0039875,Ray Davis,RB,0,0.0,0.0,A,3,11.0,0.0,0.0,0,0,0
2025_10_BUF_MIA,10,MIA,BUF,00-0039040,D.Achane,00-0039040,De'Von Achane,RB,6,39.0,6.5,H,11,52.0,0.5454545454545454,0.75,1,1,1
2025_10_BUF_MIA,10,MIA,BUF,00-0035125,A.Ingold,00-0035125,Alec Ingold,RB,1,6.0,6.0,H,11,52.0,0.09090909090909091,0.11538461538461539,0,0,0
2025_10_BUF_MIA,10,MIA,BUF,00-0039874,J.Wright,00-0039874,Jaylen Wright,RB,3,3.0,1.0,H,11,52.0,0.2727272727272727,0.057692307692307696,0,0,0
2025_10_BUF_MIA,10,MIA,BUF,00-0040198,O.Gordon,00-0040198,Ollie Gordon II,RB,0,0.0,0.0,H,11,52.0,0.0,0.0,0,0,0
2025_10_CLE_NYJ,10,CLE,NYJ,00-0040784,Q.Judkins,00-0040784,Quinshon Judkins,RB,8,17.0,2.125,A,11,34.0,0.7272727272727273,0.5,1,0,0
2025_10_CLE_NYJ,10,CLE,NYJ,00-0037267,J.Ford,00-0037267,Jerome Ford,RB,0,0.0,0.0,A,11,34.0,0.0,0.0,0,0,0
2025_10_CLE_NYJ,10,CLE,NYJ,00-0040162,D.Sampson,00-0040162,Dylan Sampson,RB,1,-7.0,-7.0,A,11,34.0,0.09090909090909091,-0.20588235294117646,0,0,0
2025_10_CLE_NYJ,10,NYJ,CLE,00-0038120,B.Hall,00-0038120,Breece Hall,RB,2,3.0,1.5,H,3,12.0,0.6666666666666666,0.25,0,0,0
2025_10_CLE_NYJ,10,NYJ,CLE,00-0039798,I.Davis,00-0039798,Isaiah Davis,RB,0,0.0,0.0,H,3,12.0,0.0,0.0,0,0,0
2025_10_DET_WAS,10,DET,WAS,00-0039139,J.Gibbs,00-0039139,Jahmyr Gibbs,RB,4,22.0,5.5,A,8,44.0,0.5,0.5,1,1,0
2025_10_DET_WAS,10,DET,WAS,00-0035685,D.Montgomery,00-0035685,David Montgomery,RB,4,22.0,5.5,A,8,44.0,0.5,0.5,1,1,0
2025_10_DET_WAS,10,DET,WAS,00-0039364,S.Vaki,00-0039364,Sione Vaki,RB,0,0.0,0.0,A,8,44.0,0.0,0.0,0,0,0
2025_10_DET_WAS,10,WAS,DET,00-0038611,C.Rodriguez,00-0038611,Chris Rodriguez Jr.,RB,2,7.0,3.5,H,5,18.0,0.4,0.3888888888888889,0,0,0
2025_10_DET_WAS,10,WAS,DET,00-0040242,J.Croskey-Merritt,00-0040242,Jacory Croskey-Merritt,RB,2,7.0,3.5,H,5,18.0,0.4,0.3888888888888889,0,0,0
2025_10_DET_WAS,10,WAS,DET,00-0033955,J.McNichols,00-0033955,Jeremy McNichols,RB,1,4.0,4.0,H,5,18.0,0.2,0.2222222222222222,0,0,0
2025_10_JAX_HOU,10,HOU,JAX,00-0034791,N.Chubb,00-0034791,Nick Chubb,RB,1,3.0,3.0,H,4,6.0,0.25,0.5,0,0,0
2025_10_JAX_HOU,10,HOU,JAX,00-0040583,W.Marks,00-0040583,Woody Marks,RB,1,-3.0,-3.0,H,4,6.0,0.25,-0.5,0,0,0
2025_10_JAX_HOU,10,JAX,HOU,00-0036973,T.Etienne,00-0036973,Travis Etienne,RB,7,28.0,4.0,A,8,34.0,0.875,0.8235294117647058,1,1,1
2025_10_JAX_HOU,10,JAX,HOU,00-0040719,B.Tuten,00-0040719,Bhayshul Tuten,RB,1,6.0,6.0,A,8,34.0,0.125,0.17647058823529413,0,0,0
2025_10_LA_SF,10,LA,SF,00-0037840,K.Williams,00-0037840,Kyren Williams,RB,8,45.0,5.625,A,9,60.0,0.8888888888888888,0.75,1,1,1
2025_10_LA_SF,10,LA,SF,00-0039738,B.Corum,00-0039738,Blake Corum,RB,1,15.0,15.0,A,9,60.0,0.1111111111111111,0.25,1,0,0
2025_10_LA_SF,10,SF,LA,00-0033280,C.McCaffrey,00-0033280,Christian McCaffrey,RB,2,4.0,2.0,H,2,4.0,1.0,1.0,0,0,0
2025_10_LA_SF,10,SF,LA,00-0037746,B.Robinson,00-0037746,Brian Robinson,RB,0,0.0,0.0,H,2,4.0,0.0,0.0,0,0,0
2025_10_LV_DEN,10,DEN,LV,00-0036158,J.Dobbins,00-0036158,J.K. Dobbins,RB,3,9.0,3.0,H,3,9.0,1.0,1.0,0,0,0
2025_10_LV_DEN,10,DEN,LV,00-0040730,R.Harvey,00-0040730,RJ Harvey,RB,0,0.0,0.0,H,3,9.0,0.0,0.0,0,0,0
2025_10_LV_DEN,10,LV,DEN,00-0040122,A.Jeanty,00-0040122,Ashton Jeanty,RB,8,30.0,3.75,A,10,43.0,0.8,0.6976744186046512,1,1,1
2025_10_LV_DEN,10,LV,DEN,00-0031687,R.Mostert,00-0031687,Raheem Mostert,RB,0,0.0,0.0,A,10,43.0,0.0,0.0,0,0,0
2025_10_NE_TB,10,NE,TB,00-0040734,T.Henderson,00-0040734,TreVeyon Henderson,RB,2,16.0,8.0,A,8,25.0,0.25,0.64,1,0,0
2025_10_NE_TB,10,NE,TB,00-0039757,T.Jennings,00-0039757,Terrell Jennings,RB,4,5.0,1.25,A,8,25.0,0.5,0.2,0,0,0
2025_10_NE_TB,10,NE,TB,00-0035628,D.Johnson,00-0035628,D'Ernest Johnson,RB,0,0.0,0.0,A,8,25.0,0.0,0.0,0,0,0
2025_10_NE_TB,10,TB,NE,00-0038951,S.Tucker,00-0038951,Sean Tucker,RB,3,23.0,7.666666666666667,H,7,47.0,0.42857142857142855,0.48936170212765956,1,1,0
2025_10_NE_TB,10,TB,NE,00-0037256,R.White,00-0037256,Rachaad White,RB,3,13.0,4.333333333333333,H,7,47.0,0.42857142857142855,0.2765957446808511,0,0,0
2025_10_NO_CAR,10,CAR,NO,00-0036139,R.Dowdle,00-0036139,Rico Dowdle,RB,8,34.0,4.25,H,9,40.0,0.8888888888888888,0.85,1,1,1
2025_10_NO_CAR,10,CAR,NO,00-0036555,C.Hubbard,00-0036555,Chuba Hubbard,RB,0,0.0,0.0,H,9,40.0,0.0,0.0,0,0,0
2025_10_NO_CAR,10,NO,CAR,00-0040202,D.Neal,00-0040202,Devin Neal,RB,1,14.0,14.0,A,5,27.0,0.2,0.5185185185185185,0,0,0
2025_10_NO_CAR,10,NO,CAR,00-0033906,A.Kamara,00-0033906,Alvin Kamara,RB,3,12.0,4.0,A,5,27.0,0.6,0.4444444444444444,0,0,0
2025_10_NYG_CHI,10,CHI,NYG,00-0036275,D.Swift,00-0036275,D'Andre Swift,RB,4,19.0,4.75,H,8,31.0,0.5,0.6129032258064516,1,0,0
2025_10_NYG_CHI,10,CHI,NYG,00-0040236,K.Monangai,00-0040236,Kyle Monangai,RB,3,11.0,3.6666666666666665,H,8,31.0,0.375,0.3548387096774194,0,0,0
2025_10_NYG_CHI,10,NYG,CHI,00-0035250,D.Singletary,00-0035250,Devin Singletary,RB,1,0.0,0.0,A,4,-3.0,0.25,-0.0,0,0,0
2025_10_NYG_CHI,10,NYG,CHI,00-0039384,T.Tracy,00-0039384,Tyrone Tracy Jr.,RB,3,-3.0,-1.0,A,4,-3.0,0.75,1.0,0,0,0
2025_10_PHI_GB,10,GB,PHI,00-0035700,J.Jacobs,00-0035700,Josh Jacobs,RB,5,15.0,3.0,H,8,29.0,0.625,0.5172413793103449,1,0,0
2025_10_PHI_GB,10,GB,PHI,00-0038797,E.Wilson,00-0038797,Emanuel Wilson,RB,0,0.0,0.0,H,8,29.0,0.0,0.0,0,0,0
2025_10_PHI_GB,10,PHI,GB,00-0034844,S.Barkley,00-0034844,Saquon Barkley,RB,6,28.0,4.666666666666667,A,10,50.0,0.6,0.56,1,1,1
2025_10_PHI_GB,10,PHI,GB,00-0038555,T.Bigsby,00-0038555,Tank Bigsby,RB,1,5.0,5.0,A,10,50.0,0.1,0.1,0,0,0
2025_10_PHI_GB,10,PHI,GB,00-0039746,W.Shipley,00-0039746,Will Shipley,RB,1,4.0,4.0,A,10,50.0,0.1,0.08,0,0,0
2025_10_PIT_LAC,10,LAC,PIT,00-0039391,K.Vidal,00-0039391,Kimani Vidal,RB,2,5.0,2.5,H,6,11.0,0.3333333333333333,0.45454545454545453,0,0,0
2025_10_PIT_LAC,10,LAC,PIT,00-0036755,J.Patterson,00-0036755,Jaret Patterson,RB,1,1.0,1.0,H,6,11.0,0.16666666666666666,0.09090909090909091,0,0,0
2025_10_PIT_LAC,10,PIT,LAC,00-0037228,J.Warren,00-0037228,Jaylen Warren,RB,5,21.0,4.2,A,7,24.0,0.7142857142857143,0.875,1,1,0
2025_10_PIT_LAC,10,PIT,LAC,00-0040142,K.Johnson,00-0040142,Kaleb Johnson,RB,2,3.0,1.5,A,7,24.0,0.2857142857142857,0.125,0,0,0
2025_11_BAL_CLE,11,BAL,CLE,00-0032764,D.Henry,00-0032764,Derrick Henry,RB,3,15.0,5.0,A,7,38.0,0.42857142857142855,0.39473684210526316,1,0,0
2025_11_BAL_CLE,11,BAL,CLE,00-0038454,K.Mitchell,00-0038454,Keaton Mitchell,RB,2,11.0,5.5,A,7,38.0,0.2857142857142857,0.2894736842105263,0,0,0
2025_11_BAL_CLE,11,CLE,BAL,00-0040784,Q.Judkins,00-0040784,Quinshon Judkins,RB,6,35.0,5.833333333333333,H,7,54.0,0.8571428571428571,0.6481481481481481,1,1,1
2025_11_BAL_CLE,11,CLE,BAL,00-0040162,D.Sampson,00-0040162,Dylan Sampson,RB,1,19.0,19.0,H,7,54.0,0.14285714285714285,0.35185185185185186,1,0,0
2025_11_BAL_CLE,11,CLE,BAL,00-0037267,J.Ford,00-0037267,Jerome Ford,RB,0,0.0,0.0,H,7,54.0,0.0,0.0,0,0,0
2025_11_CAR_ATL,11,ATL,CAR,00-0038542,B.Robinson,00-0038542,Bijan Robinson,RB,5,32.0,6.4,H,5,32.0,1.0,1.0,1,1,1
2025_11_CAR_ATL,11,ATL,CAR,00-0037263,T.Allgeier,00-0037263,Tyler Allgeier,RB,0,0.0,0.0,H,5,32.0,0.0,0.0,0,0,0
2025_11_CAR_ATL,11,CAR,ATL,00-0036139,R.Dowdle,00-0036139,Rico Dowdle,RB,4,11.0,2.75,A,5,13.0,0.8,0.8461538461538461,0,0,0
2025_11_CAR_ATL,11,CAR,ATL,00-0040644,T.Etienne,00-0040644,Trevor Etienne,RB,1,2.0,2.0,A,5,13.0,0.2,0.15384615384615385,0,0,0
2025_11_CAR_ATL,11,CAR,ATL,00-0036555,C.Hubbard,00-0036555,Chuba Hubbard,RB,0,0.0,0.0,A,5,13.0,0.0,0.0,0,0,0
2025_11_CHI_MIN,11,CHI,MIN,00-0036275,D.Swift,00-0036275,D'Andre Swift,RB,3,10.0,3.3333333333333335,A,5,14.0,0.6,0.7142857142857143,0,0,0
2025_11_CHI_MIN,11,CHI,MIN,00-0040236,K.Monangai,00-0040236,Kyle Monangai,RB,1,4.0,4.0,A,5,14.0,0.2,0.2857142857142857,0,0,0
2025_11_CHI_MIN,11,CHI,MIN,00-0035594,T.Homer,00-0035594,Travis Homer,RB,0,0.0,0.0,A,5,14.0,0.0,0.0,0,0,0
2025_11_CHI_MIN,11,MIN,CHI,00-0033293,A.Jones,00-0033293,Aaron Jones,RB,8,35.0,4.375,H,9,41.0,0.8888888888888888,0.8536585365853658,1,1,1
2025_11_CHI_MIN,11,MIN,CHI,00-0037525,J.Mason,00-0037525,Jordan Mason,RB,1,6.0,6.0,H,9,41.0,0.1111111111111111,0.14634146341463414,0,0,0
2025_11_CIN_PIT,11,CIN,PIT,00-0038597,C.Brown,00-0038597,Chase Brown,RB,4,25.0,6.25,A,4,25.0,1.0,1.0,1,1,1
2025_11_CIN_PIT,11,CIN,PIT,00-0040208,T.Brooks,00-0040208,Tahj Brooks,RB,0,0.0,0.0,A,4,25.0,0.0,0.0,0,0,0
2025_11_CIN_PIT,11,CIN,PIT,00-0039266,K.Milton,00-0039266,Kendall Milton,RB,0,0.0,0.0,A,4,25.0,0.0,0.0,0,0,0
2025_11_CIN_PIT,11,PIT,CIN,00-0037228,J.Warren,00-0037228,Jaylen Warren,RB,5,48.0,9.6,H,10,55.0,0.5,0.8727272727272727,1,1,1
2025_11_CIN_PIT,11,PIT,CIN,00-0036919,K.Gainwell,00-0036919,Kenneth Gainwell,RB,3,4.0,1.3333333333333333,H,10,55.0,0.3,0.07272727272727272,0,0,0
2025_11_CIN_PIT,11,PIT,CIN,00-0040142,K.Johnson,00-0040142,Kaleb Johnson,RB,0,0.0,0.0,H,10,55.0,0.0,0.0,0,0,0
2025_11_DAL_LV,11,DAL,LV,00-0036997,J.Williams,00-0036997,Javonte Williams,RB,7,38.0,5.428571428571429,A,8,44.0,0.875,0.8636363636363636,1,1,1
2025_11_DAL_LV,11,DAL,LV,00-0037563,M.Davis,00-0037563,Malik Davis,RB,1,6.0,6.0,A,8,44.0,0.125,0.13636363636363635,0,0,0
2025_11_DAL_LV,11,DAL,LV,00-0038738,H.Luepke,00-0038738,Hunter Luepke,RB,0,0.0,0.0,A,8,44.0,0.0,0.0,0,0,0
2025_11_DAL_LV,11,LV,DAL,00-0031687,R.Mostert,00-0031687,Raheem Mostert,RB,0,0.0,0.0,H,1,-1.0,0.0,-0.0,0,0,0
2025_11_DAL_LV,11,LV,DAL,00-0040122,A.Jeanty,00-0040122,Ashton Jeanty,RB,1,-1.0,-1.0,H,1,-1.0,1.0,1.0,0,0,0
2025_11_DET_PHI,11,DET,PHI,00-0035685,D.Montgomery,00-0035685,David Montgomery,RB,3,10.0,3.3333333333333335,A,5,18.0,0.6,0.5555555555555556,0,0,0
2025_11_DET_PHI,11,DET,PHI,00-0039139,J.Gibbs,00-0039139,Jahmyr Gibbs,RB,1,-1.0,-1.0,A,5,18.0,0.2,-0.05555555555555555,0,0,0
2025_11_DET_PHI,11,PHI,DET,00-0034844,S.Barkley,00-0034844,Saquon Barkley,RB,6,17.0,2.8333333333333335,H,8,23.0,0.75,0.7391304347826086,1,0,0
2025_11_DET_PHI,11,PHI,DET,00-0038555,T.Bigsby,00-0038555,Tank Bigsby,RB,1,5.0,5.0,H,8,23.0,0.125,0.21739130434782608,0,0,0
2025_11_GB_NYG,11,GB,NYG,00-0035700,J.Jacobs,00-0035700,Josh Jacobs,RB,5,36.0,7.2,A,10,84.0,0.5,0.42857142857142855,1,1,1
2025_11_GB_NYG,11,GB,NYG,00-0038685,C.Brooks,00-0038685,Chris Brooks,RB,1,8.0,8.0,A,10,84.0,0.1,0.09523809523809523,0,0,0
2025_11_GB_NYG,11,GB,NYG,00-0038797,E.Wilson,00-0038797,Emanuel Wilson,RB,0,0.0,0.0,A,10,84.0,0.0,0.0,0,0,0
2025_11_GB_NYG,11,NYG,GB,00-0039384,T.Tracy,00-0039384,Tyrone Tracy Jr.,RB,3,13.0,4.333333333333333,H,6,25.0,0.5,0.52,0,0,0
2025_11_GB_NYG,11,NYG,GB,00-0035250,D.Singletary,00-0035250,Devin Singletary,RB,3,12.0,4.0,H,6,25.0,0.5,0.48,0,0,0
2025_11_HOU_TEN,11,HOU,TEN,00-0040583,W.Marks,00-0040583,Woody Marks,RB,4,5.0,1.25,A,4,5.0,1.0,1.0,0,0,0
2025_11_HOU_TEN,11,HOU,TEN,00-0034791,N.Chubb,00-0034791,Nick Chubb,RB,0,0.0,0.0,A,4,5.0,0.0,0.0,0,0,0
2025_11_HOU_TEN,11,TEN,HOU,00-0035261,T.Pollard,00-0035261,Tony Pollard,RB,4,8.0,2.0,H,4,8.0,1.0,1.0,0,0,0
2025_11_HOU_TEN,11,TEN,HOU,00-0039032,T.Spears,00-0039032,Tyjae Spears,RB,0,0.0,0.0,H,4,8.0,0.0,0.0,0,0,0
2025_11_KC_DEN,11,DEN,KC,00-0038794,J.McLaughlin,00-0038794,Jaleel McLaughlin,RB,3,7.0,2.3333333333333335,H,6,11.0,0.5,0.6363636363636364,0,0,0
2025_11_KC_DEN,11,DEN,KC,00-0040730,R.Harvey,00-0040730,RJ Harvey,RB,3,4.0,1.3333333333333333,H,6,11.0,0.5,0.36363636363636365,0,0,0
2025_11_KC_DEN,11,KC,DEN,00-0033923,K.Hunt,00-0033923,Kareem Hunt,RB,2,14.0,7.0,A,3,17.0,0.6666666666666666,0.8235294117647058,0,0,0
2025_11_LAC_JAX,11,JAX,LAC,00-0040719,B.Tuten,00-0040719,Bhayshul Tuten,RB,6,28.0,4.666666666666667,H,10,48.0,0.6,0.5833333333333334,1,1,1
2025_11_LAC_JAX,11,JAX,LAC,00-0036973,T.Etienne,00-0036973,Travis Etienne,RB,3,16.0,5.333333333333333,H,10,48.0,0.3,0.3333333333333333,1,0,0
2025_11_LAC_JAX,11,JAX,LAC,00-0040238,L.Allen,00-0040238,LeQuint Allen Jr.,RB,0,0.0,0.0,H,10,48.0,0.0,0.0,0,0,0
2025_11_LAC_JAX,11,LAC,JAX,00-0039391,K.Vidal,00-0039391,Kimani Vidal,RB,3,11.0,3.6666666666666665,A,6,22.0,0.5,0.5,0,0,0
2025_11_LAC_JAX,11,LAC,JAX,00-0035291,T.Williams,00-0035291,Trayveon Williams,RB,1,2.0,2.0,A,6,22.0,0.16666666666666666,0.09090909090909091,0,0,0
2025_11_LAC_JAX,11,LAC,JAX,00-0040039,A.Johnson,00-0040039,Amar Johnson,RB,0,0.0,0.0,A,6,22.0,0.0,0.0,0,0,0
2025_11_NYJ_NE,11,NE,NYJ,00-0040734,T.Henderson,00-0040734,TreVeyon Henderson,RB,5,17.0,3.4,H,6,21.0,0.8333333333333334,0.8095238095238095,1,0,0
2025_11_NYJ_NE,11,NE,NYJ,00-0035628,D.Johnson,00-0035628,D'Ernest Johnson,RB,0,0.0,0.0,H,6,21.0,0.0,0.0,0,0,0
2025_11_NYJ_NE,11,NYJ,NE,00-0038120,B.Hall,00-0038120,Breece Hall,RB,4,17.0,4.25,A,11,56.0,0.36363636363636365,0.30357142857142855,1,0,0
2025_11_NYJ_NE,11,NYJ,NE,00-0039798,I.Davis,00-0039798,Isaiah Davis,RB,2,11.0,5.5,A,11,56.0,0.18181818181818182,0.19642857142857142,0,0,0
2025_11_SEA_LA,11,LA,SEA,00-0037840,K.Williams,00-0037840,Kyren Williams,RB,6,76.0,12.666666666666666,H,10,79.0,0.6,0.9620253164556962,1,1,1
2025_11_SEA_LA,11,LA,SEA,00-0039738,B.Corum,00-0039738,Blake Corum,RB,4,3.0,0.75,H,10,79.0,0.4,0.0379746835443038,0,0,0
2025_11_SEA_LA,11,SEA,LA,00-0038134,K.Walker,00-0038134,Kenneth Walker III,RB,1,5.0,5.0,A,4,19.0,0.25,0.2631578947368421,0,0,0
2025_11_SEA_LA,11,SEA,LA,00-0039165,Z.Charbonnet,00-0039165,Zach Charbonnet,RB,1,1.0,1.0,A,4,19.0,0.25,0.05263157894736842,0,0,0
2025_11_SEA_LA,11,SEA,LA,00-0039299,G.Holani,00-0039299,George Holani,RB,0,0.0,0.0,A,4,19.0,0.0,0.0,0,0,0
2025_11_SF_ARI,11,ARI,SF,00-0037157,Z.Knight,00-0037157,Bam Knight,RB,4,20.0,5.0,H,6,27.0,0.6666666666666666,0.7407407407407407,1,1,0
2025_11_SF_ARI,11,ARI,SF,00-0038705,E.Demercado,00-0038705,Emari Demercado,RB,1,5.0,5.0,H,6,27.0,0.16666666666666666,0.18518518518518517,0,0,0
2025_11_SF_ARI,11,ARI,SF,00-0036924,M.Carter,00-0036924,Michael Carter,RB,0,0.0,0.0,H,6,27.0,0.0,0.0,0,0,0
2025_11_SF_ARI,11,SF,ARI,00-0033280,C.McCaffrey,00-0033280,Christian McCaffrey,RB,3,17.0,5.666666666666667,A,5,17.0,0.6,1.0,1,0,0
2025_11_SF_ARI,11,SF,ARI,00-0037746,B.Robinson,00-0037746,Brian Robinson,RB,2,0.0,0.0,A,5,17.0,0.4,0.0,0,0,0
2025_11_TB_BUF,11,BUF,TB,00-0035537,Ty.Johnson,00-0035537,Ty Johnson,RB,1,9.0,9.0,H,5,14.0,0.2,0.6428571428571429,0,0,0
2025_11_TB_BUF,11,BUF,TB,00-0037248,J.Cook,00-0037248,James Cook,RB,2,-1.0,-0.5,H,5,14.0,0.4,-0.07142857142857142,0,0,0
2025_11_TB_BUF,11,TB,BUF,00-0037256,R.White,00-0037256,Rachaad White,RB,4,20.0,5.0,A,10,47.0,0.4,0.425531914893617,1,1,0
2025_11_TB_BUF,11,TB,BUF,00-0038951,S.Tucker,00-0038951,Sean Tucker,RB,5,14.0,2.8,A,10,47.0,0.5,0.2978723404255319,0,0,0
2025_11_WAS_MIA,11,MIA,WAS,00-0039040,D.Achane,00-0039040,De'Von Achane,RB,5,50.0,10.0,H,6,54.0,0.8333333333333334,0.9259259259259259,1,1,1
2025_11_WAS_MIA,11,MIA,WAS,00-0039874,J.Wright,00-0039874,Jaylen Wright,RB,1,4.0,4.0,H,6,54.0,0.16666666666666666,0.07407407407407407,0,0,0
2025_11_WAS_MIA,11,MIA,WAS,00-0040198,O.Gordon,00-0040198,Ollie Gordon II,RB,0,0.0,0.0,H,6,54.0,0.0,0.0,0,0,0
2025_11_WAS_MIA,11,WAS,MIA,00-0038611,C.Rodriguez,00-0038611,Chris Rodriguez Jr.,RB,5,20.0,4.0,A,7,20.0,0.7142857142857143,1.0,1,1,0
2025_11_WAS_MIA,11,WAS,MIA,00-0040242,J.Croskey-Merritt,00-0040242,Jacory Croskey-Merritt,RB,0,0.0,0.0,A,7,20.0,0.0,0.0,0,0,0
2025_11_WAS_MIA,11,WAS,MIA,00-0033955,J.McNichols,00-0033955,Jeremy McNichols,RB,0,0.0,0.0,A,7,20.0,0.0,0.0,0,0,0
2025_12_ATL_NO,12,ATL,NO,00-0038542,B.Robinson,00-0038542,Bijan Robinson,RB,5,10.0,2.0,A,5,10.0,1.0,1.0,0,0,0
2025_12_ATL_NO,12,ATL,NO,00-0037263,T.Allgeier,00-0037263,Tyler Allgeier,RB,0,0.0,0.0,A,5,10.0,0.0,0.0,0,0,0
2025_12_ATL_NO,12,NO,ATL,00-0033906,A.Kamara,00-0033906,Alvin Kamara,RB,3,11.0,3.6666666666666665,H,6,13.0,0.5,0.8461538461538461,0,0,0
2025_12_ATL_NO,12,NO,ATL,00-0040202,D.Neal,00-0040202,Devin Neal,RB,0,0.0,0.0,H,6,13.0,0.0,0.0,0,0,0
2025_12_BUF_HOU,12,BUF,HOU,00-0037248,J.Cook,00-0037248,James Cook,RB,6,62.0,10.333333333333334,A,8,67.0,0.75,0.9253731343283582,1,1,1
2025_12_BUF_HOU,12,BUF,HOU,00-0035537,Ty.Johnson,00-0035537,Ty Johnson,RB,0,0.0,0.0,A,8,67.0,0.0,0.0,0,0,0
2025_12_BUF_HOU,12,HOU,BUF,00-0040583,W.Marks,00-0040583,Woody Marks,RB,4,38.0,9.5,H,7,54.0,0.5714285714285714,0.7037037037037037,1,1,1
2025_12_BUF_HOU,12,HOU,BUF,00-0034791,N.Chubb,00-0034791,Nick Chubb,RB,3,16.0,5.333333333333333,H,7,54.0,0.42857142857142855,0.2962962962962963,1,0,0
2025_12_CAR_SF,12,CAR,SF,00-0036555,C.Hubbard,00-0036555,Chuba Hubbard,RB,1,10.0,10.0,A,5,29.0,0.2,0.3448275862068966,0,0,0
2025_12_CAR_SF,12,CAR,SF,00-0036139,R.Dowdle,00-0036139,Rico Dowdle,RB,2,7.0,3.5,A,5,29.0,0.4,0.2413793103448276,0,0,0
2025_12_CAR_SF,12,SF,CAR,00-0033280,C.McCaffrey,00-0033280,Christian McCaffrey,RB,7,32.0,4.571428571428571,H,9,43.0,0.7777777777777778,0.7441860465116279,1,1,1
2025_12_CAR_SF,12,SF,CAR,00-0037746,B.Robinson,00-0037746,Brian Robinson,RB,2,11.0,5.5,H,9,43.0,0.2222222222222222,0.2558139534883721,0,0,0
2025_12_CLE_LV,12,CLE,LV,00-0040784,Q.Judkins,00-0040784,Quinshon Judkins,RB,5,17.0,3.4,A,6,14.0,0.8333333333333334,1.2142857142857142,1,0,0
2025_12_CLE_LV,12,CLE,LV,00-0037267,J.Ford,00-0037267,Jerome Ford,RB,0,0.0,0.0,A,6,14.0,0.0,0.0,0,0,0
2025_12_CLE_LV,12,CLE,LV,00-0040162,D.Sampson,00-0040162,Dylan Sampson,RB,1,-3.0,-3.0,A,6,14.0,0.16666666666666666,-0.21428571428571427,0,0,0
2025_12_CLE_LV,12,LV,CLE,00-0040122,A.Jeanty,00-0040122,Ashton Jeanty,RB,4,7.0,1.75,H,5,11.0,0.8,0.6363636363636364,0,0,0
2025_12_CLE_LV,12,LV,CLE,00-0031687,R.Mostert,00-0031687,Raheem Mostert,RB,0,0.0,0.0,H,5,11.0,0.0,0.0,0,0,0
2025_12_IND_KC,12,IND,KC,00-0036223,J.Taylor,00-0036223,Jonathan Taylor,RB,4,8.0,2.0,A,4,8.0,1.0,1.0,0,0,0
2025_12_IND_KC,12,KC,IND,00-0033923,K.Hunt,00-0033923,Kareem Hunt,RB,6,27.0,4.5,H,8,28.0,0.75,0.9642857142857143,1,1,1
2025_12_IND_KC,12,KC,IND,00-0036360,C.Edwards-Helaire,00-0036360,Clyde Edwards-Helaire,RB,1,0.0,0.0,H,8,28.0,0.125,0.0,0,0,0
2025_12_IND_KC,12,KC,IND,00-0040078,B.Smith,00-0040078,Brashard Smith,RB,0,0.0,0.0,H,8,28.0,0.0,0.0,0,0,0
2025_12_JAX_ARI,12,ARI,JAX,00-0037157,Z.Knight,00-0037157,Bam Knight,RB,3,7.0,2.3333333333333335,H,4,7.0,0.75,1.0,0,0,0
2025_12_JAX_ARI,12,ARI,JAX,00-0036924,M.Carter,00-0036924,Michael Carter,RB,0,0.0,0.0,H,4,7.0,0.0,0.0,0,0,0
2025_12_JAX_ARI,12,JAX,ARI,00-0036973,T.Etienne,00-0036973,Travis Etienne,RB,3,51.0,17.0,A,6,71.0,0.5,0.7183098591549296,1,1,1
2025_12_JAX_ARI,12,JAX,ARI,00-0040719,B.Tuten,00-0040719,Bhayshul Tuten,RB,1,3.0,3.0,A,6,71.0,0.16666666666666666,0.04225352112676056,0,0,0
2025_12_JAX_ARI,12,JAX,ARI,00-0040238,L.Allen,00-0040238,LeQuint Allen Jr.,RB,0,0.0,0.0,A,6,71.0,0.0,0.0,0,0,0
2025_12_MIN_GB,12,GB,MIN,00-0038797,E.Wilson,00-0038797,Emanuel Wilson,RB,6,17.0,2.8333333333333335,H,6,17.0,1.0,1.0,1,0,0
2025_12_MIN_GB,12,GB,MIN,00-0038685,C.Brooks,00-0038685,Chris Brooks,RB,0,0.0,0.0,H,6,17.0,0.0,0.0,0,0,0
2025_12_MIN_GB,12,MIN,GB,00-0033293,A.Jones,00-0033293,Aaron Jones,RB,4,23.0,5.75,A,7,29.0,0.5714285714285714,0.7931034482758621,1,1,0
2025_12_MIN_GB,12,MIN,GB,00-0037525,J.Mason,00-0037525,Jordan Mason,RB,2,6.0,3.0,A,7,29.0,0.2857142857142857,0.20689655172413793,0,0,0
2025_12_NE_CIN,12,CIN,NE,00-0038597,C.Brown,00-0038597,Chase Brown,RB,6,37.0,6.166666666666667,H,9,47.0,0.6666666666666666,0.7872340425531915,1,1,1
2025_12_NE_CIN,12,CIN,NE,00-0040208,T.Brooks,00-0040208,Tahj Brooks,RB,2,5.0,2.5,H,9,47.0,0.2222222222222222,0.10638297872340426,0,0,0
2025_12_NE_CIN,12,NE,CIN,00-0040734,T.Henderson,00-0040734,TreVeyon Henderson,RB,4,11.0,2.75,A,4,11.0,1.0,1.0,0,0,0
2025_12_NE_CIN,12,NE,CIN,00-0036875,R.Stevenson,00-0036875,Rhamondre Stevenson,RB,0,0.0,0.0,A,4,11.0,0.0,0.0,0,0,0
2025_12_NE_CIN,12,NE,CIN,00-0039757,T.Jennings,00-0039757,Terrell Jennings,RB,0,0.0,0.0,A,4,11.0,0.0,0.0,0,0,0
2025_12_NYG_DET,12,DET,NYG,00-0039139,J.Gibbs,00-0039139,Jahmyr Gibbs,RB,5,19.0,3.8,H,5,19.0,1.0,1.0,1,0,0
2025_12_NYG_DET,12,DET,NYG,00-0035685,D.Montgomery,00-0035685,David Montgomery,RB,0,0.0,0.0,H,5,19.0,0.0,0.0,0,0,0
2025_12_NYG_DET,12,NYG,DET,00-0039384,T.Tracy,00-0039384,Tyrone Tracy Jr.,RB,7,14.0,2.0,A,9,15.0,0.7777777777777778,0.9333333333333333,0,0,0
2025_12_NYG_DET,12,NYG,DET,00-0035250,D.Singletary,00-0035250,Devin Singletary,RB,2,1.0,0.5,A,9,15.0,0.2222222222222222,0.06666666666666667,0,0,0
2025_12_NYJ_BAL,12,BAL,NYJ,00-0032764,D.Henry,00-0032764,Derrick Henry,RB,4,10.0,2.5,H,7,18.0,0.5714285714285714,0.5555555555555556,0,0,0
2025_12_NYJ_BAL,12,BAL,NYJ,00-0038454,K.Mitchell,00-0038454,Keaton Mitchell,RB,0,0.0,0.0,H,7,18.0,0.0,0.0,0,0,0
2025_12_NYJ_BAL,12,NYJ,BAL,00-0038120,B.Hall,00-0038120,Breece Hall,RB,7,20.0,2.857142857142857,A,11,33.0,0.6363636363636364,0.6060606060606061,1,1,0
2025_12_NYJ_BAL,12,NYJ,BAL,00-0039798,I.Davis,00-0039798,Isaiah Davis,RB,3,5.0,1.6666666666666667,A,11,33.0,0.2727272727272727,0.15151515151515152,0,0,0
2025_12_PHI_DAL,12,DAL,PHI,00-0036997,J.Williams,00-0036997,Javonte Williams,RB,5,29.0,5.8,H,7,32.0,0.7142857142857143,0.90625,1,1,1
2025_12_PHI_DAL,12,DAL,PHI,00-0037563,M.Davis,00-0037563,Malik Davis,RB,0,0.0,0.0,H,7,32.0,0.0,0.0,0,0,0
2025_12_PHI_DAL,12,PHI,DAL,00-0034844,S.Barkley,00-0034844,Saquon Barkley,RB,4,10.0,2.5,A,6,21.0,0.6666666666666666,0.47619047619047616,0,0,0
2025_12_PHI_DAL,12,PHI,DAL,00-0038555,T.Bigsby,00-0038555,Tank Bigsby,RB,0,0.0,0.0,A,6,21.0,0.0,0.0,0,0,0
2025_12_PIT_CHI,12,CHI,PIT,00-0040236,K.Monangai,00-0040236,Kyle Monangai,RB,3,15.0,5.0,H,7,32.0,0.42857142857142855,0.46875,1,0,0
2025_12_PIT_CHI,12,CHI,PIT,00-0036275,D.Swift,00-0036275,D'Andre Swift,RB,3,8.0,2.6666666666666665,H,7,32.0,0.42857142857142855,0.25,0,0,0
2025_12_PIT_CHI,12,PIT,CHI,00-0036919,K.Gainwell,00-0036919,Kenneth Gainwell,RB,3,19.0,6.333333333333333,A,8,48.0,0.375,0.3958333333333333,1,0,0
2025_12_PIT_CHI,12,PIT,CHI,00-0037228,J.Warren,00-0037228,Jaylen Warren,RB,3,17.0,5.666666666666667,A,8,48.0,0.375,0.3541666666666667,1,0,0
2025_12_SEA_TEN,12,SEA,TEN,00-0038134,K.Walker,00-0038134,Kenneth Walker III,RB,2,11.0,5.5,A,3,16.0,0.6666666666666666,0.6875,0,0,0
2025_12_SEA_TEN,12,SEA,TEN,00-0039165,Z.Charbonnet,00-0039165,Zach Charbonnet,RB,0,0.0,0.0,A,3,16.0,0.0,0.0,0,0,0
2025_12_SEA_TEN,12,TEN,SEA,00-0035261,T.Pollard,00-0035261,Tony Pollard,RB,4,13.0,3.25,H,8,35.0,0.5,0.37142857142857144,0,0,0
2025_12_SEA_TEN,12,TEN,SEA,00-0037594,J.Chestnut,00-0037594,Julius Chestnut,RB,1,3.0,3.0,H,8,35.0,0.125,0.08571428571428572,0,0,0
2025_12_SEA_TEN,12,TEN,SEA,00-0039032,T.Spears,00-0039032,Tyjae Spears,RB,1,1.0,1.0,H,8,35.0,0.125,0.02857142857142857,0,0,0
2025_12_TB_LA,12,LA,TB,00-0039738,B.Corum,00-0039738,Blake Corum,RB,2,11.0,5.5,H,3,12.0,0.6666666666666666,0.9166666666666666,0,0,0
2025_12_TB_LA,12,LA,TB,00-0037840,K.Williams,00-0037840,Kyren Williams,RB,1,1.0,1.0,H,3,12.0,0.3333333333333333,0.08333333333333333,0,0,0
2025_12_TB_LA,12,TB,LA,00-0038951,S.Tucker,00-0038951,Sean Tucker,RB,4,16.0,4.0,A,8,32.0,0.5,0.5,1,0,0
2025_12_TB_LA,12,TB,LA,00-0037256,R.White,00-0037256,Rachaad White,RB,2,7.0,3.5,A,8,32.0,0.25,0.21875,0,0,0
2025_12_TB_LA,12,TB,LA,00-0038458,O.Wright,00-0038458,Owen Wright,RB,0,0.0,0.0,A,8,32.0,0.0,0.0,0,0,0
2025_13_ARI_TB,13,ARI,TB,00-0037157,Z.Knight,00-0037157,Bam Knight,RB,4,31.0,7.75,A,4,31.0,1.0,1.0,1,1,1
2025_13_ARI_TB,13,ARI,TB,00-0036924,M.Carter,00-0036924,Michael Carter,RB,0,0.0,0.0,A,4,31.0,0.0,0.0,0,0,0
2025_13_ARI_TB,13,TB,ARI,00-0039361,B.Irving,00-0039361,Bucky Irving,RB,3,11.0,3.6666666666666665,H,4,13.0,0.75,0.8461538461538461,0,0,0
2025_13_ARI_TB,13,TB,ARI,00-0037256,R.White,00-0037256,Rachaad White,RB,1,2.0,2.0,H,4,13.0,0.25,0.15384615384615385,0,0,0
2025_13_ARI_TB,13,TB,ARI,00-0038951,S.Tucker,00-0038951,Sean Tucker,RB,0,0.0,0.0,H,4,13.0,0.0,0.0,0,0,0
2025_13_ATL_NYJ,13,ATL,NYJ,00-0038542,B.Robinson,00-0038542,Bijan Robinson,RB,5,32.0,6.4,A,7,36.0,0.7142857142857143,0.8888888888888888,1,1,1
2025_13_ATL_NYJ,13,ATL,NYJ,00-0037263,T.Allgeier,00-0037263,Tyler Allgeier,RB,1,-1.0,-1.0,A,7,36.0,0.14285714285714285,-0.027777777777777776,0,0,0
2025_13_ATL_NYJ,13,NYJ,ATL,00-0038120,B.Hall,00-0038120,Breece Hall,RB,4,17.0,4.25,H,6,26.0,0.6666666666666666,0.6538461538461539,1,0,0
2025_13_BUF_PIT,13,BUF,PIT,00-0037248,J.Cook,00-0037248,James Cook,RB,7,42.0,6.0,A,10,67.0,0.7,0.6268656716417911,1,1,1
2025_13_BUF_PIT,13,BUF,PIT,00-0039875,R.Davis,00-0039875,Ray Davis,RB,3,25.0,8.333333333333334,A,10,67.0,0.3,0.373134328358209,1,1,1
2025_13_BUF_PIT,13,BUF,PIT,00-0035537,Ty.Johnson,00-0035537,Ty Johnson,RB,0,0.0,0.0,A,10,67.0,0.0,0.0,0,0,0
2025_13_BUF_PIT,13,PIT,BUF,00-0037228,J.Warren,00-0037228,Jaylen Warren,RB,5,18.0,3.6,H,6,20.0,0.8333333333333334,0.9,1,0,0
2025_13_BUF_PIT,13,PIT,BUF,00-0036919,K.Gainwell,00-0036919,Kenneth Gainwell,RB,1,2.0,2.0,H,6,20.0,0.16666666666666666,0.1,0,0,0
2025_13_BUF_PIT,13,PIT,BUF,00-0040142,K.Johnson,00-0040142,Kaleb Johnson,RB,0,0.0,0.0,H,6,20.0,0.0,0.0,0,0,0
2025_13_CHI_PHI,13,CHI,PHI,00-0036275,D.Swift,00-0036275,D'Andre Swift,RB,6,43.0,7.166666666666667,A,13,84.0,0.46153846153846156,0.5119047619047619,1,1,1
2025_13_CHI_PHI,13,CHI,PHI,00-0040236,K.Monangai,00-0040236,Kyle Monangai,RB,6,38.0,6.333333333333333,A,13,84.0,0.46153846153846156,0.4523809523809524,1,1,1
2025_13_CHI_PHI,13,PHI,CHI,00-0034844,S.Barkley,00-0034844,Saquon Barkley,RB,3,19.0,6.333333333333333,H,4,22.0,0.75,0.8636363636363636,1,0,0
2025_13_CIN_BAL,13,BAL,CIN,00-0032764,D.Henry,00-0032764,Derrick Henry,RB,5,33.0,6.6,H,6,44.0,0.8333333333333334,0.75,1,1,1
2025_13_CIN_BAL,13,BAL,CIN,00-0038454,K.Mitchell,00-0038454,Keaton Mitchell,RB,0,0.0,0.0,H,6,44.0,0.0,0.0,0,0,0
2025_13_CIN_BAL,13,BAL,CIN,00-0039796,R.Ali,00-0039796,Rasheen Ali,RB,0,0.0,0.0,H,6,44.0,0.0,0.0,0,0,0
2025_13_CIN_BAL,13,CIN,BAL,00-0038597,C.Brown,00-0038597,Chase Brown,RB,4,13.0,3.25,A,6,16.0,0.6666666666666666,0.8125,0,0,0
2025_13_CIN_BAL,13,CIN,BAL,00-0033526,S.Perine,00-0033526,Samaje Perine,RB,1,0.0,0.0,A,6,16.0,0.16666666666666666,0.0,0,0,0
2025_13_DEN_WAS,13,DEN,WAS,00-0040730,R.Harvey,00-0040730,RJ Harvey,RB,3,16.0,5.333333333333333,A,4,17.0,0.75,0.9411764705882353,1,0,0
2025_13_DEN_WAS,13,DEN,WAS,00-0038794,J.McLaughlin,00-0038794,Jaleel McLaughlin,RB,1,1.0,1.0,A,4,17.0,0.25,0.058823529411764705,0,0,0
2025_13_DEN_WAS,13,DEN,WAS,00-0036727,A.Prentice,00-0036727,Adam Prentice,RB,0,0.0,0.0,A,4,17.0,0.0,0.0,0,0,0
2025_13_DEN_WAS,13,WAS,DEN,00-0038611,C.Rodriguez,00-0038611,Chris Rodriguez Jr.,RB,5,18.0,3.6,H,8,35.0,0.625,0.5142857142857142,1,0,0
2025_13_DEN_WAS,13,WAS,DEN,00-0033955,J.McNichols,00-0033955,Jeremy McNichols,RB,1,16.0,16.0,H,8,35.0,0.125,0.45714285714285713,1,0,0
2025_13_DEN_WAS,13,WAS,DEN,00-0040242,J.Croskey-Merritt,00-0040242,Jacory Croskey-Merritt,RB,0,0.0,0.0,H,8,35.0,0.0,0.0,0,0,0
2025_13_GB_DET,13,DET,GB,00-0039139,J.Gibbs,00-0039139,Jahmyr Gibbs,RB,3,16.0,5.333333333333333,H,4,16.0,0.75,1.0,1,0,0
2025_13_GB_DET,13,DET,GB,00-0035685,D.Montgomery,00-0035685,David Montgomery,RB,1,0.0,0.0,H,4,16.0,0.25,0.0,0,0,0
2025_13_GB_DET,13,GB,DET,00-0035700,J.Jacobs,00-0035700,Josh Jacobs,RB,6,48.0,8.0,A,11,65.0,0.5454545454545454,0.7384615384615385,1,1,1
2025_13_GB_DET,13,GB,DET,00-0038797,E.Wilson,00-0038797,Emanuel Wilson,RB,3,10.0,3.3333333333333335,A,11,65.0,0.2727272727272727,0.15384615384615385,0,0,0
2025_13_HOU_IND,13,HOU,IND,00-0034791,N.Chubb,00-0034791,Nick Chubb,RB,2,5.0,2.5,A,6,5.0,0.3333333333333333,1.0,0,0,0
2025_13_HOU_IND,13,HOU,IND,00-0040583,W.Marks,00-0040583,Woody Marks,RB,3,0.0,0.0,A,6,5.0,0.5,0.0,0,0,0
2025_13_HOU_IND,13,IND,HOU,00-0036223,J.Taylor,00-0036223,Jonathan Taylor,RB,4,23.0,5.75,H,5,24.0,0.8,0.9583333333333334,1,1,0
2025_13_JAX_TEN,13,JAX,TEN,00-0036973,T.Etienne,00-0036973,Travis Etienne,RB,4,12.0,3.0,A,7,29.0,0.5714285714285714,0.41379310344827586,0,0,0
2025_13_JAX_TEN,13,JAX,TEN,00-0040719,B.Tuten,00-0040719,Bhayshul Tuten,RB,2,3.0,1.5,A,7,29.0,0.2857142857142857,0.10344827586206896,0,0,0
2025_13_JAX_TEN,13,TEN,JAX,00-0035261,T.Pollard,00-0035261,Tony Pollard,RB,3,36.0,12.0,H,5,39.0,0.6,0.9230769230769231,1,1,1
2025_13_JAX_TEN,13,TEN,JAX,00-0039032,T.Spears,00-0039032,Tyjae Spears,RB,1,2.0,2.0,H,5,39.0,0.2,0.05128205128205128,0,0,0
2025_13_KC_DAL,13,DAL,KC,00-0036997,J.Williams,00-0036997,Javonte Williams,RB,4,5.0,1.25,H,5,8.0,0.8,0.625,0,0,0
2025_13_KC_DAL,13,DAL,KC,00-0037563,M.Davis,00-0037563,Malik Davis,RB,1,3.0,3.0,H,5,8.0,0.2,0.375,0,0,0
2025_13_KC_DAL,13,KC,DAL,00-0033923,K.Hunt,00-0033923,Kareem Hunt,RB,4,26.0,6.5,A,9,66.0,0.4444444444444444,0.3939393939393939,1,1,1
2025_13_KC_DAL,13,KC,DAL,00-0037197,I.Pacheco,00-0037197,Isiah Pacheco,RB,1,9.0,9.0,A,9,66.0,0.1111111111111111,0.13636363636363635,0,0,0
2025_13_LA_CAR,13,CAR,LA,00-0036555,C.Hubbard,00-0036555,Chuba Hubbard,RB,3,15.0,5.0,H,7,19.0,0.42857142857142855,0.7894736842105263,1,0,0
2025_13_LA_CAR,13,CAR,LA,00-0036139,R.Dowdle,00-0036139,Rico Dowdle,RB,4,4.0,1.0,H,7,19.0,0.5714285714285714,0.21052631578947367,0,0,0
2025_13_LA_CAR,13,LA,CAR,00-0039738,B.Corum,00-0039738,Blake Corum,RB,3,33.0,11.0,A,6,50.0,0.5,0.66,1,1,1
2025_13_LA_CAR,13,LA,CAR,00-0037840,K.Williams,00-0037840,Kyren Williams,RB,3,17.0,5.666666666666667,A,6,50.0,0.5,0.34,1,0,0
2025_13_LV_LAC,13,LAC,LV,00-0039391,K.Vidal,00-0039391,Kimani Vidal,RB,7,25.0,3.5714285714285716,H,11,38.0,0.6363636363636364,0.6578947368421053,1,1,1
2025_13_LV_LAC,13,LAC,LV,00-0036755,J.Patterson,00-0036755,Jaret Patterson,RB,2,9.0,4.5,H,11,38.0,0.18181818181818182,0.23684210526315788,0,0,0
2025_13_LV_LAC,13,LV,LAC,00-0040122,A.Jeanty,00-0040122,Ashton Jeanty,RB,3,6.0,2.0,A,3,6.0,1.0,1.0,0,0,0
2025_13_LV_LAC,13,LV,LAC,00-0031687,R.Mostert,00-0031687,Raheem Mostert,RB,0,0.0,0.0,A,3,6.0,0.0,0.0,0,0,0
2025_13_MIN_SEA,13,MIN,SEA,00-0033293,A.Jones,00-0033293,Aaron Jones,RB,3,6.0,2.0,A,4,8.0,0.75,0.75,0,0,0
2025_13_MIN_SEA,13,MIN,SEA,00-0037525,J.Mason,00-0037525,Jordan Mason,RB,1,2.0,2.0,A,4,8.0,0.25,0.25,0,0,0
2025_13_MIN_SEA,13,MIN,SEA,00-0038440,Z.Scott,00-0038440,Zavier Scott,RB,0,0.0,0.0,A,4,8.0,0.0,0.0,0,0,0
2025_13_MIN_SEA,13,SEA,MIN,00-0038134,K.Walker,00-0038134,Kenneth Walker III,RB,5,11.0,2.2,H,6,13.0,0.8333333333333334,0.8461538461538461,0,0,0
2025_13_MIN_SEA,13,SEA,MIN,00-0039165,Z.Charbonnet,00-0039165,Zach Charbonnet,RB,0,0.0,0.0,H,6,13.0,0.0,0.0,0,0,0
2025_13_MIN_SEA,13,SEA,MIN,00-0035311,M.Gaskin,00-0035311,Myles Gaskin,RB,0,0.0,0.0,H,6,13.0,0.0,0.0,0,0,0
2025_13_NO_MIA,13,MIA,NO,00-0039040,D.Achane,00-0039040,De'Von Achane,RB,5,45.0,9.0,H,7,62.0,0.7142857142857143,0.7258064516129032,1,1,1
2025_13_NO_MIA,13,MIA,NO,00-0040198,O.Gordon,00-0040198,Ollie Gordon II,RB,1,9.0,9.0,H,7,62.0,0.14285714285714285,0.14516129032258066,0,0,0
2025_13_NO_MIA,13,MIA,NO,00-0039874,J.Wright,00-0039874,Jaylen Wright,RB,1,8.0,8.0,H,7,62.0,0.14285714285714285,0.12903225806451613,0,0,0
2025_13_NO_MIA,13,NO,MIA,00-0040202,D.Neal,00-0040202,Devin Neal,RB,2,0.0,0.0,A,3,-1.0,0.6666666666666666,-0.0,0,0,0
2025_13_NO_MIA,13,NO,MIA,00-0038397,E.Hull,00-0038397,Evan Hull,RB,0,0.0,0.0,A,3,-1.0,0.0,-0.0,0,0,0
2025_13_NYG_NE,13,NE,NYG,00-0036875,R.Stevenson,00-0036875,Rhamondre Stevenson,RB,4,28.0,7.0,H,6,32.0,0.6666666666666666,0.875,1,1,1
2025_13_NYG_NE,13,NE,NYG,00-0040734,T.Henderson,00-0040734,TreVeyon Henderson,RB,1,1.0,1.0,H,6,32.0,0.16666666666666666,0.03125,0,0,0
2025_13_NYG_NE,13,NYG,NE,00-0035250,D.Singletary,00-0035250,Devin Singletary,RB,2,7.0,3.5,A,5,22.0,0.4,0.3181818181818182,0,0,0
2025_13_NYG_NE,13,NYG,NE,00-0039384,T.Tracy,00-0039384,Tyrone Tracy Jr.,RB,2,3.0,1.5,A,5,22.0,0.4,0.13636363636363635,0,0,0
2025_13_SF_CLE,13,CLE,SF,00-0040784,Q.Judkins,00-0040784,Quinshon Judkins,RB,8,26.0,3.25,H,10,34.0,0.8,0.7647058823529411,1,1,1
2025_13_SF_CLE,13,CLE,SF,00-0040162,D.Sampson,00-0040162,Dylan Sampson,RB,2,8.0,4.0,H,10,34.0,0.2,0.23529411764705882,0,0,0
2025_13_SF_CLE,13,SF,CLE,00-0033280,C.McCaffrey,00-0033280,Christian McCaffrey,RB,3,4.0,1.3333333333333333,A,5,5.0,0.6,0.8,0,0,0
2025_13_SF_CLE,13,SF,CLE,00-0037746,B.Robinson,00-0037746,Brian Robinson,RB,2,1.0,0.5,A,5,5.0,0.4,0.2,0,0,0
2025_14_CHI_GB,14,CHI,GB,00-0036275,D.Swift,00-0036275,D'Andre Swift,RB,4,18.0,4.5,A,4,18.0,1.0,1.0,1,0,0
2025_14_CHI_GB,14,CHI,GB,00-0040236,K.Monangai,00-0040236,Kyle Monangai,RB,0,0.0,0.0,A,4,18.0,0.0,0.0,0,0,0
2025_14_CHI_GB,14,GB,CHI,00-0035700,J.Jacobs,00-0035700,Josh Jacobs,RB,7,28.0,4.0,H,9,40.0,0.7777777777777778,0.7,1,1,1
2025_14_CHI_GB,14,GB,CHI,00-0038797,E.Wilson,00-0038797,Emanuel Wilson,RB,1,5.0,5.0,H,9,40.0,0.1111111111111111,0.125,0,0,0
2025_14_CIN_BUF,14,BUF,CIN,00-0035537,Ty.Johnson,00-0035537,Ty Johnson,RB,1,23.0,23.0,H,4,26.0,0.25,0.8846153846153846,1,1,0
2025_14_CIN_BUF,14,BUF,CIN,00-0037248,J.Cook,00-0037248,James Cook,RB,2,6.0,3.0,H,4,26.0,0.5,0.23076923076923078,0,0,0
2025_14_CIN_BUF,14,CIN,BUF,00-0038597,C.Brown,00-0038597,Chase Brown,RB,7,12.0,1.7142857142857142,A,9,19.0,0.7777777777777778,0.631578947368421,0,0,0
2025_14_CIN_BUF,14,CIN,BUF,00-0033526,S.Perine,00-0033526,Samaje Perine,RB,2,7.0,3.5,A,9,19.0,0.2222222222222222,0.3684210526315789,0,0,0
2025_14_DAL_DET,14,DAL,DET,00-0036997,J.Williams,00-0036997,Javonte Williams,RB,6,18.0,3.0,A,6,18.0,1.0,1.0,1,0,0
2025_14_DAL_DET,14,DAL,DET,00-0037563,M.Davis,00-0037563,Malik Davis,RB,0,0.0,0.0,A,6,18.0,0.0,0.0,0,0,0
2025_14_DAL_DET,14,DET,DAL,00-0039139,J.Gibbs,00-0039139,Jahmyr Gibbs,RB,3,18.0,6.0,H,5,27.0,0.6,0.6666666666666666,1,0,0
2025_14_DAL_DET,14,DET,DAL,00-0035685,D.Montgomery,00-0035685,David Montgomery,RB,1,2.0,2.0,H,5,27.0,0.2,0.07407407407407407,0,0,0
2025_14_DEN_LV,14,DEN,LV,00-0040730,R.Harvey,00-0040730,RJ Harvey,RB,3,30.0,10.0,A,6,44.0,0.5,0.6818181818181818,1,1,1
2025_14_DEN_LV,14,DEN,LV,00-0037085,T.Badie,00-0037085,Tyler Badie,RB,2,6.0,3.0,A,6,44.0,0.3333333333333333,0.13636363636363635,0,0,0
2025_14_DEN_LV,14,DEN,LV,00-0038794,J.McLaughlin,00-0038794,Jaleel McLaughlin,RB,0,0.0,0.0,A,6,44.0,0.0,0.0,0,0,0
2025_14_DEN_LV,14,DEN,LV,00-0036727,A.Prentice,00-0036727,Adam Prentice,RB,0,0.0,0.0,A,6,44.0,0.0,0.0,0,0,0
2025_14_DEN_LV,14,LV,DEN,00-0040122,A.Jeanty,00-0040122,Ashton Jeanty,RB,4,17.0,4.25,H,4,17.0,1.0,1.0,1,0,0
2025_14_HOU_KC,14,HOU,KC,00-0040583,W.Marks,00-0040583,Woody Marks,RB,6,19.0,3.1666666666666665,A,6,19.0,1.0,1.0,1,0,0
2025_14_HOU_KC,14,HOU,KC,00-0034791,N.Chubb,00-0034791,Nick Chubb,RB,0,0.0,0.0,A,6,19.0,0.0,0.0,0,0,0
2025_14_HOU_KC,14,HOU,KC,00-0033854,D.Ogunbowale,00-0033854,Dare Ogunbowale,RB,0,0.0,0.0,A,6,19.0,0.0,0.0,0,0,0
2025_14_HOU_KC,14,KC,HOU,00-0037197,I.Pacheco,00-0037197,Isiah Pacheco,RB,5,17.0,3.4,H,8,37.0,0.625,0.4594594594594595,1,0,0
2025_14_HOU_KC,14,KC,HOU,00-0033923,K.Hunt,00-0033923,Kareem Hunt,RB,1,2.0,2.0,H,8,37.0,0.125,0.05405405405405406,0,0,0
2025_14_HOU_KC,14,KC,HOU,00-0040078,B.Smith,00-0040078,Brashard Smith,RB,0,0.0,0.0,H,8,37.0,0.0,0.0,0,0,0
2025_14_IND_JAX,14,IND,JAX,00-0036223,J.Taylor,00-0036223,Jonathan Taylor,RB,6,22.0,3.6666666666666665,A,8,28.0,0.75,0.7857142857142857,1,1,0
2025_14_IND_JAX,14,IND,JAX,00-0032104,A.Abdullah,00-0032104,Ameer Abdullah,RB,0,0.0,0.0,A,8,28.0,0.0,0.0,0,0,0
2025_14_IND_JAX,14,JAX,IND,00-0036973,T.Etienne,00-0036973,Travis Etienne,RB,4,7.0,1.75,H,4,7.0,1.0,1.0,0,0,0
2025_14_IND_JAX,14,JAX,IND,00-0040719,B.Tuten,00-0040719,Bhayshul Tuten,RB,0,0.0,0.0,H,4,7.0,0.0,0.0,0,0,0
2025_14_LA_ARI,14,ARI,LA,00-0037157,Z.Knight,00-0037157,Bam Knight,RB,3,5.0,1.6666666666666667,H,5,20.0,0.6,0.25,0,0,0
2025_14_LA_ARI,14,ARI,LA,00-0036924,M.Carter,00-0036924,Michael Carter,RB,0,0.0,0.0,H,5,20.0,0.0,0.0,0,0,0
2025_14_LA_ARI,14,LA,ARI,00-0039738,B.Corum,00-0039738,Blake Corum,RB,6,48.0,8.0,A,9,78.0,0.6666666666666666,0.6153846153846154,1,1,1
2025_14_LA_ARI,14,LA,ARI,00-0037840,K.Williams,00-0037840,Kyren Williams,RB,3,30.0,10.0,A,9,78.0,0.3333333333333333,0.38461538461538464,1,1,1
2025_14_LA_ARI,14,LA,ARI,00-0037557,R.Rivers,00-0037557,Ronnie Rivers,RB,0,0.0,0.0,A,9,78.0,0.0,0.0,0,0,0
2025_14_MIA_NYJ,14,MIA,NYJ,00-0039040,D.Achane,00-0039040,De'Von Achane,RB,5,62.0,12.4,A,9,96.0,0.5555555555555556,0.6458333333333334,1,1,1
2025_14_MIA_NYJ,14,MIA,NYJ,00-0039874,J.Wright,00-0039874,Jaylen Wright,RB,2,9.0,4.5,A,9,96.0,0.2222222222222222,0.09375,0,0,0
2025_14_MIA_NYJ,14,MIA,NYJ,00-0040198,O.Gordon,00-0040198,Ollie Gordon II,RB,0,0.0,0.0,A,9,96.0,0.0,0.0,0,0,0
2025_14_MIA_NYJ,14,NYJ,MIA,00-0038120,B.Hall,00-0038120,Breece Hall,RB,4,12.0,3.0,H,4,12.0,1.0,1.0,0,0,0
2025_14_MIA_NYJ,14,NYJ,MIA,00-0039798,I.Davis,00-0039798,Isaiah Davis,RB,0,0.0,0.0,H,4,12.0,0.0,0.0,0,0,0
2025_14_NO_TB,14,NO,TB,00-0040202,D.Neal,00-0040202,Devin Neal,RB,2,6.0,3.0,A,4,14.0,0.5,0.42857142857142855,0,0,0
2025_14_NO_TB,14,NO,TB,00-0038397,E.Hull,00-0038397,Evan Hull,RB,0,0.0,0.0,A,4,14.0,0.0,0.0,0,0,0
2025_14_NO_TB,14,NO,TB,00-0039373,A.Estime,00-0039373,Audric Estimé,RB,0,0.0,0.0,A,4,14.0,0.0,0.0,0,0,0
2025_14_NO_TB,14,TB,NO,00-0037256,R.White,00-0037256,Rachaad White,RB,2,7.0,3.5,H,7,11.0,0.2857142857142857,0.6363636363636364,0,0,0
2025_14_NO_TB,14,TB,NO,00-0039361,B.Irving,00-0039361,Bucky Irving,RB,5,4.0,0.8,H,7,11.0,0.7142857142857143,0.36363636363636365,0,0,0
2025_14_NO_TB,14,TB,NO,00-0038951,S.Tucker,00-0038951,Sean Tucker,RB,0,0.0,0.0,H,7,11.0,0.0,0.0,0,0,0
2025_14_PHI_LAC,14,LAC,PHI,00-0040666,O.Hampton,00-0040666,Omarion Hampton,RB,3,9.0,3.0,H,4,12.0,0.75,0.75,0,0,0
2025_14_PHI_LAC,14,LAC,PHI,00-0039391,K.Vidal,00-0039391,Kimani Vidal,RB,1,3.0,3.0,H,4,12.0,0.25,0.25,0,0,0
2025_14_PHI_LAC,14,PHI,LAC,00-0034844,S.Barkley,00-0034844,Saquon Barkley,RB,6,40.0,6.666666666666667,A,8,41.0,0.75,0.975609756097561,1,1,1
2025_14_PHI_LAC,14,PHI,LAC,00-0038555,T.Bigsby,00-0038555,Tank Bigsby,RB,0,0.0,0.0,A,8,41.0,0.0,0.0,0,0,0
2025_14_PIT_BAL,14,BAL,PIT,00-0038454,K.Mitchell,00-0038454,Keaton Mitchell,RB,4,18.0,4.5,H,11,43.0,0.36363636363636365,0.4186046511627907,1,0,0
2025_14_PIT_BAL,14,BAL,PIT,00-0032764,D.Henry,00-0032764,Derrick Henry,RB,5,12.0,2.4,H,11,43.0,0.45454545454545453,0.27906976744186046,0,0,0
2025_14_PIT_BAL,14,BAL,PIT,00-0039796,R.Ali,00-0039796,Rasheen Ali,RB,0,0.0,0.0,H,11,43.0,0.0,0.0,0,0,0
2025_14_PIT_BAL,14,PIT,BAL,00-0037228,J.Warren,00-0037228,Jaylen Warren,RB,2,7.0,3.5,A,6,16.0,0.3333333333333333,0.4375,0,0,0
2025_14_PIT_BAL,14,PIT,BAL,00-0040142,K.Johnson,00-0040142,Kaleb Johnson,RB,1,5.0,5.0,A,6,16.0,0.16666666666666666,0.3125,0,0,0
2025_14_PIT_BAL,14,PIT,BAL,00-0036919,K.Gainwell,00-0036919,Kenneth Gainwell,RB,1,1.0,1.0,A,6,16.0,0.16666666666666666,0.0625,0,0,0
2025_14_SEA_ATL,14,ATL,SEA,00-0038542,B.Robinson,00-0038542,Bijan Robinson,RB,6,34.0,5.666666666666667,H,7,35.0,0.8571428571428571,0.9714285714285714,1,1,1
2025_14_SEA_ATL,14,ATL,SEA,00-0037263,T.Allgeier,00-0037263,Tyler Allgeier,RB,1,1.0,1.0,H,7,35.0,0.14285714285714285,0.02857142857142857,0,0,0
2025_14_SEA_ATL,14,SEA,ATL,00-0039165,Z.Charbonnet,00-0039165,Zach Charbonnet,RB,1,27.0,27.0,A,6,40.0,0.16666666666666666,0.675,1,1,1
2025_14_SEA_ATL,14,SEA,ATL,00-0038134,K.Walker,00-0038134,Kenneth Walker III,RB,4,14.0,3.5,A,6,40.0,0.6666666666666666,0.35,0,0,0
2025_14_SEA_ATL,14,SEA,ATL,00-0037745,V.Jones,00-0037745,Velus Jones Jr.,RB,0,0.0,0.0,A,6,40.0,0.0,0.0,0,0,0
2025_14_TEN_CLE,14,CLE,TEN,00-0040162,D.Sampson,00-0040162,Dylan Sampson,RB,0,0.0,0.0,H,4,-2.0,0.0,-0.0,0,0,0
2025_14_TEN_CLE,14,CLE,TEN,00-0040784,Q.Judkins,00-0040784,Quinshon Judkins,RB,4,-2.0,-0.5,H,4,-2.0,1.0,1.0,0,0,0
2025_14_TEN_CLE,14,TEN,CLE,00-0035261,T.Pollard,00-0035261,Tony Pollard,RB,8,87.0,10.875,A,10,92.0,0.8,0.9456521739130435,1,1,1
2025_14_TEN_CLE,14,TEN,CLE,00-0039032,T.Spears,00-0039032,Tyjae Spears,RB,1,3.0,3.0,A,10,92.0,0.1,0.03260869565217391,0,0,0
2025_14_WAS_MIN,14,MIN,WAS,00-0033293,A.Jones,00-0033293,Aaron Jones,RB,3,15.0,5.0,H,7,28.0,0.42857142857142855,0.5357142857142857,1,0,0
2025_14_WAS_MIN,14,MIN,WAS,00-0037525,J.Mason,00-0037525,Jordan Mason,RB,3,6.0,2.0,H,7,28.0,0.42857142857142855,0.21428571428571427,0,0,0
2025_14_WAS_MIN,14,MIN,WAS,00-0038440,Z.Scott,00-0038440,Zavier Scott,RB,0,0.0,0.0,H,7,28.0,0.0,0.0,0,0,0
2025_14_WAS_MIN,14,WAS,MIN,00-0038611,C.Rodriguez,00-0038611,Chris Rodriguez Jr.,RB,4,31.0,7.75,A,6,38.0,0.6666666666666666,0.8157894736842105,1,1,1
2025_14_WAS_MIN,14,WAS,MIN,00-0040242,J.Croskey-Merritt,00-0040242,Jacory Croskey-Merritt,RB,0,0.0,0.0,A,6,38.0,0.0,0.0,0,0,0
2025_15_ARI_HOU,15,ARI,HOU,00-0036924,M.Carter,00-0036924,Michael Carter,RB,4,23.0,5.75,A,5,21.0,0.8,1.0952380952380953,1,1,0
2025_15_ARI_HOU,15,ARI,HOU,00-0040556,C.Kiner,00-0040556,Corey Kiner,RB,0,0.0,0.0,A,5,21.0,0.0,0.0,0,0,0
2025_15_ARI_HOU,15,ARI,HOU,00-0038705,E.Demercado,00-0038705,Emari Demercado,RB,0,0.0,0.0,A,5,21.0,0.0,0.0,0,0,0
2025_15_ARI_HOU,15,ARI,HOU,00-0037157,Z.Knight,00-0037157,Bam Knight,RB,1,-2.0,-2.0,A,5,21.0,0.2,-0.09523809523809523,0,0,0
2025_15_ARI_HOU,15,HOU,ARI,00-0040583,W.Marks,00-0040583,Woody Marks,RB,5,15.0,3.0,H,10,19.0,0.5,0.7894736842105263,1,0,0
2025_15_ARI_HOU,15,HOU,ARI,00-0039405,J.Jordan,00-0039405,Jawhar Jordan,RB,1,0.0,0.0,H,10,19.0,0.1,0.0,0,0,0
2025_15_ARI_HOU,15,HOU,ARI,00-0033854,D.Ogunbowale,00-0033854,Dare Ogunbowale,RB,1,0.0,0.0,H,10,19.0,0.1,0.0,0,0,0
2025_15_ATL_TB,15,ATL,TB,00-0038542,B.Robinson,00-0038542,Bijan Robinson,RB,5,28.0,5.6,A,6,31.0,0.8333333333333334,0.9032258064516129,1,1,1
2025_15_ATL_TB,15,ATL,TB,00-0037263,T.Allgeier,00-0037263,Tyler Allgeier,RB,1,3.0,3.0,A,6,31.0,0.16666666666666666,0.0967741935483871,0,0,0
2025_15_ATL_TB,15,TB,ATL,00-0037256,R.White,00-0037256,Rachaad White,RB,1,20.0,20.0,H,6,40.0,0.16666666666666666,0.5,1,1,0
2025_15_ATL_TB,15,TB,ATL,00-0039361,B.Irving,00-0039361,Bucky Irving,RB,4,19.0,4.75,H,6,40.0,0.6666666666666666,0.475,1,0,0
2025_15_ATL_TB,15,TB,ATL,00-0038951,S.Tucker,00-0038951,Sean Tucker,RB,1,1.0,1.0,H,6,40.0,0.16666666666666666,0.025,0,0,0
2025_15_BAL_CIN,15,BAL,CIN,00-0032764,D.Henry,00-0032764,Derrick Henry,RB,5,14.0,2.8,A,5,14.0,1.0,1.0,0,0,0
2025_15_BAL_CIN,15,BAL,CIN,00-0038454,K.Mitchell,00-0038454,Keaton Mitchell,RB,0,0.0,0.0,A,5,14.0,0.0,0.0,0,0,0
2025_15_BAL_CIN,15,CIN,BAL,00-0033526,S.Perine,00-0033526,Samaje Perine,RB,4,21.0,5.25,H,7,28.0,0.5714285714285714,0.75,1,1,0
2025_15_BAL_CIN,15,CIN,BAL,00-0038597,C.Brown,00-0038597,Chase Brown,RB,3,7.0,2.3333333333333335,H,7,28.0,0.42857142857142855,0.25,0,0,0
2025_15_BUF_NE,15,BUF,NE,00-0035537,Ty.Johnson,00-0035537,Ty Johnson,RB,1,9.0,9.0,A,3,16.0,0.3333333333333333,0.5625,0,0,0
2025_15_BUF_NE,15,BUF,NE,00-0037248,J.Cook,00-0037248,James Cook,RB,2,7.0,3.5,A,3,16.0,0.6666666666666666,0.4375,0,0,0
2025_15_BUF_NE,15,NE,BUF,00-0036875,R.Stevenson,00-0036875,Rhamondre Stevenson,RB,3,27.0,9.0,H,13,82.0,0.23076923076923078,0.32926829268292684,1,1,1
2025_15_BUF_NE,15,NE,BUF,00-0040734,T.Henderson,00-0040734,TreVeyon Henderson,RB,6,18.0,3.0,H,13,82.0,0.46153846153846156,0.21951219512195122,1,0,0
2025_15_CAR_NO,15,CAR,NO,00-0036139,R.Dowdle,00-0036139,Rico Dowdle,RB,8,31.0,3.875,A,13,67.0,0.6153846153846154,0.4626865671641791,1,1,1
2025_15_CAR_NO,15,CAR,NO,00-0036555,C.Hubbard,00-0036555,Chuba Hubbard,RB,3,19.0,6.333333333333333,A,13,67.0,0.23076923076923078,0.2835820895522388,1,0,0
2025_15_CAR_NO,15,NO,CAR,00-0040202,D.Neal,00-0040202,Devin Neal,RB,4,6.0,1.5,H,5,10.0,0.8,0.6,0,0,0
2025_15_CAR_NO,15,NO,CAR,00-0039373,A.Estime,00-0039373,Audric Estimé,RB,0,0.0,0.0,H,5,10.0,0.0,0.0,0,0,0
2025_15_CAR_NO,15,NO,CAR,00-0038397,E.Hull,00-0038397,Evan Hull,RB,0,0.0,0.0,H,5,10.0,0.0,0.0,0,0,0
2025_15_CLE_CHI,15,CHI,CLE,00-0036275,D.Swift,00-0036275,D'Andre Swift,RB,6,29.0,4.833333333333333,H,9,40.0,0.6666666666666666,0.725,1,1,1
2025_15_CLE_CHI,15,CHI,CLE,00-0040236,K.Monangai,00-0040236,Kyle Monangai,RB,3,11.0,3.6666666666666665,H,9,40.0,0.3333333333333333,0.275,0,0,0
2025_15_CLE_CHI,15,CLE,CHI,00-0040784,Q.Judkins,00-0040784,Quinshon Judkins,RB,3,7.0,2.3333333333333335,A,5,18.0,0.6,0.3888888888888889,0,0,0
2025_15_CLE_CHI,15,CLE,CHI,00-0035291,T.Williams,00-0035291,Trayveon Williams,RB,0,0.0,0.0,A,5,18.0,0.0,0.0,0,0,0
2025_15_DET_LA,15,DET,LA,00-0039139,J.Gibbs,00-0039139,Jahmyr Gibbs,RB,3,12.0,4.0,A,6,23.0,0.5,0.5217391304347826,0,0,0
2025_15_DET_LA,15,DET,LA,00-0035685,D.Montgomery,00-0035685,David Montgomery,RB,3,11.0,3.6666666666666665,A,6,23.0,0.5,0.4782608695652174,0,0,0
2025_15_DET_LA,15,LA,DET,00-0037840,K.Williams,00-0037840,Kyren Williams,RB,4,16.0,4.0,H,6,24.0,0.6666666666666666,0.6666666666666666,1,0,0
2025_15_DET_LA,15,LA,DET,00-0039738,B.Corum,00-0039738,Blake Corum,RB,2,8.0,4.0,H,6,24.0,0.3333333333333333,0.3333333333333333,0,0,0
2025_15_GB_DEN,15,DEN,GB,00-0040730,R.Harvey,00-0040730,RJ Harvey,RB,3,11.0,3.6666666666666665,H,6,18.0,0.5,0.6111111111111112,0,0,0
2025_15_GB_DEN,15,DEN,GB,00-0038794,J.McLaughlin,00-0038794,Jaleel McLaughlin,RB,1,2.0,2.0,H,6,18.0,0.16666666666666666,0.1111111111111111,0,0,0
2025_15_GB_DEN,15,DEN,GB,00-0036727,A.Prentice,00-0036727,Adam Prentice,RB,0,0.0,0.0,H,6,18.0,0.0,0.0,0,0,0
2025_15_GB_DEN,15,GB,DEN,00-0038685,C.Brooks,00-0038685,Chris Brooks,RB,1,7.0,7.0,A,7,16.0,0.14285714285714285,0.4375,0,0,0
2025_15_GB_DEN,15,GB,DEN,00-0035700,J.Jacobs,00-0035700,Josh Jacobs,RB,3,2.0,0.6666666666666666,A,7,16.0,0.42857142857142855,0.125,0,0,0
2025_15_GB_DEN,15,GB,DEN,00-0038797,E.Wilson,00-0038797,Emanuel Wilson,RB,1,2.0,2.0,A,7,16.0,0.14285714285714285,0.125,0,0,0
2025_15_IND_SEA,15,IND,SEA,00-0036223,J.Taylor,00-0036223,Jonathan Taylor,RB,10,31.0,3.1,A,12,42.0,0.8333333333333334,0.7380952380952381,1,1,1
2025_15_IND_SEA,15,IND,SEA,00-0032104,A.Abdullah,00-0032104,Ameer Abdullah,RB,2,11.0,5.5,A,12,42.0,0.16666666666666666,0.2619047619047619,0,0,0
2025_15_IND_SEA,15,SEA,IND,00-0038134,K.Walker,00-0038134,Kenneth Walker III,RB,5,6.0,1.2,H,5,6.0,1.0,1.0,0,0,0
2025_15_IND_SEA,15,SEA,IND,00-0039165,Z.Charbonnet,00-0039165,Zach Charbonnet,RB,0,0.0,0.0,H,5,6.0,0.0,0.0,0,0,0
2025_15_LAC_KC,15,KC,LAC,00-0033923,K.Hunt,00-0033923,Kareem Hunt,RB,2,5.0,2.5,H,8,21.0,0.25,0.23809523809523808,0,0,0
2025_15_LAC_KC,15,KC,LAC,00-0037197,I.Pacheco,00-0037197,Isiah Pacheco,RB,4,2.0,0.5,H,8,21.0,0.5,0.09523809523809523,0,0,0
2025_15_LAC_KC,15,KC,LAC,00-0040078,B.Smith,00-0040078,Brashard Smith,RB,1,2.0,2.0,H,8,21.0,0.125,0.09523809523809523,0,0,0
2025_15_LAC_KC,15,LAC,KC,00-0039391,K.Vidal,00-0039391,Kimani Vidal,RB,4,24.0,6.0,A,9,33.0,0.4444444444444444,0.7272727272727273,1,1,0
2025_15_LAC_KC,15,LAC,KC,00-0040666,O.Hampton,00-0040666,Omarion Hampton,RB,5,9.0,1.8,A,9,33.0,0.5555555555555556,0.2727272727272727,0,0,0
2025_15_LV_PHI,15,LV,PHI,00-0040122,A.Jeanty,00-0040122,Ashton Jeanty,RB,2,6.0,3.0,A,3,14.0,0.6666666666666666,0.42857142857142855,0,0,0
2025_15_LV_PHI,15,LV,PHI,00-0039407,D.Laube,00-0039407,Dylan Laube,RB,0,0.0,0.0,A,3,14.0,0.0,0.0,0,0,0
2025_15_LV_PHI,15,PHI,LV,00-0034844,S.Barkley,00-0034844,Saquon Barkley,RB,8,27.0,3.375,H,10,38.0,0.8,0.7105263157894737,1,1,1
2025_15_LV_PHI,15,PHI,LV,00-0038555,T.Bigsby,00-0038555,Tank Bigsby,RB,0,0.0,0.0,H,10,38.0,0.0,0.0,0,0,0
2025_15_MIA_PIT,15,MIA,PIT,00-0039040,D.Achane,00-0039040,De'Von Achane,RB,3,25.0,8.333333333333334,A,3,25.0,1.0,1.0,1,1,1
2025_15_MIA_PIT,15,MIA,PIT,00-0039874,J.Wright,00-0039874,Jaylen Wright,RB,0,0.0,0.0,A,3,25.0,0.0,0.0,0,0,0
2025_15_MIA_PIT,15,MIA,PIT,00-0040198,O.Gordon,00-0040198,Ollie Gordon II,RB,0,0.0,0.0,A,3,25.0,0.0,0.0,0,0,0
2025_15_MIA_PIT,15,PIT,MIA,00-0037228,J.Warren,00-0037228,Jaylen Warren,RB,4,16.0,4.0,H,8,17.0,0.5,0.9411764705882353,1,0,0
2025_15_MIA_PIT,15,PIT,MIA,00-0040142,K.Johnson,00-0040142,Kaleb Johnson,RB,0,0.0,0.0,H,8,17.0,0.0,0.0,0,0,0
2025_15_MIA_PIT,15,PIT,MIA,00-0036919,K.Gainwell,00-0036919,Kenneth Gainwell,RB,2,-1.0,-0.5,H,8,17.0,0.25,-0.058823529411764705,0,0,0
2025_15_MIN_DAL,15,DAL,MIN,00-0036997,J.Williams,00-0036997,Javonte Williams,RB,6,13.0,2.1666666666666665,H,12,40.0,0.5,0.325,0,0,0
2025_15_MIN_DAL,15,DAL,MIN,00-0037563,M.Davis,00-0037563,Malik Davis,RB,3,11.0,3.6666666666666665,H,12,40.0,0.25,0.275,0,0,0
2025_15_MIN_DAL,15,DAL,MIN,00-0038738,H.Luepke,00-0038738,Hunter Luepke,RB,1,8.0,8.0,H,12,40.0,0.08333333333333333,0.2,0,0,0
2025_15_MIN_DAL,15,MIN,DAL,00-0033293,A.Jones,00-0033293,Aaron Jones,RB,4,3.0,0.75,A,4,3.0,1.0,1.0,0,0,0
2025_15_MIN_DAL,15,MIN,DAL,00-0037525,J.Mason,00-0037525,Jordan Mason,RB,0,0.0,0.0,A,4,3.0,0.0,0.0,0,0,0
2025_15_MIN_DAL,15,MIN,DAL,00-0032918,C.Ham,00-0032918,C.J. Ham,RB,0,0.0,0.0,A,4,3.0,0.0,0.0,0,0,0
2025_15_NYJ_JAX,15,JAX,NYJ,00-0036973,T.Etienne,00-0036973,Travis Etienne,RB,4,14.0,3.5,H,8,48.0,0.5,0.2916666666666667,0,0,0
2025_15_NYJ_JAX,15,JAX,NYJ,00-0040719,B.Tuten,00-0040719,Bhayshul Tuten,RB,1,7.0,7.0,H,8,48.0,0.125,0.14583333333333334,0,0,0
2025_15_NYJ_JAX,15,JAX,NYJ,00-0040238,L.Allen,00-0040238,LeQuint Allen Jr.,RB,0,0.0,0.0,H,8,48.0,0.0,0.0,0,0,0
2025_15_NYJ_JAX,15,NYJ,JAX,00-0039798,I.Davis,00-0039798,Isaiah Davis,RB,3,13.0,4.333333333333333,A,6,17.0,0.5,0.7647058823529411,0,0,0
2025_15_NYJ_JAX,15,NYJ,JAX,00-0038120,B.Hall,00-0038120,Breece Hall,RB,3,4.0,1.3333333333333333,A,6,17.0,0.5,0.23529411764705882,0,0,0
2025_15_NYJ_JAX,15,NYJ,JAX,00-0036906,K.Herbert,00-0036906,Khalil Herbert,RB,0,0.0,0.0,A,6,17.0,0.0,0.0,0,0,0
2025_15_NYJ_JAX,15,NYJ,JAX,00-0034959,A.Beck,00-0034959,Andrew Beck,RB,0,0.0,0.0,A,6,17.0,0.0,0.0,0,0,0
2025_15_TEN_SF,15,SF,TEN,00-0033280,C.McCaffrey,00-0033280,Christian McCaffrey,RB,4,17.0,4.25,H,7,27.0,0.5714285714285714,0.6296296296296297,1,0,0
2025_15_TEN_SF,15,SF,TEN,00-0037746,B.Robinson,00-0037746,Brian Robinson,RB,0,0.0,0.0,H,7,27.0,0.0,0.0,0,0,0
2025_15_TEN_SF,15,TEN,SF,00-0035261,T.Pollard,00-0035261,Tony Pollard,RB,5,46.0,9.2,A,7,46.0,0.7142857142857143,1.0,1,1,1
2025_15_TEN_SF,15,TEN,SF,00-0039032,T.Spears,00-0039032,Tyjae Spears,RB,1,7.0,7.0,A,7,46.0,0.14285714285714285,0.15217391304347827,0,0,0
2025_15_TEN_SF,15,TEN,SF,00-0040205,K.Mullings,00-0040205,Kalel Mullings,RB,0,0.0,0.0,A,7,46.0,0.0,0.0,0,0,0
2025_15_WAS_NYG,15,NYG,WAS,00-0039384,T.Tracy,00-0039384,Tyrone Tracy Jr.,RB,2,10.0,5.0,H,3,13.0,0.6666666666666666,0.7692307692307693,0,0,0
2025_15_WAS_NYG,15,NYG,WAS,00-0035250,D.Singletary,00-0035250,Devin Singletary,RB,1,3.0,3.0,H,3,13.0,0.3333333333333333,0.23076923076923078,0,0,0
2025_15_WAS_NYG,15,WAS,NYG,00-0040242,J.Croskey-Merritt,00-0040242,Jacory Croskey-Merritt,RB,4,17.0,4.25,A,12,50.0,0.3333333333333333,0.34,1,0,0
2025_15_WAS_NYG,15,WAS,NYG,00-0033955,J.McNichols,00-0033955,Jeremy McNichols,RB,5,9.0,1.8,A,12,50.0,0.4166666666666667,0.18,0,0,0
2025_16_ATL_ARI,16,ARI,ATL,00-0036924,M.Carter,00-0036924,Michael Carter,RB,6,46.0,7.666666666666667,H,7,43.0,0.8571428571428571,1.069767441860465,1,1,1
2025_16_ATL_ARI,16,ARI,ATL,00-0040556,C.Kiner,00-0040556,Corey Kiner,RB,0,0.0,0.0,H,7,43.0,0.0,0.0,0,0,0
2025_16_ATL_ARI,16,ARI,ATL,00-0038705,E.Demercado,00-0038705,Emari Demercado,RB,1,-3.0,-3.0,H,7,43.0,0.14285714285714285,-0.06976744186046512,0,0,0
2025_16_ATL_ARI,16,ATL,ARI,00-0038542,B.Robinson,00-0038542,Bijan Robinson,RB,5,20.0,4.0,A,7,32.0,0.7142857142857143,0.625,1,1,0
2025_16_ATL_ARI,16,ATL,ARI,00-0037263,T.Allgeier,00-0037263,Tyler Allgeier,RB,2,12.0,6.0,A,7,32.0,0.2857142857142857,0.375,0,0,0
2025_16_BUF_CLE,16,BUF,CLE,00-0037248,J.Cook,00-0037248,James Cook,RB,4,68.0,17.0,A,6,80.0,0.6666666666666666,0.85,1,1,1
2025_16_BUF_CLE,16,BUF,CLE,00-0035537,Ty.Johnson,00-0035537,Ty Johnson,RB,0,0.0,0.0,A,6,80.0,0.0,0.0,0,0,0
2025_16_BUF_CLE,16,BUF,CLE,00-0039875,R.Davis,00-0039875,Ray Davis,RB,0,0.0,0.0,A,6,80.0,0.0,0.0,0,0,0
2025_16_BUF_CLE,16,CLE,BUF,00-0040784,Q.Judkins,00-0040784,Quinshon Judkins,RB,4,13.0,3.25,H,5,27.0,0.8,0.48148148148148145,0,0,0
2025_16_BUF_CLE,16,CLE,BUF,00-0040466,R.Sanders,00-0040466,Raheim Sanders,RB,0,0.0,0.0,H,5,27.0,0.0,0.0,0,0,0
2025_16_BUF_CLE,16,CLE,BUF,00-0035291,T.Williams,00-0035291,Trayveon Williams,RB,0,0.0,0.0,H,5,27.0,0.0,0.0,0,0,0
2025_16_CIN_MIA,16,CIN,MIA,00-0038597,C.Brown,00-0038597,Chase Brown,RB,3,9.0,3.0,A,5,15.0,0.6,0.6,0,0,0
2025_16_CIN_MIA,16,CIN,MIA,00-0033526,S.Perine,00-0033526,Samaje Perine,RB,2,6.0,3.0,A,5,15.0,0.4,0.4,0,0,0
2025_16_CIN_MIA,16,CIN,MIA,00-0040208,T.Brooks,00-0040208,Tahj Brooks,RB,0,0.0,0.0,A,5,15.0,0.0,0.0,0,0,0
2025_16_CIN_MIA,16,MIA,CIN,00-0039040,D.Achane,00-0039040,De'Von Achane,RB,4,57.0,14.25,H,6,60.0,0.6666666666666666,0.95,1,1,1
2025_16_CIN_MIA,16,MIA,CIN,00-0039874,J.Wright,00-0039874,Jaylen Wright,RB,1,4.0,4.0,H,6,60.0,0.16666666666666666,0.06666666666666667,0,0,0
2025_16_CIN_MIA,16,MIA,CIN,00-0040198,O.Gordon,00-0040198,Ollie Gordon II,RB,1,-1.0,-1.0,H,6,60.0,0.16666666666666666,-0.016666666666666666,0,0,0
2025_16_GB_CHI,16,CHI,GB,00-0036275,D.Swift,00-0036275,D'Andre Swift,RB,4,16.0,4.0,H,8,46.0,0.5,0.34782608695652173,1,0,0
2025_16_GB_CHI,16,CHI,GB,00-0040236,K.Monangai,00-0040236,Kyle Monangai,RB,2,9.0,4.5,H,8,46.0,0.25,0.1956521739130435,0,0,0
2025_16_GB_CHI,16,GB,CHI,00-0035700,J.Jacobs,00-0035700,Josh Jacobs,RB,6,20.0,3.3333333333333335,A,8,28.0,0.75,0.7142857142857143,1,1,0
2025_16_GB_CHI,16,GB,CHI,00-0038797,E.Wilson,00-0038797,Emanuel Wilson,RB,0,0.0,0.0,A,8,28.0,0.0,0.0,0,0,0
2025_16_GB_CHI,16,GB,CHI,00-0038685,C.Brooks,00-0038685,Chris Brooks,RB,0,0.0,0.0,A,8,28.0,0.0,0.0,0,0,0
2025_16_JAX_DEN,16,DEN,JAX,00-0038794,J.McLaughlin,00-0038794,Jaleel McLaughlin,RB,2,25.0,12.5,H,6,31.0,0.3333333333333333,0.8064516129032258,1,1,1
2025_16_JAX_DEN,16,DEN,JAX,00-0040730,R.Harvey,00-0040730,RJ Harvey,RB,3,6.0,2.0,H,6,31.0,0.5,0.1935483870967742,0,0,0
2025_16_JAX_DEN,16,JAX,DEN,00-0036973,T.Etienne,00-0036973,Travis Etienne,RB,4,5.0,1.25,A,5,12.0,0.8,0.4166666666666667,0,0,0
2025_16_JAX_DEN,16,JAX,DEN,00-0040238,L.Allen,00-0040238,LeQuint Allen Jr.,RB,0,0.0,0.0,A,5,12.0,0.0,0.0,0,0,0
2025_16_KC_TEN,16,KC,TEN,00-0037197,I.Pacheco,00-0037197,Isiah Pacheco,RB,2,6.0,3.0,A,4,14.0,0.5,0.42857142857142855,0,0,0
2025_16_KC_TEN,16,KC,TEN,00-0033923,K.Hunt,00-0033923,Kareem Hunt,RB,0,0.0,0.0,A,4,14.0,0.0,0.0,0,0,0
2025_16_KC_TEN,16,TEN,KC,00-0035261,T.Pollard,00-0035261,Tony Pollard,RB,5,29.0,5.8,H,7,30.0,0.7142857142857143,0.9666666666666667,1,1,1
2025_16_KC_TEN,16,TEN,KC,00-0039032,T.Spears,00-0039032,Tyjae Spears,RB,1,1.0,1.0,H,7,30.0,0.14285714285714285,0.03333333333333333,0,0,0
2025_16_KC_TEN,16,TEN,KC,00-0040205,K.Mullings,00-0040205,Kalel Mullings,RB,1,0.0,0.0,H,7,30.0,0.14285714285714285,0.0,0,0,0
2025_16_KC_TEN,16,TEN,KC,00-0037594,J.Chestnut,00-0037594,Julius Chestnut,RB,0,0.0,0.0,H,7,30.0,0.0,0.0,0,0,0
2025_16_LAC_DAL,16,DAL,LAC,00-0036997,J.Williams,00-0036997,Javonte Williams,RB,5,19.0,3.8,H,10,47.0,0.5,0.40425531914893614,1,0,0
2025_16_LAC_DAL,16,DAL,LAC,00-0037563,M.Davis,00-0037563,Malik Davis,RB,3,11.0,3.6666666666666665,H,10,47.0,0.3,0.23404255319148937,0,0,0
2025_16_LAC_DAL,16,DAL,LAC,00-0038738,H.Luepke,00-0038738,Hunter Luepke,RB,0,0.0,0.0,H,10,47.0,0.0,0.0,0,0,0
2025_16_LAC_DAL,16,LAC,DAL,00-0040666,O.Hampton,00-0040666,Omarion Hampton,RB,1,2.0,2.0,A,2,3.0,0.5,0.6666666666666666,0,0,0
2025_16_LAC_DAL,16,LAC,DAL,00-0039391,K.Vidal,00-0039391,Kimani Vidal,RB,1,1.0,1.0,A,2,3.0,0.5,0.3333333333333333,0,0,0
2025_16_LAC_DAL,16,LAC,DAL,00-0037617,H.Haskins,00-0037617,Hassan Haskins,RB,0,0.0,0.0,A,2,3.0,0.0,0.0,0,0,0
2025_16_LA_SEA,16,LA,SEA,00-0037840,K.Williams,00-0037840,Kyren Williams,RB,8,27.0,3.375,A,13,40.0,0.6153846153846154,0.675,1,1,1
2025_16_LA_SEA,16,LA,SEA,00-0039738,B.Corum,00-0039738,Blake Corum,RB,4,9.0,2.25,A,13,40.0,0.3076923076923077,0.225,0,0,0
2025_16_LA_SEA,16,SEA,LA,00-0039165,Z.Charbonnet,00-0039165,Zach Charbonnet,RB,2,13.0,6.5,H,3,15.0,0.6666666666666666,0.8666666666666667,0,0,0
2025_16_LA_SEA,16,SEA,LA,00-0038134,K.Walker,00-0038134,Kenneth Walker III,RB,1,2.0,2.0,H,3,15.0,0.3333333333333333,0.13333333333333333,0,0,0
2025_16_LV_HOU,16,HOU,LV,00-0039405,J.Jordan,00-0039405,Jawhar Jordan,RB,2,3.0,1.5,H,3,5.0,0.6666666666666666,0.6,0,0,0
2025_16_LV_HOU,16,HOU,LV,00-0034791,N.Chubb,00-0034791,Nick Chubb,RB,1,2.0,2.0,H,3,5.0,0.3333333333333333,0.4,0,0,0
2025_16_LV_HOU,16,HOU,LV,00-0033854,D.Ogunbowale,00-0033854,Dare Ogunbowale,RB,0,0.0,0.0,H,3,5.0,0.0,0.0,0,0,0
2025_16_LV_HOU,16,LV,HOU,00-0040122,A.Jeanty,00-0040122,Ashton Jeanty,RB,7,17.0,2.4285714285714284,A,9,28.0,0.7777777777777778,0.6071428571428571,1,0,0
2025_16_LV_HOU,16,LV,HOU,00-0031687,R.Mostert,00-0031687,Raheem Mostert,RB,0,0.0,0.0,A,9,28.0,0.0,0.0,0,0,0
2025_16_MIN_NYG,16,MIN,NYG,00-0037525,J.Mason,00-0037525,Jordan Mason,RB,2,5.0,2.5,A,6,16.0,0.3333333333333333,0.3125,0,0,0
2025_16_MIN_NYG,16,MIN,NYG,00-0038440,Z.Scott,00-0038440,Zavier Scott,RB,2,4.0,2.0,A,6,16.0,0.3333333333333333,0.25,0,0,0
2025_16_MIN_NYG,16,MIN,NYG,00-0032918,C.Ham,00-0032918,C.J. Ham,RB,0,0.0,0.0,A,6,16.0,0.0,0.0,0,0,0
2025_16_MIN_NYG,16,MIN,NYG,00-0033293,A.Jones,00-0033293,Aaron Jones,RB,1,-1.0,-1.0,A,6,16.0,0.16666666666666666,-0.0625,0,0,0
2025_16_MIN_NYG,16,NYG,MIN,00-0039384,T.Tracy,00-0039384,Tyrone Tracy Jr.,RB,7,40.0,5.714285714285714,H,10,51.0,0.7,0.7843137254901961,1,1,1
2025_16_MIN_NYG,16,NYG,MIN,00-0035250,D.Singletary,00-0035250,Devin Singletary,RB,3,11.0,3.6666666666666665,H,10,51.0,0.3,0.21568627450980393,0,0,0
2025_16_NE_BAL,16,BAL,NE,00-0032764,D.Henry,00-0032764,Derrick Henry,RB,7,50.0,7.142857142857143,H,10,60.0,0.7,0.8333333333333334,1,1,1
2025_16_NE_BAL,16,BAL,NE,00-0038454,K.Mitchell,00-0038454,Keaton Mitchell,RB,3,10.0,3.3333333333333335,H,10,60.0,0.3,0.16666666666666666,0,0,0
2025_16_NE_BAL,16,NE,BAL,00-0036875,R.Stevenson,00-0036875,Rhamondre Stevenson,RB,2,13.0,6.5,A,7,22.0,0.2857142857142857,0.5909090909090909,0,0,0
2025_16_NE_BAL,16,NE,BAL,00-0040734,T.Henderson,00-0040734,TreVeyon Henderson,RB,3,5.0,1.6666666666666667,A,7,22.0,0.42857142857142855,0.22727272727272727,0,0,0
2025_16_NYJ_NO,16,NO,NYJ,00-0039373,A.Estime,00-0039373,Audric Estimé,RB,3,10.0,3.3333333333333335,H,7,23.0,0.42857142857142855,0.43478260869565216,0,0,0
2025_16_NYJ_NO,16,NO,NYJ,00-0038397,E.Hull,00-0038397,Evan Hull,RB,1,0.0,0.0,H,7,23.0,0.14285714285714285,0.0,0,0,0
2025_16_NYJ_NO,16,NYJ,NO,00-0038120,B.Hall,00-0038120,Breece Hall,RB,5,15.0,3.0,A,5,15.0,1.0,1.0,1,0,0
2025_16_NYJ_NO,16,NYJ,NO,00-0039798,I.Davis,00-0039798,Isaiah Davis,RB,0,0.0,0.0,A,5,15.0,0.0,0.0,0,0,0
2025_16_PHI_WAS,16,PHI,WAS,00-0034844,S.Barkley,00-0034844,Saquon Barkley,RB,2,1.0,0.5,A,4,18.0,0.5,0.05555555555555555,0,0,0
2025_16_PHI_WAS,16,PHI,WAS,00-0038555,T.Bigsby,00-0038555,Tank Bigsby,RB,0,0.0,0.0,A,4,18.0,0.0,0.0,0,0,0
2025_16_PHI_WAS,16,WAS,PHI,00-0038611,C.Rodriguez,00-0038611,Chris Rodriguez Jr.,RB,5,24.0,4.8,H,8,40.0,0.625,0.6,1,1,0
2025_16_PHI_WAS,16,WAS,PHI,00-0040242,J.Croskey-Merritt,00-0040242,Jacory Croskey-Merritt,RB,2,13.0,6.5,H,8,40.0,0.25,0.325,0,0,0
2025_16_PHI_WAS,16,WAS,PHI,00-0033955,J.McNichols,00-0033955,Jeremy McNichols,RB,1,3.0,3.0,H,8,40.0,0.125,0.075,0,0,0
2025_16_PIT_DET,16,DET,PIT,00-0035685,D.Montgomery,00-0035685,David Montgomery,RB,2,17.0,8.5,H,6,13.0,0.3333333333333333,1.3076923076923077,1,0,0
2025_16_PIT_DET,16,DET,PIT,00-0039139,J.Gibbs,00-0039139,Jahmyr Gibbs,RB,4,-4.0,-1.0,H,6,13.0,0.6666666666666666,-0.3076923076923077,0,0,0
2025_16_PIT_DET,16,PIT,DET,00-0037228,J.Warren,00-0037228,Jaylen Warren,RB,2,9.0,4.5,A,3,14.0,0.6666666666666666,0.6428571428571429,0,0,0
2025_16_PIT_DET,16,PIT,DET,00-0036919,K.Gainwell,00-0036919,Kenneth Gainwell,RB,1,5.0,5.0,A,3,14.0,0.3333333333333333,0.35714285714285715,0,0,0
2025_16_SF_IND,16,IND,SF,00-0036223,J.Taylor,00-0036223,Jonathan Taylor,RB,4,16.0,4.0,H,5,19.0,0.8,0.8421052631578947,1,0,0
2025_16_SF_IND,16,IND,SF,00-0037120,T.Goodson,00-0037120,Tyler Goodson,RB,0,0.0,0.0,H,5,19.0,0.0,0.0,0,0,0
2025_16_SF_IND,16,SF,IND,00-0033280,C.McCaffrey,00-0033280,Christian McCaffrey,RB,5,26.0,5.2,A,6,27.0,0.8333333333333334,0.9629629629629629,1,1,1
2025_16_SF_IND,16,SF,IND,00-0037746,B.Robinson,00-0037746,Brian Robinson,RB,1,1.0,1.0,A,6,27.0,0.16666666666666666,0.037037037037037035,0,0,0
2025_16_TB_CAR,16,CAR,TB,00-0036139,R.Dowdle,00-0036139,Rico Dowdle,RB,3,21.0,7.0,H,6,53.0,0.5,0.39622641509433965,1,1,0
2025_16_TB_CAR,16,CAR,TB,00-0036555,C.Hubbard,00-0036555,Chuba Hubbard,RB,2,7.0,3.5,H,6,53.0,0.3333333333333333,0.1320754716981132,0,0,0
2025_16_TB_CAR,16,TB,CAR,00-0039361,B.Irving,00-0039361,Bucky Irving,RB,6,29.0,4.833333333333333,A,7,32.0,0.8571428571428571,0.90625,1,1,1
2025_16_TB_CAR,16,TB,CAR,00-0038951,S.Tucker,00-0038951,Sean Tucker,RB,1,3.0,3.0,A,7,32.0,0.14285714285714285,0.09375,0,0,0
2025_16_TB_CAR,16,TB,CAR,00-0037256,R.White,00-0037256,Rachaad White,RB,0,0.0,0.0,A,7,32.0,0.0,0.0,0,0,0
2025_17_ARI_CIN,17,ARI,CIN,00-0036924,M.Carter,00-0036924,Michael Carter,RB,2,6.0,3.0,A,2,6.0,1.0,1.0,0,0,0
2025_17_ARI_CIN,17,ARI,CIN,00-0040556,C.Kiner,00-0040556,Corey Kiner,RB,0,0.0,0.0,A,2,6.0,0.0,0.0,0,0,0
2025_17_ARI_CIN,17,ARI,CIN,00-0038705,E.Demercado,00-0038705,Emari Demercado,RB,0,0.0,0.0,A,2,6.0,0.0,0.0,0,0,0
2025_17_ARI_CIN,17,CIN,ARI,00-0038597,C.Brown,00-0038597,Chase Brown,RB,6,26.0,4.333333333333333,H,10,33.0,0.6,0.7878787878787878,1,1,1
2025_17_ARI_CIN,17,CIN,ARI,00-0033526,S.Perine,00-0033526,Samaje Perine,RB,2,4.0,2.0,H,10,33.0,0.2,0.12121212121212122,0,0,0
2025_17_ARI_CIN,17,CIN,ARI,00-0040208,T.Brooks,00-0040208,Tahj Brooks,RB,0,0.0,0.0,H,10,33.0,0.0,0.0,0,0,0
2025_17_BAL_GB,17,BAL,GB,00-0032764,D.Henry,00-0032764,Derrick Henry,RB,11,67.0,6.090909090909091,A,15,93.0,0.7333333333333333,0.7204301075268817,1,1,1
2025_17_BAL_GB,17,BAL,GB,00-0038454,K.Mitchell,00-0038454,Keaton Mitchell,RB,1,5.0,5.0,A,15,93.0,0.06666666666666667,0.053763440860215055,0,0,0
2025_17_BAL_GB,17,GB,BAL,00-0035700,J.Jacobs,00-0035700,Josh Jacobs,RB,0,0.0,0.0,H,0,0.0,0.0,0.0,0,0,0
2025_17_BAL_GB,17,GB,BAL,00-0038797,E.Wilson,00-0038797,Emanuel Wilson,RB,0,0.0,0.0,H,0,0.0,0.0,0.0,0,0,0
2025_17_CHI_SF,17,CHI,SF,00-0036275,D.Swift,00-0036275,D'Andre Swift,RB,1,8.0,8.0,A,3,14.0,0.3333333333333333,0.5714285714285714,0,0,0
2025_17_CHI_SF,17,CHI,SF,00-0040236,K.Monangai,00-0040236,Kyle Monangai,RB,2,6.0,3.0,A,3,14.0,0.6666666666666666,0.42857142857142855,0,0,0
2025_17_CHI_SF,17,SF,CHI,00-0033280,C.McCaffrey,00-0033280,Christian McCaffrey,RB,8,61.0,7.625,H,12,94.0,0.6666666666666666,0.648936170212766,1,1,1
2025_17_CHI_SF,17,SF,CHI,00-0037746,B.Robinson,00-0037746,Brian Robinson,RB,1,15.0,15.0,H,12,94.0,0.08333333333333333,0.1595744680851064,1,0,0
2025_17_DAL_WAS,17,DAL,WAS,00-0036997,J.Williams,00-0036997,Javonte Williams,RB,10,40.0,4.0,A,13,78.0,0.7692307692307693,0.5128205128205128,1,1,1
2025_17_DAL_WAS,17,DAL,WAS,00-0037563,M.Davis,00-0037563,Malik Davis,RB,3,38.0,12.666666666666666,A,13,78.0,0.23076923076923078,0.48717948717948717,1,1,1
2025_17_DAL_WAS,17,DAL,WAS,00-0038738,H.Luepke,00-0038738,Hunter Luepke,RB,0,0.0,0.0,A,13,78.0,0.0,0.0,0,0,0
2025_17_DAL_WAS,17,WAS,DAL,00-0040242,J.Croskey-Merritt,00-0040242,Jacory Croskey-Merritt,RB,3,5.0,1.6666666666666667,H,3,5.0,1.0,1.0,0,0,0
2025_17_DAL_WAS,17,WAS,DAL,00-0033955,J.McNichols,00-0033955,Jeremy McNichols,RB,0,0.0,0.0,H,3,5.0,0.0,0.0,0,0,0
2025_17_DEN_KC,17,DEN,KC,00-0040730,R.Harvey,00-0040730,RJ Harvey,RB,4,9.0,2.25,A,7,15.0,0.5714285714285714,0.6,0,0,0
2025_17_DEN_KC,17,DEN,KC,00-0038794,J.McLaughlin,00-0038794,Jaleel McLaughlin,RB,1,6.0,6.0,A,7,15.0,0.14285714285714285,0.4,0,0,0
2025_17_DEN_KC,17,DEN,KC,00-0036727,A.Prentice,00-0036727,Adam Prentice,RB,0,0.0,0.0,A,7,15.0,0.0,0.0,0,0,0
2025_17_DEN_KC,17,KC,DEN,00-0037197,I.Pacheco,00-0037197,Isiah Pacheco,RB,5,15.0,3.0,H,7,24.0,0.7142857142857143,0.625,1,0,0
2025_17_DEN_KC,17,KC,DEN,00-0033923,K.Hunt,00-0033923,Kareem Hunt,RB,1,5.0,5.0,H,7,24.0,0.14285714285714285,0.20833333333333334,0,0,0
2025_17_DET_MIN,17,DET,MIN,00-0039139,J.Gibbs,00-0039139,Jahmyr Gibbs,RB,2,8.0,4.0,A,5,15.0,0.4,0.5333333333333333,0,0,0
2025_17_DET_MIN,17,DET,MIN,00-0035685,D.Montgomery,00-0035685,David Montgomery,RB,2,7.0,3.5,A,5,15.0,0.4,0.4666666666666667,0,0,0
2025_17_DET_MIN,17,MIN,DET,00-0033293,A.Jones,00-0033293,Aaron Jones,RB,9,35.0,3.888888888888889,H,10,46.0,0.9,0.7608695652173914,1,1,1
2025_17_DET_MIN,17,MIN,DET,00-0037276,T.Chandler,00-0037276,Ty Chandler,RB,0,0.0,0.0,H,10,46.0,0.0,0.0,0,0,0
2025_17_HOU_LAC,17,HOU,LAC,00-0040583,W.Marks,00-0040583,Woody Marks,RB,4,17.0,4.25,A,6,20.0,0.6666666666666666,0.85,1,0,0
2025_17_HOU_LAC,17,HOU,LAC,00-0039405,J.Jordan,00-0039405,Jawhar Jordan,RB,1,2.0,2.0,A,6,20.0,0.16666666666666666,0.1,0,0,0
2025_17_HOU_LAC,17,HOU,LAC,00-0034791,N.Chubb,00-0034791,Nick Chubb,RB,1,1.0,1.0,A,6,20.0,0.16666666666666666,0.05,0,0,0
2025_17_HOU_LAC,17,LAC,HOU,00-0040666,O.Hampton,00-0040666,Omarion Hampton,RB,7,17.0,2.4285714285714284,H,7,17.0,1.0,1.0,1,0,0
2025_17_HOU_LAC,17,LAC,HOU,00-0036755,J.Patterson,00-0036755,Jaret Patterson,RB,0,0.0,0.0,H,7,17.0,0.0,0.0,0,0,0
2025_17_JAX_IND,17,IND,JAX,00-0036223,J.Taylor,00-0036223,Jonathan Taylor,RB,7,35.0,5.0,H,7,35.0,1.0,1.0,1,1,1
2025_17_JAX_IND,17,JAX,IND,00-0040238,L.Allen,00-0040238,LeQuint Allen Jr.,RB,1,3.0,3.0,A,2,4.0,0.5,0.75,0,0,0
2025_17_JAX_IND,17,JAX,IND,00-0036973,T.Etienne,00-0036973,Travis Etienne,RB,0,0.0,0.0,A,2,4.0,0.0,0.0,0,0,0
2025_17_JAX_IND,17,JAX,IND,00-0036425,D.Dallas,00-0036425,DeeJay Dallas,RB,0,0.0,0.0,A,2,4.0,0.0,0.0,0,0,0
2025_17_LA_ATL,17,ATL,LA,00-0038542,B.Robinson,00-0038542,Bijan Robinson,RB,7,24.0,3.4285714285714284,H,8,26.0,0.875,0.9230769230769231,1,1,0
2025_17_LA_ATL,17,ATL,LA,00-0037263,T.Allgeier,00-0037263,Tyler Allgeier,RB,1,2.0,2.0,H,8,26.0,0.125,0.07692307692307693,0,0,0
2025_17_LA_ATL,17,LA,ATL,00-0039738,B.Corum,00-0039738,Blake Corum,RB,3,12.0,4.0,A,5,13.0,0.6,0.9230769230769231,0,0,0
2025_17_LA_ATL,17,LA,ATL,00-0037840,K.Williams,00-0037840,Kyren Williams,RB,2,1.0,0.5,A,5,13.0,0.4,0.07692307692307693,0,0,0
2025_17_LA_ATL,17,LA,ATL,00-0037557,R.Rivers,00-0037557,Ronnie Rivers,RB,0,0.0,0.0,A,5,13.0,0.0,0.0,0,0,0
2025_17_NE_NYJ,17,NE,NYJ,00-0036875,R.Stevenson,00-0036875,Rhamondre Stevenson,RB,5,45.0,9.0,A,12,64.0,0.4166666666666667,0.703125,1,1,1
2025_17_NE_NYJ,17,NE,NYJ,00-0040734,T.Henderson,00-0040734,TreVeyon Henderson,RB,7,19.0,2.7142857142857144,A,12,64.0,0.5833333333333334,0.296875,1,0,0
2025_17_NE_NYJ,17,NE,NYJ,00-0035628,D.Johnson,00-0035628,D'Ernest Johnson,RB,0,0.0,0.0,A,12,64.0,0.0,0.0,0,0,0
2025_17_NE_NYJ,17,NYJ,NE,00-0038120,B.Hall,00-0038120,Breece Hall,RB,2,7.0,3.5,H,3,7.0,0.6666666666666666,1.0,0,0,0
2025_17_NE_NYJ,17,NYJ,NE,00-0039798,I.Davis,00-0039798,Isaiah Davis,RB,0,0.0,0.0,H,3,7.0,0.0,0.0,0,0,0
2025_17_NE_NYJ,17,NYJ,NE,00-0036842,K.Nwangwu,00-0036842,Kene Nwangwu,RB,0,0.0,0.0,H,3,7.0,0.0,0.0,0,0,0
2025_17_NE_NYJ,17,NYJ,NE,00-0036906,K.Herbert,00-0036906,Khalil Herbert,RB,0,0.0,0.0,H,3,7.0,0.0,0.0,0,0,0
2025_17_NO_TEN,17,NO,TEN,00-0039373,A.Estime,00-0039373,Audric Estimé,RB,1,2.0,2.0,A,4,4.0,0.25,0.5,0,0,0
2025_17_NO_TEN,17,NO,TEN,00-0038397,E.Hull,00-0038397,Evan Hull,RB,0,0.0,0.0,A,4,4.0,0.0,0.0,0,0,0
2025_17_NO_TEN,17,TEN,NO,00-0035261,T.Pollard,00-0035261,Tony Pollard,RB,6,20.0,3.3333333333333335,H,9,30.0,0.6666666666666666,0.6666666666666666,1,1,0
2025_17_NO_TEN,17,TEN,NO,00-0040205,K.Mullings,00-0040205,Kalel Mullings,RB,1,4.0,4.0,H,9,30.0,0.1111111111111111,0.13333333333333333,0,0,0
2025_17_NO_TEN,17,TEN,NO,00-0039032,T.Spears,00-0039032,Tyjae Spears,RB,1,1.0,1.0,H,9,30.0,0.1111111111111111,0.03333333333333333,0,0,0
2025_17_NYG_LV,17,LV,NYG,00-0040122,A.Jeanty,00-0040122,Ashton Jeanty,RB,4,9.0,2.25,H,4,9.0,1.0,1.0,0,0,0
2025_17_NYG_LV,17,LV,NYG,00-0038040,Z.White,00-0038040,Zamir White,RB,0,0.0,0.0,H,4,9.0,0.0,0.0,0,0,0
2025_17_NYG_LV,17,NYG,LV,00-0035250,D.Singletary,00-0035250,Devin Singletary,RB,3,34.0,11.333333333333334,A,6,48.0,0.5,0.7083333333333334,1,1,1
2025_17_NYG_LV,17,NYG,LV,00-0039384,T.Tracy,00-0039384,Tyrone Tracy Jr.,RB,3,14.0,4.666666666666667,A,6,48.0,0.5,0.2916666666666667,0,0,0
2025_17_PHI_BUF,17,BUF,PHI,00-0037248,J.Cook,00-0037248,James Cook,RB,4,23.0,5.75,H,5,23.0,0.8,1.0,1,1,0
2025_17_PHI_BUF,17,BUF,PHI,00-0039875,R.Davis,00-0039875,Ray Davis,RB,0,0.0,0.0,H,5,23.0,0.0,0.0,0,0,0
2025_17_PHI_BUF,17,BUF,PHI,00-0035537,Ty.Johnson,00-0035537,Ty Johnson,RB,0,0.0,0.0,H,5,23.0,0.0,0.0,0,0,0
2025_17_PHI_BUF,17,PHI,BUF,00-0034844,S.Barkley,00-0034844,Saquon Barkley,RB,5,17.0,3.4,A,6,21.0,0.8333333333333334,0.8095238095238095,1,0,0
2025_17_PHI_BUF,17,PHI,BUF,00-0039746,W.Shipley,00-0039746,Will Shipley,RB,1,4.0,4.0,A,6,21.0,0.16666666666666666,0.19047619047619047,0,0,0
2025_17_PHI_BUF,17,PHI,BUF,00-0038555,T.Bigsby,00-0038555,Tank Bigsby,RB,0,0.0,0.0,A,6,21.0,0.0,0.0,0,0,0
2025_17_PIT_CLE,17,CLE,PIT,00-0040466,R.Sanders,00-0040466,Raheim Sanders,RB,5,16.0,3.2,H,7,26.0,0.7142857142857143,0.6153846153846154,1,0,0
2025_17_PIT_CLE,17,CLE,PIT,00-0035291,T.Williams,00-0035291,Trayveon Williams,RB,1,9.0,9.0,H,7,26.0,0.14285714285714285,0.34615384615384615,0,0,0
2025_17_PIT_CLE,17,CLE,PIT,00-0040162,D.Sampson,00-0040162,Dylan Sampson,RB,1,1.0,1.0,H,7,26.0,0.14285714285714285,0.038461538461538464,0,0,0
2025_17_PIT_CLE,17,PIT,CLE,00-0037228,J.Warren,00-0037228,Jaylen Warren,RB,3,10.0,3.3333333333333335,A,6,43.0,0.5,0.23255813953488372,0,0,0
2025_17_PIT_CLE,17,PIT,CLE,00-0036919,K.Gainwell,00-0036919,Kenneth Gainwell,RB,2,4.0,2.0,A,6,43.0,0.3333333333333333,0.09302325581395349,0,0,0
2025_17_SEA_CAR,17,CAR,SEA,00-0036139,R.Dowdle,00-0036139,Rico Dowdle,RB,2,12.0,6.0,H,5,16.0,0.4,0.75,0,0,0
2025_17_SEA_CAR,17,CAR,SEA,00-0036555,C.Hubbard,00-0036555,Chuba Hubbard,RB,1,4.0,4.0,H,5,16.0,0.2,0.25,0,0,0
2025_17_SEA_CAR,17,SEA,CAR,00-0038134,K.Walker,00-0038134,Kenneth Walker III,RB,5,31.0,6.2,A,8,62.0,0.625,0.5,1,1,1
2025_17_SEA_CAR,17,SEA,CAR,00-0039165,Z.Charbonnet,00-0039165,Zach Charbonnet,RB,3,31.0,10.333333333333334,A,8,62.0,0.375,0.5,1,1,1
2025_17_TB_MIA,17,MIA,TB,00-0039040,D.Achane,00-0039040,De'Von Achane,RB,0,0.0,0.0,H,1,7.0,0.0,0.0,0,0,0
2025_17_TB_MIA,17,MIA,TB,00-0039874,J.Wright,00-0039874,Jaylen Wright,RB,0,0.0,0.0,H,1,7.0,0.0,0.0,0,0,0
2025_17_TB_MIA,17,TB,MIA,00-0039361,B.Irving,00-0039361,Bucky Irving,RB,4,10.0,2.5,A,7,21.0,0.5714285714285714,0.47619047619047616,0,0,0
2025_17_TB_MIA,17,TB,MIA,00-0038951,S.Tucker,00-0038951,Sean Tucker,RB,2,8.0,4.0,A,7,21.0,0.2857142857142857,0.38095238095238093,0,0,0
2025_17_TB_MIA,17,TB,MIA,00-0037256,R.White,00-0037256,Rachaad White,RB,1,3.0,3.0,A,7,21.0,0.14285714285714285,0.14285714285714285,0,0,0
2025_18_ARI_LA,18,ARI,LA,00-0036924,M.Carter,00-0036924,Michael Carter,RB,3,9.0,3.0,A,4,16.0,0.75,0.5625,0,0,0
2025_18_ARI_LA,18,ARI,LA,00-0040556,C.Kiner,00-0040556,Corey Kiner,RB,0,0.0,0.0,A,4,16.0,0.0,0.0,0,0,0
2025_18_ARI_LA,18,ARI,LA,00-0038705,E.Demercado,00-0038705,Emari Demercado,RB,0,0.0,0.0,A,4,16.0,0.0,0.0,0,0,0
2025_18_ARI_LA,18,LA,ARI,00-0037840,K.Williams,00-0037840,Kyren Williams,RB,3,19.0,6.333333333333333,H,5,27.0,0.6,0.7037037037037037,1,0,0
2025_18_ARI_LA,18,LA,ARI,00-0039738,B.Corum,00-0039738,Blake Corum,RB,1,5.0,5.0,H,5,27.0,0.2,0.18518518518518517,0,0,0
2025_18_BAL_PIT,18,BAL,PIT,00-0032764,D.Henry,00-0032764,Derrick Henry,RB,10,79.0,7.9,A,13,87.0,0.7692307692307693,0.9080459770114943,1,1,1
2025_18_BAL_PIT,18,BAL,PIT,00-0038454,K.Mitchell,00-0038454,Keaton Mitchell,RB,1,3.0,3.0,A,13,87.0,0.07692307692307693,0.034482758620689655,0,0,0
2025_18_BAL_PIT,18,BAL,PIT,00-0039796,R.Ali,00-0039796,Rasheen Ali,RB,1,0.0,0.0,A,13,87.0,0.07692307692307693,0.0,0,0,0
2025_18_BAL_PIT,18,PIT,BAL,00-0036919,K.Gainwell,00-0036919,Kenneth Gainwell,RB,2,3.0,1.5,H,3,3.0,0.6666666666666666,1.0,0,0,0
2025_18_BAL_PIT,18,PIT,BAL,00-0037228,J.Warren,00-0037228,Jaylen Warren,RB,0,0.0,0.0,H,3,3.0,0.0,0.0,0,0,0
2025_18_CAR_TB,18,CAR,TB,00-0036139,R.Dowdle,00-0036139,Rico Dowdle,RB,3,0.0,0.0,A,3,0.0,1.0,0.0,0,0,0
2025_18_CAR_TB,18,CAR,TB,00-0036555,C.Hubbard,00-0036555,Chuba Hubbard,RB,0,0.0,0.0,A,3,0.0,0.0,0.0,0,0,0
2025_18_CAR_TB,18,TB,CAR,00-0039361,B.Irving,00-0039361,Bucky Irving,RB,6,26.0,4.333333333333333,H,11,51.0,0.5454545454545454,0.5098039215686274,1,1,1
2025_18_CAR_TB,18,TB,CAR,00-0037256,R.White,00-0037256,Rachaad White,RB,2,3.0,1.5,H,11,51.0,0.18181818181818182,0.058823529411764705,0,0,0
2025_18_CAR_TB,18,TB,CAR,00-0038951,S.Tucker,00-0038951,Sean Tucker,RB,0,0.0,0.0,H,11,51.0,0.0,0.0,0,0,0
2025_18_CLE_CIN,18,CIN,CLE,00-0033526,S.Perine,00-0033526,Samaje Perine,RB,5,34.0,6.8,H,11,63.0,0.45454545454545453,0.5396825396825397,1,1,1
2025_18_CLE_CIN,18,CIN,CLE,00-0038597,C.Brown,00-0038597,Chase Brown,RB,5,20.0,4.0,H,11,63.0,0.45454545454545453,0.31746031746031744,1,1,0
2025_18_CLE_CIN,18,CLE,CIN,00-0040162,D.Sampson,00-0040162,Dylan Sampson,RB,2,3.0,1.5,A,3,7.0,0.6666666666666666,0.42857142857142855,0,0,0
2025_18_CLE_CIN,18,CLE,CIN,00-0035291,T.Williams,00-0035291,Trayveon Williams,RB,0,0.0,0.0,A,3,7.0,0.0,0.0,0,0,0
2025_18_CLE_CIN,18,CLE,CIN,00-0040466,R.Sanders,00-0040466,Raheim Sanders,RB,0,0.0,0.0,A,3,7.0,0.0,0.0,0,0,0
2025_18_DAL_NYG,18,DAL,NYG,00-0040586,J.Blue,00-0040586,Jaydon Blue,RB,6,53.0,8.833333333333334,A,9,69.0,0.6666666666666666,0.7681159420289855,1,1,1
2025_18_DAL_NYG,18,DAL,NYG,00-0038738,H.Luepke,00-0038738,Hunter Luepke,RB,1,9.0,9.0,A,9,69.0,0.1111111111111111,0.13043478260869565,0,0,0
2025_18_DAL_NYG,18,DAL,NYG,00-0040021,P.Mafah,00-0040021,Phil Mafah,RB,0,0.0,0.0,A,9,69.0,0.0,0.0,0,0,0
2025_18_DAL_NYG,18,NYG,DAL,00-0039384,T.Tracy,00-0039384,Tyrone Tracy Jr.,RB,3,4.0,1.3333333333333333,H,6,19.0,0.5,0.21052631578947367,0,0,0
2025_18_DAL_NYG,18,NYG,DAL,00-0035250,D.Singletary,00-0035250,Devin Singletary,RB,2,2.0,1.0,H,6,19.0,0.3333333333333333,0.10526315789473684,0,0,0
2025_18_DET_CHI,18,CHI,DET,00-0036275,D.Swift,00-0036275,D'Andre Swift,RB,4,21.0,5.25,H,6,22.0,0.6666666666666666,0.9545454545454546,1,1,0
2025_18_DET_CHI,18,CHI,DET,00-0040236,K.Monangai,00-0040236,Kyle Monangai,RB,2,1.0,0.5,H,6,22.0,0.3333333333333333,0.045454545454545456,0,0,0
2025_18_DET_CHI,18,DET,CHI,00-0039139,J.Gibbs,00-0039139,Jahmyr Gibbs,RB,3,16.0,5.333333333333333,A,5,21.0,0.6,0.7619047619047619,1,0,0
2025_18_DET_CHI,18,DET,CHI,00-0035685,D.Montgomery,00-0035685,David Montgomery,RB,2,5.0,2.5,A,5,21.0,0.4,0.23809523809523808,0,0,0
2025_18_GB_MIN,18,GB,MIN,00-0038685,C.Brooks,00-0038685,Chris Brooks,RB,2,12.0,6.0,A,5,11.0,0.4,1.0909090909090908,0,0,0
2025_18_GB_MIN,18,GB,MIN,00-0038797,E.Wilson,00-0038797,Emanuel Wilson,RB,3,-1.0,-0.3333333333333333,A,5,11.0,0.6,-0.09090909090909091,0,0,0
2025_18_GB_MIN,18,MIN,GB,00-0037525,J.Mason,00-0037525,Jordan Mason,RB,5,26.0,5.2,H,10,38.0,0.5,0.6842105263157895,1,1,1
2025_18_GB_MIN,18,MIN,GB,00-0037276,T.Chandler,00-0037276,Ty Chandler,RB,3,4.0,1.3333333333333333,H,10,38.0,0.3,0.10526315789473684,0,0,0
2025_18_GB_MIN,18,MIN,GB,00-0038440,Z.Scott,00-0038440,Zavier Scott,RB,1,2.0,2.0,H,10,38.0,0.1,0.05263157894736842,0,0,0
2025_18_GB_MIN,18,MIN,GB,00-0032918,C.Ham,00-0032918,C.J. Ham,RB,0,0.0,0.0,H,10,38.0,0.0,0.0,0,0,0
2025_18_IND_HOU,18,HOU,IND,00-0040583,W.Marks,00-0040583,Woody Marks,RB,2,8.0,4.0,H,5,10.0,0.4,0.8,0,0,0
2025_18_IND_HOU,18,HOU,IND,00-0039405,J.Jordan,00-0039405,Jawhar Jordan,RB,3,2.0,0.6666666666666666,H,5,10.0,0.6,0.2,0,0,0
2025_18_IND_HOU,18,HOU,IND,00-0039603,B.Brooks,00-0039603,British Brooks,RB,0,0.0,0.0,H,5,10.0,0.0,0.0,0,0,0
2025_18_IND_HOU,18,HOU,IND,00-0033854,D.Ogunbowale,00-0033854,Dare Ogunbowale,RB,0,0.0,0.0,H,5,10.0,0.0,0.0,0,0,0
2025_18_IND_HOU,18,IND,HOU,00-0036223,J.Taylor,00-0036223,Jonathan Taylor,RB,4,2.0,0.5,A,5,13.0,0.8,0.15384615384615385,0,0,0
2025_18_IND_HOU,18,IND,HOU,00-0040179,D.Giddens,00-0040179,DJ Giddens,RB,0,0.0,0.0,A,5,13.0,0.0,0.0,0,0,0
2025_18_IND_HOU,18,IND,HOU,00-0037120,T.Goodson,00-0037120,Tyler Goodson,RB,0,0.0,0.0,A,5,13.0,0.0,0.0,0,0,0
2025_18_IND_HOU,18,IND,HOU,00-0032104,A.Abdullah,00-0032104,Ameer Abdullah,RB,0,0.0,0.0,A,5,13.0,0.0,0.0,0,0,0
2025_18_KC_LV,18,KC,LV,00-0040078,B.Smith,00-0040078,Brashard Smith,RB,6,35.0,5.833333333333333,A,9,43.0,0.6666666666666666,0.813953488372093,1,1,1
2025_18_KC_LV,18,KC,LV,00-0037258,D.Pierce,00-0037258,Dameon Pierce,RB,3,8.0,2.6666666666666665,A,9,43.0,0.3333333333333333,0.18604651162790697,0,0,0
2025_18_KC_LV,18,KC,LV,00-0033923,K.Hunt,00-0033923,Kareem Hunt,RB,0,0.0,0.0,A,9,43.0,0.0,0.0,0,0,0
2025_18_KC_LV,18,LV,KC,00-0040122,A.Jeanty,00-0040122,Ashton Jeanty,RB,4,14.0,3.5,H,5,23.0,0.8,0.6086956521739131,0,0,0
2025_18_KC_LV,18,LV,KC,00-0038040,Z.White,00-0038040,Zamir White,RB,0,0.0,0.0,H,5,23.0,0.0,0.0,0,0,0
2025_18_LAC_DEN,18,DEN,LAC,00-0038794,J.McLaughlin,00-0038794,Jaleel McLaughlin,RB,3,23.0,7.666666666666667,H,13,75.0,0.23076923076923078,0.30666666666666664,1,1,0
2025_18_LAC_DEN,18,DEN,LAC,00-0040730,R.Harvey,00-0040730,RJ Harvey,RB,5,22.0,4.4,H,13,75.0,0.38461538461538464,0.29333333333333333,1,1,0
2025_18_LAC_DEN,18,DEN,LAC,00-0037085,T.Badie,00-0037085,Tyler Badie,RB,1,-3.0,-3.0,H,13,75.0,0.07692307692307693,-0.04,0,0,0
2025_18_LAC_DEN,18,LAC,DEN,00-0036755,J.Patterson,00-0036755,Jaret Patterson,RB,4,23.0,5.75,A,5,26.0,0.8,0.8846153846153846,1,1,0
2025_18_LAC_DEN,18,LAC,DEN,00-0037617,H.Haskins,00-0037617,Hassan Haskins,RB,0,0.0,0.0,A,5,26.0,0.0,0.0,0,0,0
2025_18_LAC_DEN,18,LAC,DEN,00-0039391,K.Vidal,00-0039391,Kimani Vidal,RB,0,0.0,0.0,A,5,26.0,0.0,0.0,0,0,0
2025_18_MIA_NE,18,MIA,NE,00-0039874,J.Wright,00-0039874,Jaylen Wright,RB,4,2.0,0.5,A,7,21.0,0.5714285714285714,0.09523809523809523,0,0,0
2025_18_MIA_NE,18,MIA,NE,00-0040198,O.Gordon,00-0040198,Ollie Gordon II,RB,1,2.0,2.0,A,7,21.0,0.14285714285714285,0.09523809523809523,0,0,0
2025_18_MIA_NE,18,NE,MIA,00-0036875,R.Stevenson,00-0036875,Rhamondre Stevenson,RB,3,67.0,22.333333333333332,H,10,108.0,0.3,0.6203703703703703,1,1,1
2025_18_MIA_NE,18,NE,MIA,00-0040734,T.Henderson,00-0040734,TreVeyon Henderson,RB,5,29.0,5.8,H,10,108.0,0.5,0.26851851851851855,1,1,1
2025_18_MIA_NE,18,NE,MIA,00-0035628,D.Johnson,00-0035628,D'Ernest Johnson,RB,0,0.0,0.0,H,10,108.0,0.0,0.0,0,0,0
2025_18_NO_ATL,18,ATL,NO,00-0037263,T.Allgeier,00-0037263,Tyler Allgeier,RB,2,8.0,4.0,H,7,15.0,0.2857142857142857,0.5333333333333333,0,0,0
2025_18_NO_ATL,18,ATL,NO,00-0038542,B.Robinson,00-0038542,Bijan Robinson,RB,5,7.0,1.4,H,7,15.0,0.7142857142857143,0.4666666666666667,0,0,0
2025_18_NO_ATL,18,NO,ATL,00-0039373,A.Estime,00-0039373,Audric Estimé,RB,3,1.0,0.3333333333333333,A,3,1.0,1.0,1.0,0,0,0
2025_18_NO_ATL,18,NO,ATL,00-0038397,E.Hull,00-0038397,Evan Hull,RB,0,0.0,0.0,A,3,1.0,0.0,0.0,0,0,0
2025_18_NYJ_BUF,18,BUF,NYJ,00-0039875,R.Davis,00-0039875,Ray Davis,RB,7,47.0,6.714285714285714,H,12,66.0,0.5833333333333334,0.7121212121212122,1,1,1
2025_18_NYJ_BUF,18,BUF,NYJ,00-0037248,J.Cook,00-0037248,James Cook,RB,2,15.0,7.5,H,12,66.0,0.16666666666666666,0.22727272727272727,1,0,0
2025_18_NYJ_BUF,18,BUF,NYJ,00-0035537,Ty.Johnson,00-0035537,Ty Johnson,RB,3,4.0,1.3333333333333333,H,12,66.0,0.25,0.06060606060606061,0,0,0
2025_18_NYJ_BUF,18,BUF,NYJ,00-0036187,R.Gilliam,00-0036187,Reggie Gilliam,RB,0,0.0,0.0,H,12,66.0,0.0,0.0,0,0,0
2025_18_NYJ_BUF,18,NYJ,BUF,00-0036842,K.Nwangwu,00-0036842,Kene Nwangwu,RB,4,9.0,2.25,A,4,9.0,1.0,1.0,0,0,0
2025_18_NYJ_BUF,18,NYJ,BUF,00-0036906,K.Herbert,00-0036906,Khalil Herbert,RB,0,0.0,0.0,A,4,9.0,0.0,0.0,0,0,0
2025_18_SEA_SF,18,SEA,SF,00-0039165,Z.Charbonnet,00-0039165,Zach Charbonnet,RB,7,47.0,6.714285714285714,A,12,88.0,0.5833333333333334,0.5340909090909091,1,1,1
2025_18_SEA_SF,18,SEA,SF,00-0038134,K.Walker,00-0038134,Kenneth Walker III,RB,5,41.0,8.2,A,12,88.0,0.4166666666666667,0.4659090909090909,1,1,1
2025_18_SEA_SF,18,SF,SEA,00-0033280,C.McCaffrey,00-0033280,Christian McCaffrey,RB,2,4.0,2.0,H,2,4.0,1.0,1.0,0,0,0
2025_18_SEA_SF,18,SF,SEA,00-0037746,B.Robinson,00-0037746,Brian Robinson,RB,0,0.0,0.0,H,2,4.0,0.0,0.0,0,0,0
2025_18_TEN_JAX,18,JAX,TEN,00-0036973,T.Etienne,00-0036973,Travis Etienne,RB,3,8.0,2.6666666666666665,H,3,8.0,1.0,1.0,0,0,0
2025_18_TEN_JAX,18,JAX,TEN,00-0040719,B.Tuten,00-0040719,Bhayshul Tuten,RB,0,0.0,0.0,H,3,8.0,0.0,0.0,0,0,0
2025_18_TEN_JAX,18,TEN,JAX,00-0035261,T.Pollard,00-0035261,Tony Pollard,RB,4,12.0,3.0,A,6,23.0,0.6666666666666666,0.5217391304347826,0,0,0
2025_18_TEN_JAX,18,TEN,JAX,00-0039032,T.Spears,00-0039032,Tyjae Spears,RB,0,0.0,0.0,A,6,23.0,0.0,0.0,0,0,0
2025_18_WAS_PHI,18,PHI,WAS,00-0038555,T.Bigsby,00-0038555,Tank Bigsby,RB,2,22.0,11.0,H,4,25.0,0.5,0.88,1,1,0
2025_18_WAS_PHI,18,PHI,WAS,00-0039746,W.Shipley,00-0039746,Will Shipley,RB,0,0.0,0.0,H,4,25.0,0.0,0.0,0,0,0
2025_18_WAS_PHI,18,WAS,PHI,00-0040242,J.Croskey-Merritt,00-0040242,Jacory Croskey-Merritt,RB,7,14.0,2.0,A,9,30.0,0.7777777777777778,0.4666666666666667,0,0,0
2025_18_WAS_PHI,18,WAS,PHI,00-0038611,C.Rodriguez,00-0038611,Chris Rodriguez Jr.,RB,0,0.0,0.0,A,9,30.0,0.0,0.0,0,0,0
2025_18_WAS_PHI,18,WAS,PHI,00-0033955,J.McNichols,00-0033955,Jeremy McNichols,RB,0,0.0,0.0,A,9,30.0,0.0,0.0,0,0,0
