game_id,week,team,window,opponent,player_id,pbp_player_name,gsis_id,player_name,position,rush_att,rush_yds,site,team_rush_att,team_rush_yds,carry_share,yard_share
2025_01_ARI_NO,1,ARI,Q1,NO,00-0033553,J.Conner,00-0033553,James Conner,RB,5,17.0,A,7,31.0,0.7142857142857143,0.5483870967741935
2025_01_ARI_NO,1,ARI,Q1,NO,00-0039921,T.Benson,00-0039921,Trey Benson,RB,1,1.0,A,7,31.0,0.14285714285714285,0.03225806451612903
2025_01_ARI_NO,1,NO,Q1,ARI,00-0033906,A.Kamara,00-0033906,Alvin Kamara,RB,3,14.0,H,6,32.0,0.5,0.4375
2025_01_ARI_NO,1,NO,Q1,ARI,00-0038551,K.Miller,00-0038551,Kendre Miller,RB,1,10.0,H,6,32.0,0.16666666666666666,0.3125
2025_01_ARI_NO,1,NO,Q1,ARI,00-0040202,D.Neal,00-0040202,Devin Neal,RB,0,0.0,H,6,32.0,0.0,0.0
2025_01_BAL_BUF,1,BUF,Q1,BAL,00-0037248,J.Cook,00-0037248,James Cook,RB,4,10.0,H,6,30.0,0.6666666666666666,0.3333333333333333
2025_01_BAL_BUF,1,BUF,Q1,BAL,00-0035537,Ty.Johnson,00-0035537,Ty Johnson,RB,1,17.0,H,6,30.0,0.16666666666666666,0.5666666666666667
2025_01_BAL_BUF,1,BAL,Q1,BUF,00-0032764,D.Henry,00-0032764,Derrick Henry,RB,5,22.0,A,8,42.0,0.625,0.5238095238095238
2025_01_BAL_BUF,1,BAL,Q1,BUF,00-0034975,J.Hill,00-0034975,Justice Hill,RB,1,1.0,A,8,42.0,0.125,0.023809523809523808
2025_01_BAL_BUF,1,BAL,Q1,BUF,00-0039796,R.Ali,00-0039796,Rasheen Ali,RB,0,0.0,A,8,42.0,0.0,0.0
2025_01_BAL_BUF,1,BUF,Q1,BAL,00-0039875,R.Davis,00-0039875,Ray Davis,RB,0,0.0,H,6,30.0,0.0,0.0
2025_01_CAR_JAX,1,JAX,Q1,CAR,00-0036973,T.Etienne,00-0036973,Travis Etienne,RB,3,14.0,H,4,18.0,0.75,0.7777777777777778
2025_01_CAR_JAX,1,CAR,Q1,JAX,00-0036555,C.Hubbard,00-0036555,Chuba Hubbard,RB,6,22.0,A,7,25.0,0.8571428571428571,0.88
2025_01_CAR_JAX,1,JAX,Q1,CAR,00-0040238,L.Allen,00-0040238,LeQuint Allen Jr.,RB,0,0.0,H,4,18.0,0.0,0.0
2025_01_CAR_JAX,1,JAX,Q1,CAR,00-0040719,B.Tuten,00-0040719,Bhayshul Tuten,RB,0,0.0,H,4,18.0,0.0,0.0
2025_01_CAR_JAX,1,CAR,Q1,JAX,00-0040644,T.Etienne,00-0040644,Trevor Etienne,RB,0,0.0,A,7,25.0,0.0,0.0
2025_01_CAR_JAX,1,CAR,Q1,JAX,00-0036139,R.Dowdle,00-0036139,Rico Dowdle,RB,0,0.0,A,7,25.0,0.0,0.0
2025_01_CAR_JAX,1,JAX,Q1,CAR,00-0038555,T.Bigsby,00-0038555,Tank Bigsby,RB,0,0.0,H,4,18.0,0.0,0.0
2025_01_CIN_CLE,1,CIN,Q1,CLE,00-0038597,C.Brown,00-0038597,Chase Brown,RB,7,29.0,A,7,29.0,1.0,1.0
2025_01_CIN_CLE,1,CLE,Q1,CIN,00-0040162,D.Sampson,00-0040162,Dylan Sampson,RB,2,5.0,H,6,14.0,0.3333333333333333,0.35714285714285715
2025_01_CIN_CLE,1,CLE,Q1,CIN,00-0037267,J.Ford,00-0037267,Jerome Ford,RB,2,4.0,H,6,14.0,0.3333333333333333,0.2857142857142857
2025_01_CIN_CLE,1,CLE,Q1,CIN,00-0040466,R.Sanders,00-0040466,Raheim Sanders,RB,1,2.0,H,6,14.0,0.16666666666666666,0.14285714285714285
2025_01_DAL_PHI,1,DAL,Q1,PHI,00-0036997,J.Williams,00-0036997,Javonte Williams,RB,7,33.0,A,8,37.0,0.875,0.8918918918918919
2025_01_DAL_PHI,1,PHI,Q1,DAL,00-0034844,S.Barkley,00-0034844,Saquon Barkley,RB,4,20.0,H,8,56.0,0.5,0.35714285714285715
2025_01_DAL_PHI,1,PHI,Q1,DAL,00-0039746,W.Shipley,00-0039746,Will Shipley,RB,2,25.0,H,8,56.0,0.25,0.44642857142857145
2025_01_DAL_PHI,1,DAL,Q1,PHI,00-0035243,M.Sanders,00-0035243,Miles Sanders,RB,0,0.0,A,8,37.0,0.0,0.0
2025_01_DAL_PHI,1,PHI,Q1,DAL,00-0036265,A.Dillon,00-0036265,AJ Dillon,RB,0,0.0,H,8,56.0,0.0,0.0
2025_01_DET_GB,1,GB,Q1,DET,00-0035700,J.Jacobs,00-0035700,Josh Jacobs,RB,5,8.0,H,6,11.0,0.8333333333333334,0.7272727272727273
2025_01_DET_GB,1,DET,Q1,GB,00-0039139,J.Gibbs,00-0039139,Jahmyr Gibbs,RB,3,20.0,A,5,29.0,0.6,0.6896551724137931
2025_01_DET_GB,1,DET,Q1,GB,00-0035685,D.Montgomery,00-0035685,David Montgomery,RB,2,9.0,A,5,29.0,0.4,0.3103448275862069
2025_01_DET_GB,1,GB,Q1,DET,00-0038685,C.Brooks,00-0038685,Chris Brooks,RB,0,0.0,H,6,11.0,0.0,0.0
2025_01_DET_GB,1,GB,Q1,DET,00-0038797,E.Wilson,00-0038797,Emanuel Wilson,RB,0,0.0,H,6,11.0,0.0,0.0
2025_01_HOU_LA,1,HOU,Q1,LA,00-0034791,N.Chubb,00-0034791,Nick Chubb,RB,3,6.0,A,7,23.0,0.42857142857142855,0.2608695652173913
2025_01_HOU_LA,1,HOU,Q1,LA,00-0033854,D.Ogunbowale,00-0033854,Dare Ogunbowale,RB,1,7.0,A,7,23.0,0.14285714285714285,0.30434782608695654
2025_01_HOU_LA,1,LA,Q1,HOU,00-0037840,K.Williams,00-0037840,Kyren Williams,RB,3,7.0,H,4,8.0,0.75,0.875
2025_01_HOU_LA,1,HOU,Q1,LA,00-0037258,D.Pierce,00-0037258,Dameon Pierce,RB,1,2.0,A,7,23.0,0.14285714285714285,0.08695652173913043
2025_01_HOU_LA,1,HOU,Q1,LA,00-0040583,W.Marks,00-0040583,Woody Marks,RB,1,2.0,A,7,23.0,0.14285714285714285,0.08695652173913043
2025_01_HOU_LA,1,LA,Q1,HOU,00-0039738,B.Corum,00-0039738,Blake Corum,RB,0,0.0,H,4,8.0,0.0,0.0
2025_01_KC_LAC,1,KC,Q1,LAC,00-0037197,I.Pacheco,00-0037197,Isiah Pacheco,RB,2,5.0,A,5,17.0,0.4,0.29411764705882354
2025_01_KC_LAC,1,LAC,Q1,KC,00-0040666,O.Hampton,00-0040666,Omarion Hampton,RB,4,22.0,H,5,28.0,0.8,0.7857142857142857
2025_01_KC_LAC,1,KC,Q1,LAC,00-0033923,K.Hunt,00-0033923,Kareem Hunt,RB,1,1.0,A,5,17.0,0.2,0.058823529411764705
2025_01_KC_LAC,1,LAC,Q1,KC,00-0036893,N.Harris,00-0036893,Najee Harris,RB,0,0.0,H,5,28.0,0.0,0.0
2025_01_LV_NE,1,LV,Q1,NE,00-0040122,A.Jeanty,00-0040122,Ashton Jeanty,RB,5,24.0,A,6,24.0,0.8333333333333334,1.0
2025_01_LV_NE,1,NE,Q1,LV,00-0036875,R.Stevenson,00-0036875,Rhamondre Stevenson,RB,3,6.0,H,6,17.0,0.5,0.35294117647058826
2025_01_LV_NE,1,LV,Q1,NE,00-0038040,Z.White,00-0038040,Zamir White,RB,1,0.0,A,6,24.0,0.16666666666666666,0.0
2025_01_LV_NE,1,NE,Q1,LV,00-0040734,T.Henderson,00-0040734,TreVeyon Henderson,RB,1,7.0,H,6,17.0,0.16666666666666666,0.4117647058823529
2025_01_LV_NE,1,NE,Q1,LV,00-0036328,A.Gibson,00-0036328,Antonio Gibson,RB,0,0.0,H,6,17.0,0.0,0.0
2025_01_MIA_IND,1,IND,Q1,MIA,00-0036223,J.Taylor,00-0036223,Jonathan Taylor,RB,7,29.0,H,11,44.0,0.6363636363636364,0.6590909090909091
2025_01_MIA_IND,1,MIA,Q1,IND,00-0039040,D.Achane,00-0039040,De'Von Achane,RB,2,7.0,A,2,7.0,1.0,1.0
2025_01_MIA_IND,1,MIA,Q1,IND,00-0040198,O.Gordon,00-0040198,Ollie Gordon II,RB,0,0.0,A,2,7.0,0.0,0.0
2025_01_MIA_IND,1,IND,Q1,MIA,00-0040179,D.Giddens,00-0040179,DJ Giddens,RB,0,0.0,H,11,44.0,0.0,0.0
2025_01_MIA_IND,1,IND,Q1,MIA,00-0040476,U.Bentley,00-0040476,Ulysses Bentley IV,RB,0,0.0,H,11,44.0,0.0,0.0
2025_01_MIN_CHI,1,MIN,Q1,CHI,00-0033293,A.Jones,00-0033293,Aaron Jones,RB,2,5.0,A,5,21.0,0.4,0.23809523809523808
2025_01_MIN_CHI,1,CHI,Q1,MIN,00-0036275,D.Swift,00-0036275,D'Andre Swift,RB,3,1.0,H,6,27.0,0.5,0.037037037037037035
2025_01_MIN_CHI,1,MIN,Q1,CHI,00-0037525,J.Mason,00-0037525,Jordan Mason,RB,2,12.0,A,5,21.0,0.4,0.5714285714285714
2025_01_NYG_WAS,1,WAS,Q1,NYG,00-0033699,A.Ekeler,00-0033699,Austin Ekeler,RB,4,19.0,H,7,39.0,0.5714285714285714,0.48717948717948717
2025_01_NYG_WAS,1,NYG,Q1,WAS,00-0039384,T.Tracy,00-0039384,Tyrone Tracy Jr.,RB,3,11.0,A,5,17.0,0.6,0.6470588235294118
2025_01_NYG_WAS,1,NYG,Q1,WAS,00-0040715,C.Skattebo,00-0040715,Cam Skattebo,RB,1,-2.0,A,5,17.0,0.2,-0.11764705882352941
2025_01_NYG_WAS,1,WAS,Q1,NYG,00-0040242,J.Croskey-Merritt,00-0040242,Jacory Croskey-Merritt,RB,0,0.0,H,7,39.0,0.0,0.0
2025_01_NYG_WAS,1,NYG,Q1,WAS,00-0035250,D.Singletary,00-0035250,Devin Singletary,RB,0,0.0,A,5,17.0,0.0,0.0
2025_01_NYG_WAS,1,WAS,Q1,NYG,00-0033955,J.McNichols,00-0033955,Jeremy McNichols,RB,0,0.0,H,7,39.0,0.0,0.0
2025_01_PIT_NYJ,1,NYJ,Q1,PIT,00-0038120,B.Hall,00-0038120,Breece Hall,RB,5,38.0,H,11,49.0,0.45454545454545453,0.7755102040816326
2025_01_PIT_NYJ,1,NYJ,Q1,PIT,00-0039794,B.Allen,00-0039794,Braelon Allen,RB,3,1.0,H,11,49.0,0.2727272727272727,0.02040816326530612
2025_01_PIT_NYJ,1,NYJ,Q1,PIT,00-0039798,I.Davis,00-0039798,Isaiah Davis,RB,1,3.0,H,11,49.0,0.09090909090909091,0.061224489795918366
2025_01_PIT_NYJ,1,PIT,Q1,NYJ,00-0036919,K.Gainwell,00-0036919,Kenneth Gainwell,RB,3,13.0,A,4,13.0,0.75,1.0
2025_01_PIT_NYJ,1,PIT,Q1,NYJ,00-0037228,J.Warren,00-0037228,Jaylen Warren,RB,1,0.0,A,4,13.0,0.25,0.0
2025_01_PIT_NYJ,1,PIT,Q1,NYJ,00-0040142,K.Johnson,00-0040142,Kaleb Johnson,RB,0,0.0,A,4,13.0,0.0,0.0
2025_01_SF_SEA,1,SEA,Q1,SF,00-0038134,K.Walker,00-0038134,Kenneth Walker III,RB,2,8.0,H,8,31.0,0.25,0.25806451612903225
2025_01_SF_SEA,1,SF,Q1,SEA,00-0033280,C.McCaffrey,00-0033280,Christian McCaffrey,RB,4,6.0,A,7,19.0,0.5714285714285714,0.3157894736842105
2025_01_SF_SEA,1,SF,Q1,SEA,00-0037746,B.Robinson,00-0037746,Brian Robinson,RB,1,1.0,A,7,19.0,0.14285714285714285,0.05263157894736842
2025_01_SF_SEA,1,SEA,Q1,SF,00-0039165,Z.Charbonnet,00-0039165,Zach Charbonnet,RB,4,20.0,H,8,31.0,0.5,0.6451612903225806
2025_01_TB_ATL,1,ATL,Q1,TB,00-0037263,T.Allgeier,00-0037263,Tyler Allgeier,RB,3,8.0,H,6,13.0,0.5,0.6153846153846154
2025_01_TB_ATL,1,TB,Q1,ATL,00-0039361,B.Irving,00-0039361,Bucky Irving,RB,5,19.0,A,6,24.0,0.8333333333333334,0.7916666666666666
2025_01_TB_ATL,1,ATL,Q1,TB,00-0038542,B.Robinson,00-0038542,Bijan Robinson,RB,2,5.0,H,6,13.0,0.3333333333333333,0.38461538461538464
2025_01_TB_ATL,1,TB,Q1,ATL,00-0038951,S.Tucker,00-0038951,Sean Tucker,RB,0,0.0,A,6,24.0,0.0,0.0
2025_01_TB_ATL,1,TB,Q1,ATL,00-0037256,R.White,00-0037256,Rachaad White,RB,0,0.0,A,6,24.0,0.0,0.0
2025_01_TEN_DEN,1,TEN,Q1,DEN,00-0035261,T.Pollard,00-0035261,Tony Pollard,RB,5,10.0,A,5,10.0,1.0,1.0
2025_01_TEN_DEN,1,DEN,Q1,TEN,00-0036158,J.Dobbins,00-0036158,J.K. Dobbins,RB,1,3.0,H,3,13.0,0.3333333333333333,0.23076923076923078
2025_01_TEN_DEN,1,DEN,Q1,TEN,00-0040730,R.Harvey,00-0040730,RJ Harvey,RB,2,10.0,H,3,13.0,0.6666666666666666,0.7692307692307693
2025_01_TEN_DEN,1,TEN,Q1,DEN,00-0037594,J.Chestnut,00-0037594,Julius Chestnut,RB,0,0.0,A,5,10.0,0.0,0.0
2025_02_ATL_MIN,2,ATL,Q1,MIN,00-0038542,B.Robinson,00-0038542,Bijan Robinson,RB,5,54.0,A,7,65.0,0.7142857142857143,0.8307692307692308
2025_02_ATL_MIN,2,MIN,Q1,ATL,00-0033293,A.Jones,00-0033293,Aaron Jones,RB,3,9.0,H,7,17.0,0.42857142857142855,0.5294117647058824
2025_02_ATL_MIN,2,ATL,Q1,MIN,00-0037263,T.Allgeier,00-0037263,Tyler Allgeier,RB,2,11.0,A,7,65.0,0.2857142857142857,0.16923076923076924
2025_02_ATL_MIN,2,MIN,Q1,ATL,00-0037525,J.Mason,00-0037525,Jordan Mason,RB,2,2.0,H,7,17.0,0.2857142857142857,0.11764705882352941
2025_02_BUF_NYJ,2,NYJ,Q1,BUF,00-0038120,B.Hall,00-0038120,Breece Hall,RB,3,11.0,H,5,2.0,0.6,5.5
2025_02_BUF_NYJ,2,BUF,Q1,NYJ,00-0037248,J.Cook,00-0037248,James Cook,RB,7,29.0,A,13,79.0,0.5384615384615384,0.3670886075949367
2025_02_BUF_NYJ,2,BUF,Q1,NYJ,00-0039875,R.Davis,00-0039875,Ray Davis,RB,2,5.0,A,13,79.0,0.15384615384615385,0.06329113924050633
2025_02_BUF_NYJ,2,BUF,Q1,NYJ,00-0035537,Ty.Johnson,00-0035537,Ty Johnson,RB,1,3.0,A,13,79.0,0.07692307692307693,0.0379746835443038
2025_02_BUF_NYJ,2,NYJ,Q1,BUF,00-0039794,B.Allen,00-0039794,Braelon Allen,RB,0,0.0,H,5,2.0,0.0,0.0
2025_02_CAR_ARI,2,CAR,Q1,ARI,00-0036555,C.Hubbard,00-0036555,Chuba Hubbard,RB,2,0.0,A,7,5.0,0.2857142857142857,0.0
2025_02_CAR_ARI,2,ARI,Q1,CAR,00-0033553,J.Conner,00-0033553,James Conner,RB,2,5.0,H,4,5.0,0.5,1.0
2025_02_CAR_ARI,2,CAR,Q1,ARI,00-0036139,R.Dowdle,00-0036139,Rico Dowdle,RB,3,2.0,A,7,5.0,0.42857142857142855,0.4
2025_02_CAR_ARI,2,ARI,Q1,CAR,00-0039921,T.Benson,00-0039921,Trey Benson,RB,0,0.0,H,4,5.0,0.0,0.0
2025_02_CHI_DET,2,DET,Q1,CHI,00-0039139,J.Gibbs,00-0039139,Jahmyr Gibbs,RB,5,22.0,H,7,26.0,0.7142857142857143,0.8461538461538461
2025_02_CHI_DET,2,CHI,Q1,DET,00-0036275,D.Swift,00-0036275,D'Andre Swift,RB,6,40.0,A,6,40.0,1.0,1.0
2025_02_CHI_DET,2,DET,Q1,CHI,00-0035685,D.Montgomery,00-0035685,David Montgomery,RB,2,4.0,H,7,26.0,0.2857142857142857,0.15384615384615385
2025_02_CHI_DET,2,CHI,Q1,DET,00-0040236,K.Monangai,00-0040236,Kyle Monangai,RB,0,0.0,A,6,40.0,0.0,0.0
2025_02_CHI_DET,2,DET,Q1,CHI,00-0035567,C.Reynolds,00-0035567,Craig Reynolds,RB,0,0.0,H,7,26.0,0.0,0.0
2025_02_CLE_BAL,2,CLE,Q1,BAL,00-0040784,Q.Judkins,00-0040784,Quinshon Judkins,RB,2,2.0,A,2,2.0,1.0,1.0
2025_02_CLE_BAL,2,BAL,Q1,CLE,00-0032764,D.Henry,00-0032764,Derrick Henry,RB,3,-5.0,H,6,-2.0,0.5,2.5
2025_02_CLE_BAL,2,BAL,Q1,CLE,00-0034975,J.Hill,00-0034975,Justice Hill,RB,2,1.0,H,6,-2.0,0.3333333333333333,-0.5
2025_02_CLE_BAL,2,CLE,Q1,BAL,00-0040162,D.Sampson,00-0040162,Dylan Sampson,RB,0,0.0,A,2,2.0,0.0,0.0
2025_02_CLE_BAL,2,CLE,Q1,BAL,00-0037267,J.Ford,00-0037267,Jerome Ford,RB,0,0.0,A,2,2.0,0.0,0.0
2025_02_DEN_IND,2,IND,Q1,DEN,00-0036223,J.Taylor,00-0036223,Jonathan Taylor,RB,6,26.0,H,8,23.0,0.75,1.1304347826086956
2025_02_DEN_IND,2,DEN,Q1,IND,00-0036158,J.Dobbins,00-0036158,J.K. Dobbins,RB,4,32.0,A,5,35.0,0.8,0.9142857142857143
2025_02_DEN_IND,2,DEN,Q1,IND,00-0040730,R.Harvey,00-0040730,RJ Harvey,RB,1,3.0,A,5,35.0,0.2,0.08571428571428572
2025_02_DEN_IND,2,DEN,Q1,IND,00-0037085,T.Badie,00-0037085,Tyler Badie,RB,0,0.0,A,5,35.0,0.0,0.0
2025_02_JAX_CIN,2,JAX,Q1,CIN,00-0036973,T.Etienne,00-0036973,Travis Etienne,RB,3,9.0,A,5,21.0,0.6,0.42857142857142855
2025_02_JAX_CIN,2,CIN,Q1,JAX,00-0038597,C.Brown,00-0038597,Chase Brown,RB,3,13.0,H,3,13.0,1.0,1.0
2025_02_JAX_CIN,2,JAX,Q1,CIN,00-0040719,B.Tuten,00-0040719,Bhayshul Tuten,RB,2,12.0,A,5,21.0,0.4,0.5714285714285714
2025_02_JAX_CIN,2,JAX,Q1,CIN,00-0040238,L.Allen,00-0040238,LeQuint Allen Jr.,RB,0,0.0,A,5,21.0,0.0,0.0
2025_02_LAC_LV,2,LV,Q1,LAC,00-0040122,A.Jeanty,00-0040122,Ashton Jeanty,RB,2,8.0,H,5,18.0,0.4,0.4444444444444444
2025_02_LAC_LV,2,LV,Q1,LAC,00-0038040,Z.White,00-0038040,Zamir White,RB,1,3.0,H,5,18.0,0.2,0.16666666666666666
2025_02_LAC_LV,2,LAC,Q1,LV,00-0036893,N.Harris,00-0036893,Najee Harris,RB,1,6.0,A,5,29.0,0.2,0.20689655172413793
2025_02_LAC_LV,2,LAC,Q1,LV,00-0040666,O.Hampton,00-0040666,Omarion Hampton,RB,1,-3.0,A,5,29.0,0.2,-0.10344827586206896
2025_02_LA_TEN,2,LA,Q1,TEN,00-0037840,K.Williams,00-0037840,Kyren Williams,RB,6,17.0,A,7,62.0,0.8571428571428571,0.27419354838709675
2025_02_LA_TEN,2,TEN,Q1,LA,00-0035261,T.Pollard,00-0035261,Tony Pollard,RB,4,10.0,H,5,12.0,0.8,0.8333333333333334
2025_02_LA_TEN,2,LA,Q1,TEN,00-0039738,B.Corum,00-0039738,Blake Corum,RB,0,0.0,A,7,62.0,0.0,0.0
2025_02_NE_MIA,2,NE,Q1,MIA,00-0036875,R.Stevenson,00-0036875,Rhamondre Stevenson,RB,5,23.0,A,12,57.0,0.4166666666666667,0.40350877192982454
2025_02_NE_MIA,2,NE,Q1,MIA,00-0036328,A.Gibson,00-0036328,Antonio Gibson,RB,3,7.0,A,12,57.0,0.25,0.12280701754385964
2025_02_NE_MIA,2,MIA,Q1,NE,00-0039040,D.Achane,00-0039040,De'Von Achane,RB,2,5.0,H,2,5.0,1.0,1.0
2025_02_NE_MIA,2,NE,Q1,MIA,00-0040734,T.Henderson,00-0040734,TreVeyon Henderson,RB,2,8.0,A,12,57.0,0.16666666666666666,0.14035087719298245
2025_02_NE_MIA,2,MIA,Q1,NE,00-0040198,O.Gordon,00-0040198,Ollie Gordon II,RB,0,0.0,H,2,5.0,0.0,0.0
2025_02_NYG_DAL,2,NYG,Q1,DAL,00-0035250,D.Singletary,00-0035250,Devin Singletary,RB,1,4.0,A,7,22.0,0.14285714285714285,0.18181818181818182
2025_02_NYG_DAL,2,NYG,Q1,DAL,00-0040715,C.Skattebo,00-0040715,Cam Skattebo,RB,2,5.0,A,7,22.0,0.2857142857142857,0.22727272727272727
2025_02_NYG_DAL,2,NYG,Q1,DAL,00-0039384,T.Tracy,00-0039384,Tyrone Tracy Jr.,RB,3,11.0,A,7,22.0,0.42857142857142855,0.5
2025_02_NYG_DAL,2,DAL,Q1,NYG,00-0036997,J.Williams,00-0036997,Javonte Williams,RB,2,5.0,H,2,5.0,1.0,1.0
2025_02_NYG_DAL,2,DAL,Q1,NYG,00-0035243,M.Sanders,00-0035243,Miles Sanders,RB,0,0.0,H,2,5.0,0.0,0.0
2025_02_PHI_KC,2,PHI,Q1,KC,00-0034844,S.Barkley,00-0034844,Saquon Barkley,RB,4,19.0,A,7,32.0,0.5714285714285714,0.59375
2025_02_PHI_KC,2,KC,Q1,PHI,00-0037197,I.Pacheco,00-0037197,Isiah Pacheco,RB,3,8.0,H,7,36.0,0.42857142857142855,0.2222222222222222
2025_02_PHI_KC,2,KC,Q1,PHI,00-0033923,K.Hunt,00-0033923,Kareem Hunt,RB,2,9.0,H,7,36.0,0.2857142857142857,0.25
2025_02_PHI_KC,2,PHI,Q1,KC,00-0036265,A.Dillon,00-0036265,AJ Dillon,RB,2,11.0,A,7,32.0,0.2857142857142857,0.34375
2025_02_PHI_KC,2,KC,Q1,PHI,00-0040078,B.Smith,00-0040078,Brashard Smith,RB,0,0.0,H,7,36.0,0.0,0.0
2025_02_SEA_PIT,2,SEA,Q1,PIT,00-0038134,K.Walker,00-0038134,Kenneth Walker III,RB,3,14.0,A,6,14.0,0.5,1.0
2025_02_SEA_PIT,2,SEA,Q1,PIT,00-0039165,Z.Charbonnet,00-0039165,Zach Charbonnet,RB,3,0.0,A,6,14.0,0.5,0.0
2025_02_SEA_PIT,2,PIT,Q1,SEA,00-0037228,J.Warren,00-0037228,Jaylen Warren,RB,5,27.0,H,8,29.0,0.625,0.9310344827586207
2025_02_SEA_PIT,2,PIT,Q1,SEA,00-0036919,K.Gainwell,00-0036919,Kenneth Gainwell,RB,2,1.0,H,8,29.0,0.25,0.034482758620689655
2025_02_SEA_PIT,2,PIT,Q1,SEA,00-0040142,K.Johnson,00-0040142,Kaleb Johnson,RB,1,1.0,H,8,29.0,0.125,0.034482758620689655
2025_02_SF_NO,2,NO,Q1,SF,00-0033906,A.Kamara,00-0033906,Alvin Kamara,RB,4,28.0,H,5,30.0,0.8,0.9333333333333333
2025_02_SF_NO,2,SF,Q1,NO,00-0033280,C.McCaffrey,00-0033280,Christian McCaffrey,RB,7,39.0,A,10,51.0,0.7,0.7647058823529411
2025_02_SF_NO,2,SF,Q1,NO,00-0037746,B.Robinson,00-0037746,Brian Robinson,RB,1,3.0,A,10,51.0,0.1,0.058823529411764705
2025_02_SF_NO,2,NO,Q1,SF,00-0038551,K.Miller,00-0038551,Kendre Miller,RB,1,2.0,H,5,30.0,0.2,0.06666666666666667
2025_02_TB_HOU,2,HOU,Q1,TB,00-0034791,N.Chubb,00-0034791,Nick Chubb,RB,3,7.0,H,5,13.0,0.6,0.5384615384615384
2025_02_TB_HOU,2,TB,Q1,HOU,00-0037256,R.White,00-0037256,Rachaad White,RB,1,4.0,A,5,27.0,0.2,0.14814814814814814
2025_02_TB_HOU,2,TB,Q1,HOU,00-0039361,B.Irving,00-0039361,Bucky Irving,RB,4,23.0,A,5,27.0,0.8,0.8518518518518519
2025_02_TB_HOU,2,HOU,Q1,TB,00-0040583,W.Marks,00-0040583,Woody Marks,RB,1,4.0,H,5,13.0,0.2,0.3076923076923077
2025_02_WAS_GB,2,GB,Q1,WAS,00-0035700,J.Jacobs,00-0035700,Josh Jacobs,RB,5,13.0,H,7,33.0,0.7142857142857143,0.3939393939393939
2025_02_WAS_GB,2,WAS,Q1,GB,00-0033699,A.Ekeler,00-0033699,Austin Ekeler,RB,2,3.0,A,2,3.0,1.0,1.0
2025_02_WAS_GB,2,WAS,Q1,GB,00-0040242,J.Croskey-Merritt,00-0040242,Jacory Croskey-Merritt,RB,0,0.0,A,2,3.0,0.0,0.0
2025_03_ARI_SF,3,ARI,Q1,SF,00-0033553,J.Conner,00-0033553,James Conner,RB,6,12.0,A,9,28.0,0.6666666666666666,0.42857142857142855
2025_03_ARI_SF,3,ARI,Q1,SF,00-0039921,T.Benson,00-0039921,Trey Benson,RB,1,1.0,A,9,28.0,0.1111111111111111,0.03571428571428571
2025_03_ARI_SF,3,SF,Q1,ARI,00-0033280,C.McCaffrey,00-0033280,Christian McCaffrey,RB,2,1.0,H,2,1.0,1.0,1.0
2025_03_ARI_SF,3,ARI,Q1,SF,00-0038705,E.Demercado,00-0038705,Emari Demercado,RB,0,0.0,A,9,28.0,0.0,0.0
2025_03_ARI_SF,3,SF,Q1,ARI,00-0037746,B.Robinson,00-0037746,Brian Robinson,RB,0,0.0,H,2,1.0,0.0,0.0
2025_03_ATL_CAR,3,ATL,Q1,CAR,00-0038542,B.Robinson,00-0038542,Bijan Robinson,RB,5,16.0,A,6,20.0,0.8333333333333334,0.8
2025_03_ATL_CAR,3,CAR,Q1,ATL,00-0036555,C.Hubbard,00-0036555,Chuba Hubbard,RB,3,20.0,H,5,28.0,0.6,0.7142857142857143
2025_03_ATL_CAR,3,ATL,Q1,CAR,00-0037263,T.Allgeier,00-0037263,Tyler Allgeier,RB,1,4.0,A,6,20.0,0.16666666666666666,0.2
2025_03_ATL_CAR,3,CAR,Q1,ATL,00-0036139,R.Dowdle,00-0036139,Rico Dowdle,RB,0,0.0,H,5,28.0,0.0,0.0
2025_03_ATL_CAR,3,ATL,Q1,CAR,00-0040547,N.Carter,00-0040547,Nate Carter,RB,0,0.0,A,6,20.0,0.0,0.0
2025_03_CIN_MIN,3,MIN,Q1,CIN,00-0037525,J.Mason,00-0037525,Jordan Mason,RB,4,21.0,H,5,22.0,0.8,0.9545454545454546
2025_03_CIN_MIN,3,CIN,Q1,MIN,00-0038597,C.Brown,00-0038597,Chase Brown,RB,5,0.0,A,8,24.0,0.625,0.0
2025_03_CIN_MIN,3,CIN,Q1,MIN,00-0033526,S.Perine,00-0033526,Samaje Perine,RB,1,12.0,A,8,24.0,0.125,0.5
2025_03_CIN_MIN,3,MIN,Q1,CIN,00-0038440,Z.Scott,00-0038440,Zavier Scott,RB,0,0.0,H,5,22.0,0.0,0.0
2025_03_CIN_MIN,3,CIN,Q1,MIN,00-0040208,T.Brooks,00-0040208,Tahj Brooks,RB,0,0.0,A,8,24.0,0.0,0.0
2025_03_CIN_MIN,3,MIN,Q1,CIN,00-0036414,C.Akers,00-0036414,Cam Akers,RB,0,0.0,H,5,22.0,0.0,0.0
2025_03_DAL_CHI,3,CHI,Q1,DAL,00-0036275,D.Swift,00-0036275,D'Andre Swift,RB,2,-1.0,H,2,-1.0,1.0,1.0
2025_03_DAL_CHI,3,DAL,Q1,CHI,00-0036997,J.Williams,00-0036997,Javonte Williams,RB,7,60.0,A,9,66.0,0.7777777777777778,0.9090909090909091
2025_03_DAL_CHI,3,DAL,Q1,CHI,00-0035243,M.Sanders,00-0035243,Miles Sanders,RB,2,6.0,A,9,66.0,0.2222222222222222,0.09090909090909091
2025_03_DAL_CHI,3,CHI,Q1,DAL,00-0040236,K.Monangai,00-0040236,Kyle Monangai,RB,0,0.0,H,2,-1.0,0.0,-0.0
2025_03_DEN_LAC,3,LAC,Q1,DEN,00-0040666,O.Hampton,00-0040666,Omarion Hampton,RB,3,10.0,H,7,27.0,0.42857142857142855,0.37037037037037035
2025_03_DEN_LAC,3,DEN,Q1,LAC,00-0040730,R.Harvey,00-0040730,RJ Harvey,RB,1,4.0,A,3,2.0,0.3333333333333333,2.0
2025_03_DEN_LAC,3,LAC,Q1,DEN,00-0036893,N.Harris,00-0036893,Najee Harris,RB,3,13.0,H,7,27.0,0.42857142857142855,0.48148148148148145
2025_03_DEN_LAC,3,DEN,Q1,LAC,00-0036158,J.Dobbins,00-0036158,J.K. Dobbins,RB,2,-2.0,A,3,2.0,0.6666666666666666,-1.0
2025_03_DET_BAL,3,DET,Q1,BAL,00-0039139,J.Gibbs,00-0039139,Jahmyr Gibbs,RB,7,12.0,A,10,15.0,0.7,0.8
2025_03_DET_BAL,3,BAL,Q1,DET,00-0032764,D.Henry,00-0032764,Derrick Henry,RB,4,36.0,H,5,48.0,0.8,0.75
2025_03_DET_BAL,3,DET,Q1,BAL,00-0035685,D.Montgomery,00-0035685,David Montgomery,RB,2,3.0,A,10,15.0,0.2,0.2
2025_03_GB_CLE,3,CLE,Q1,GB,00-0040784,Q.Judkins,00-0040784,Quinshon Judkins,RB,4,15.0,H,5,17.0,0.8,0.8823529411764706
2025_03_GB_CLE,3,CLE,Q1,GB,00-0040162,D.Sampson,00-0040162,Dylan Sampson,RB,1,2.0,H,5,17.0,0.2,0.11764705882352941
2025_03_GB_CLE,3,GB,Q1,CLE,00-0035700,J.Jacobs,00-0035700,Josh Jacobs,RB,6,21.0,A,7,23.0,0.8571428571428571,0.9130434782608695
2025_03_GB_CLE,3,GB,Q1,CLE,00-0038797,E.Wilson,00-0038797,Emanuel Wilson,RB,0,0.0,A,7,23.0,0.0,0.0
2025_03_HOU_JAX,3,JAX,Q1,HOU,00-0036973,T.Etienne,00-0036973,Travis Etienne,RB,3,3.0,H,4,4.0,0.75,0.75
2025_03_HOU_JAX,3,HOU,Q1,JAX,00-0034791,N.Chubb,00-0034791,Nick Chubb,RB,3,15.0,A,5,29.0,0.6,0.5172413793103449
2025_03_HOU_JAX,3,JAX,Q1,HOU,00-0040719,B.Tuten,00-0040719,Bhayshul Tuten,RB,1,1.0,H,4,4.0,0.25,0.25
2025_03_HOU_JAX,3,HOU,Q1,JAX,00-0040583,W.Marks,00-0040583,Woody Marks,RB,1,8.0,A,5,29.0,0.2,0.27586206896551724
2025_03_IND_TEN,3,TEN,Q1,IND,00-0035261,T.Pollard,00-0035261,Tony Pollard,RB,3,1.0,H,3,1.0,1.0,1.0
2025_03_IND_TEN,3,IND,Q1,TEN,00-0036223,J.Taylor,00-0036223,Jonathan Taylor,RB,5,8.0,A,7,31.0,0.7142857142857143,0.25806451612903225
2025_03_IND_TEN,3,TEN,Q1,IND,00-0037594,J.Chestnut,00-0037594,Julius Chestnut,RB,0,0.0,H,3,1.0,0.0,0.0
2025_03_IND_TEN,3,IND,Q1,TEN,00-0037120,T.Goodson,00-0037120,Tyler Goodson,RB,0,0.0,A,7,31.0,0.0,0.0
2025_03_IND_TEN,3,IND,Q1,TEN,00-0040179,D.Giddens,00-0040179,DJ Giddens,RB,0,0.0,A,7,31.0,0.0,0.0
2025_03_KC_NYG,3,NYG,Q1,KC,00-0039384,T.Tracy,00-0039384,Tyrone Tracy Jr.,RB,7,29.0,H,9,39.0,0.7777777777777778,0.7435897435897436
2025_03_KC_NYG,3,NYG,Q1,KC,00-0040715,C.Skattebo,00-0040715,Cam Skattebo,RB,2,10.0,H,9,39.0,0.2222222222222222,0.2564102564102564
2025_03_KC_NYG,3,KC,Q1,NYG,00-0033923,K.Hunt,00-0033923,Kareem Hunt,RB,3,9.0,A,4,13.0,0.75,0.6923076923076923
2025_03_KC_NYG,3,NYG,Q1,KC,00-0035250,D.Singletary,00-0035250,Devin Singletary,RB,0,0.0,H,9,39.0,0.0,0.0
2025_03_KC_NYG,3,KC,Q1,NYG,00-0037197,I.Pacheco,00-0037197,Isiah Pacheco,RB,0,0.0,A,4,13.0,0.0,0.0
2025_03_KC_NYG,3,KC,Q1,NYG,00-0040078,B.Smith,00-0040078,Brashard Smith,RB,0,0.0,A,4,13.0,0.0,0.0
2025_03_LA_PHI,3,LA,Q1,PHI,00-0037840,K.Williams,00-0037840,Kyren Williams,RB,4,27.0,A,6,37.0,0.6666666666666666,0.7297297297297297
2025_03_LA_PHI,3,PHI,Q1,LA,00-0034844,S.Barkley,00-0034844,Saquon Barkley,RB,4,4.0,H,8,26.0,0.5,0.15384615384615385
2025_03_LA_PHI,3,LA,Q1,PHI,00-0039738,B.Corum,00-0039738,Blake Corum,RB,2,10.0,A,6,37.0,0.3333333333333333,0.2702702702702703
2025_03_LV_WAS,3,WAS,Q1,LV,00-0038611,C.Rodriguez,00-0038611,Chris Rodriguez Jr.,RB,5,29.0,H,10,80.0,0.5,0.3625
2025_03_LV_WAS,3,LV,Q1,WAS,00-0040122,A.Jeanty,00-0040122,Ashton Jeanty,RB,4,2.0,A,4,2.0,1.0,1.0
2025_03_LV_WAS,3,WAS,Q1,LV,00-0040242,J.Croskey-Merritt,00-0040242,Jacory Croskey-Merritt,RB,0,0.0,H,10,80.0,0.0,0.0
2025_03_LV_WAS,3,WAS,Q1,LV,00-0033955,J.McNichols,00-0033955,Jeremy McNichols,RB,0,0.0,H,10,80.0,0.0,0.0
2025_03_LV_WAS,3,LV,Q1,WAS,00-0039407,D.Laube,00-0039407,Dylan Laube,RB,0,0.0,A,4,2.0,0.0,0.0
2025_03_LV_WAS,3,LV,Q1,WAS,00-0038040,Z.White,00-0038040,Zamir White,RB,0,0.0,A,4,2.0,0.0,0.0
2025_03_MIA_BUF,3,MIA,Q1,BUF,00-0039040,D.Achane,00-0039040,De'Von Achane,RB,3,17.0,A,8,30.0,0.375,0.5666666666666667
2025_03_MIA_BUF,3,MIA,Q1,BUF,00-0040198,O.Gordon,00-0040198,Ollie Gordon II,RB,4,11.0,A,8,30.0,0.5,0.36666666666666664
2025_03_MIA_BUF,3,BUF,Q1,MIA,00-0037248,J.Cook,00-0037248,James Cook,RB,4,39.0,H,7,56.0,0.5714285714285714,0.6964285714285714
2025_03_MIA_BUF,3,BUF,Q1,MIA,00-0035537,Ty.Johnson,00-0035537,Ty Johnson,RB,2,6.0,H,7,56.0,0.2857142857142857,0.10714285714285714
2025_03_NO_SEA,3,NO,Q1,SEA,00-0033906,A.Kamara,00-0033906,Alvin Kamara,RB,9,23.0,A,9,23.0,1.0,1.0
2025_03_NO_SEA,3,SEA,Q1,NO,00-0038134,K.Walker,00-0038134,Kenneth Walker III,RB,4,5.0,H,4,5.0,1.0,1.0
2025_03_NO_SEA,3,SEA,Q1,NO,00-0039299,G.Holani,00-0039299,George Holani,RB,0,0.0,H,4,5.0,0.0,0.0
2025_03_NO_SEA,3,NO,Q1,SEA,00-0038551,K.Miller,00-0038551,Kendre Miller,RB,0,0.0,A,9,23.0,0.0,0.0
2025_03_NO_SEA,3,SEA,Q1,NO,00-0040067,J.Wright,00-0040067,Jacardia Wright,RB,0,0.0,H,4,5.0,0.0,0.0
2025_03_NYJ_TB,3,NYJ,Q1,TB,00-0038120,B.Hall,00-0038120,Breece Hall,RB,4,19.0,A,7,31.0,0.5714285714285714,0.6129032258064516
2025_03_NYJ_TB,3,NYJ,Q1,TB,00-0039794,B.Allen,00-0039794,Braelon Allen,RB,1,4.0,A,7,31.0,0.14285714285714285,0.12903225806451613
2025_03_NYJ_TB,3,TB,Q1,NYJ,00-0039361,B.Irving,00-0039361,Bucky Irving,RB,5,16.0,H,6,20.0,0.8333333333333334,0.8
2025_03_NYJ_TB,3,TB,Q1,NYJ,00-0037256,R.White,00-0037256,Rachaad White,RB,1,4.0,H,6,20.0,0.16666666666666666,0.2
2025_03_PIT_NE,3,NE,Q1,PIT,00-0036875,R.Stevenson,00-0036875,Rhamondre Stevenson,RB,2,7.0,H,4,13.0,0.5,0.5384615384615384
2025_03_PIT_NE,3,PIT,Q1,NE,00-0037228,J.Warren,00-0037228,Jaylen Warren,RB,7,30.0,A,10,48.0,0.7,0.625
2025_03_PIT_NE,3,PIT,Q1,NE,00-0036919,K.Gainwell,00-0036919,Kenneth Gainwell,RB,3,18.0,A,10,48.0,0.3,0.375
2025_03_PIT_NE,3,NE,Q1,PIT,00-0040734,T.Henderson,00-0040734,TreVeyon Henderson,RB,1,3.0,H,4,13.0,0.25,0.23076923076923078
2025_03_PIT_NE,3,NE,Q1,PIT,00-0036328,A.Gibson,00-0036328,Antonio Gibson,RB,1,3.0,H,4,13.0,0.25,0.23076923076923078
2025_04_BAL_KC,4,BAL,Q1,KC,00-0032764,D.Henry,00-0032764,Derrick Henry,RB,3,20.0,A,6,36.0,0.5,0.5555555555555556
2025_04_BAL_KC,4,BAL,Q1,KC,00-0034975,J.Hill,00-0034975,Justice Hill,RB,1,4.0,A,6,36.0,0.16666666666666666,0.1111111111111111
2025_04_BAL_KC,4,KC,Q1,BAL,00-0037197,I.Pacheco,00-0037197,Isiah Pacheco,RB,2,5.0,H,3,7.0,0.6666666666666666,0.7142857142857143
2025_04_BAL_KC,4,KC,Q1,BAL,00-0033923,K.Hunt,00-0033923,Kareem Hunt,RB,0,0.0,H,3,7.0,0.0,0.0
2025_04_BAL_KC,4,KC,Q1,BAL,00-0040078,B.Smith,00-0040078,Brashard Smith,RB,0,0.0,H,3,7.0,0.0,0.0
2025_04_CAR_NE,4,CAR,Q1,NE,00-0036555,C.Hubbard,00-0036555,Chuba Hubbard,RB,3,16.0,A,8,39.0,0.375,0.41025641025641024
2025_04_CAR_NE,4,NE,Q1,CAR,00-0036875,R.Stevenson,00-0036875,Rhamondre Stevenson,RB,3,25.0,H,5,52.0,0.6,0.4807692307692308
2025_04_CAR_NE,4,NE,Q1,CAR,00-0040734,T.Henderson,00-0040734,TreVeyon Henderson,RB,1,6.0,H,5,52.0,0.2,0.11538461538461539
2025_04_CAR_NE,4,CAR,Q1,NE,00-0036139,R.Dowdle,00-0036139,Rico Dowdle,RB,4,11.0,A,8,39.0,0.5,0.28205128205128205
2025_04_CAR_NE,4,NE,Q1,CAR,00-0036328,A.Gibson,00-0036328,Antonio Gibson,RB,1,21.0,H,5,52.0,0.2,0.40384615384615385
2025_04_CAR_NE,4,CAR,Q1,NE,00-0040644,T.Etienne,00-0040644,Trevor Etienne,RB,0,0.0,A,8,39.0,0.0,0.0
2025_04_CHI_LV,4,CHI,Q1,LV,00-0036275,D.Swift,00-0036275,D'Andre Swift,RB,2,-2.0,A,5,-1.0,0.4,2.0
2025_04_CHI_LV,4,LV,Q1,CHI,00-0040122,A.Jeanty,00-0040122,Ashton Jeanty,RB,6,24.0,H,10,58.0,0.6,0.41379310344827586
2025_04_CHI_LV,4,CHI,Q1,LV,00-0040236,K.Monangai,00-0040236,Kyle Monangai,RB,1,1.0,A,5,-1.0,0.2,-1.0
2025_04_CHI_LV,4,LV,Q1,CHI,00-0031687,R.Mostert,00-0031687,Raheem Mostert,RB,0,0.0,H,10,58.0,0.0,0.0
2025_04_CIN_DEN,4,CIN,Q1,DEN,00-0038597,C.Brown,00-0038597,Chase Brown,RB,6,21.0,A,7,23.0,0.8571428571428571,0.9130434782608695
2025_04_CIN_DEN,4,DEN,Q1,CIN,00-0036158,J.Dobbins,00-0036158,J.K. Dobbins,RB,2,8.0,H,7,29.0,0.2857142857142857,0.27586206896551724
2025_04_CIN_DEN,4,DEN,Q1,CIN,00-0040730,R.Harvey,00-0040730,RJ Harvey,RB,2,8.0,H,7,29.0,0.2857142857142857,0.27586206896551724
2025_04_CIN_DEN,4,DEN,Q1,CIN,00-0036727,A.Prentice,00-0036727,Adam Prentice,RB,1,4.0,H,7,29.0,0.14285714285714285,0.13793103448275862
2025_04_CIN_DEN,4,CIN,Q1,DEN,00-0033526,S.Perine,00-0033526,Samaje Perine,RB,0,0.0,A,7,23.0,0.0,0.0
2025_04_CLE_DET,4,DET,Q1,CLE,00-0039139,J.Gibbs,00-0039139,Jahmyr Gibbs,RB,3,19.0,H,5,20.0,0.6,0.95
2025_04_CLE_DET,4,CLE,Q1,DET,00-0040784,Q.Judkins,00-0040784,Quinshon Judkins,RB,6,17.0,A,9,18.0,0.6666666666666666,0.9444444444444444
2025_04_CLE_DET,4,DET,Q1,CLE,00-0035685,D.Montgomery,00-0035685,David Montgomery,RB,2,1.0,H,5,20.0,0.4,0.05
2025_04_CLE_DET,4,CLE,Q1,DET,00-0040162,D.Sampson,00-0040162,Dylan Sampson,RB,0,0.0,A,9,18.0,0.0,0.0
2025_04_CLE_DET,4,CLE,Q1,DET,00-0037267,J.Ford,00-0037267,Jerome Ford,RB,0,0.0,A,9,18.0,0.0,0.0
2025_04_CLE_DET,4,DET,Q1,CLE,00-0038896,J.Saylors,00-0038896,Jacob Saylors,RB,0,0.0,H,5,20.0,0.0,0.0
2025_04_GB_DAL,4,GB,Q1,DAL,00-0035700,J.Jacobs,00-0035700,Josh Jacobs,RB,5,8.0,A,7,18.0,0.7142857142857143,0.4444444444444444
2025_04_GB_DAL,4,DAL,Q1,GB,00-0036997,J.Williams,00-0036997,Javonte Williams,RB,4,11.0,H,4,11.0,1.0,1.0
2025_04_GB_DAL,4,GB,Q1,DAL,00-0038797,E.Wilson,00-0038797,Emanuel Wilson,RB,1,5.0,A,7,18.0,0.14285714285714285,0.2777777777777778
2025_04_GB_DAL,4,DAL,Q1,GB,00-0035243,M.Sanders,00-0035243,Miles Sanders,RB,0,0.0,H,4,11.0,0.0,0.0
2025_04_GB_DAL,4,DAL,Q1,GB,00-0038738,H.Luepke,00-0038738,Hunter Luepke,RB,0,0.0,H,4,11.0,0.0,0.0
2025_04_IND_LA,4,IND,Q1,LA,00-0036223,J.Taylor,00-0036223,Jonathan Taylor,RB,2,6.0,A,2,6.0,1.0,1.0
2025_04_IND_LA,4,LA,Q1,IND,00-0037840,K.Williams,00-0037840,Kyren Williams,RB,5,40.0,H,8,42.0,0.625,0.9523809523809523
2025_04_IND_LA,4,LA,Q1,IND,00-0039738,B.Corum,00-0039738,Blake Corum,RB,2,2.0,H,8,42.0,0.25,0.047619047619047616
2025_04_JAX_SF,4,SF,Q1,JAX,00-0033280,C.McCaffrey,00-0033280,Christian McCaffrey,RB,6,20.0,H,8,29.0,0.75,0.6896551724137931
2025_04_JAX_SF,4,SF,Q1,JAX,00-0037746,B.Robinson,00-0037746,Brian Robinson,RB,1,7.0,H,8,29.0,0.125,0.2413793103448276
2025_04_JAX_SF,4,JAX,Q1,SF,00-0036973,T.Etienne,00-0036973,Travis Etienne,RB,4,21.0,A,8,28.0,0.5,0.75
2025_04_JAX_SF,4,JAX,Q1,SF,00-0040719,B.Tuten,00-0040719,Bhayshul Tuten,RB,1,3.0,A,8,28.0,0.125,0.10714285714285714
2025_04_LAC_NYG,4,LAC,Q1,NYG,00-0040666,O.Hampton,00-0040666,Omarion Hampton,RB,2,3.0,A,3,27.0,0.6666666666666666,0.1111111111111111
2025_04_LAC_NYG,4,NYG,Q1,LAC,00-0040715,C.Skattebo,00-0040715,Cam Skattebo,RB,4,27.0,H,10,60.0,0.4,0.45
2025_04_LAC_NYG,4,NYG,Q1,LAC,00-0035250,D.Singletary,00-0035250,Devin Singletary,RB,2,4.0,H,10,60.0,0.2,0.06666666666666667
2025_04_MIN_PIT,4,MIN,Q1,PIT,00-0037525,J.Mason,00-0037525,Jordan Mason,RB,5,21.0,A,5,21.0,1.0,1.0
2025_04_MIN_PIT,4,PIT,Q1,MIN,00-0036919,K.Gainwell,00-0036919,Kenneth Gainwell,RB,2,10.0,H,3,12.0,0.6666666666666666,0.8333333333333334
2025_04_MIN_PIT,4,PIT,Q1,MIN,00-0040142,K.Johnson,00-0040142,Kaleb Johnson,RB,1,2.0,H,3,12.0,0.3333333333333333,0.16666666666666666
2025_04_MIN_PIT,4,MIN,Q1,PIT,00-0038440,Z.Scott,00-0038440,Zavier Scott,RB,0,0.0,A,5,21.0,0.0,0.0
2025_04_NO_BUF,4,BUF,Q1,NO,00-0037248,J.Cook,00-0037248,James Cook,RB,8,41.0,H,9,42.0,0.8888888888888888,0.9761904761904762
2025_04_NO_BUF,4,NO,Q1,BUF,00-0033906,A.Kamara,00-0033906,Alvin Kamara,RB,5,27.0,A,9,71.0,0.5555555555555556,0.38028169014084506
2025_04_NO_BUF,4,NO,Q1,BUF,00-0038551,K.Miller,00-0038551,Kendre Miller,RB,2,20.0,A,9,71.0,0.2222222222222222,0.28169014084507044
2025_04_NO_BUF,4,BUF,Q1,NO,00-0039875,R.Davis,00-0039875,Ray Davis,RB,0,0.0,H,9,42.0,0.0,0.0
2025_04_NO_BUF,4,BUF,Q1,NO,00-0035537,Ty.Johnson,00-0035537,Ty Johnson,RB,0,0.0,H,9,42.0,0.0,0.0
2025_04_NYJ_MIA,4,MIA,Q1,NYJ,00-0039040,D.Achane,00-0039040,De'Von Achane,RB,6,26.0,H,7,27.0,0.8571428571428571,0.9629629629629629
2025_04_NYJ_MIA,4,NYJ,Q1,MIA,00-0038120,B.Hall,00-0038120,Breece Hall,RB,3,15.0,A,11,76.0,0.2727272727272727,0.19736842105263158
2025_04_NYJ_MIA,4,NYJ,Q1,MIA,00-0039794,B.Allen,00-0039794,Braelon Allen,RB,4,26.0,A,11,76.0,0.36363636363636365,0.34210526315789475
2025_04_NYJ_MIA,4,NYJ,Q1,MIA,00-0039798,I.Davis,00-0039798,Isaiah Davis,RB,1,6.0,A,11,76.0,0.09090909090909091,0.07894736842105263
2025_04_NYJ_MIA,4,MIA,Q1,NYJ,00-0040198,O.Gordon,00-0040198,Ollie Gordon II,RB,1,1.0,H,7,27.0,0.14285714285714285,0.037037037037037035
2025_04_PHI_TB,4,TB,Q1,PHI,00-0039361,B.Irving,00-0039361,Bucky Irving,RB,7,29.0,H,8,34.0,0.875,0.8529411764705882
2025_04_PHI_TB,4,PHI,Q1,TB,00-0036265,A.Dillon,00-0036265,AJ Dillon,RB,1,11.0,A,2,40.0,0.5,0.275
2025_04_PHI_TB,4,TB,Q1,PHI,00-0037256,R.White,00-0037256,Rachaad White,RB,1,5.0,H,8,34.0,0.125,0.14705882352941177
2025_04_PHI_TB,4,PHI,Q1,TB,00-0034844,S.Barkley,00-0034844,Saquon Barkley,RB,0,0.0,A,2,40.0,0.0,0.0
2025_04_SEA_ARI,4,ARI,Q1,SEA,00-0039921,T.Benson,00-0039921,Trey Benson,RB,3,15.0,H,5,22.0,0.6,0.6818181818181818
2025_04_SEA_ARI,4,SEA,Q1,ARI,00-0038134,K.Walker,00-0038134,Kenneth Walker III,RB,5,35.0,A,7,37.0,0.7142857142857143,0.9459459459459459
2025_04_SEA_ARI,4,SEA,Q1,ARI,00-0039165,Z.Charbonnet,00-0039165,Zach Charbonnet,RB,1,0.0,A,7,37.0,0.14285714285714285,0.0
2025_04_SEA_ARI,4,ARI,Q1,SEA,00-0036924,M.Carter,00-0036924,Michael Carter,RB,0,0.0,H,5,22.0,0.0,0.0
2025_04_SEA_ARI,4,ARI,Q1,SEA,00-0038705,E.Demercado,00-0038705,Emari Demercado,RB,0,0.0,H,5,22.0,0.0,0.0
2025_04_TEN_HOU,4,TEN,Q1,HOU,00-0035261,T.Pollard,00-0035261,Tony Pollard,RB,3,12.0,A,3,12.0,1.0,1.0
2025_04_TEN_HOU,4,HOU,Q1,TEN,00-0034791,N.Chubb,00-0034791,Nick Chubb,RB,3,9.0,H,10,44.0,0.3,0.20454545454545456
2025_04_TEN_HOU,4,HOU,Q1,TEN,00-0040583,W.Marks,00-0040583,Woody Marks,RB,5,29.0,H,10,44.0,0.5,0.6590909090909091
2025_04_TEN_HOU,4,TEN,Q1,HOU,00-0037594,J.Chestnut,00-0037594,Julius Chestnut,RB,0,0.0,A,3,12.0,0.0,0.0
2025_04_WAS_ATL,4,ATL,Q1,WAS,00-0038542,B.Robinson,00-0038542,Bijan Robinson,RB,9,39.0,H,13,50.0,0.6923076923076923,0.78
2025_04_WAS_ATL,4,ATL,Q1,WAS,00-0037263,T.Allgeier,00-0037263,Tyler Allgeier,RB,4,11.0,H,13,50.0,0.3076923076923077,0.22
2025_04_WAS_ATL,4,WAS,Q1,ATL,00-0038611,C.Rodriguez,00-0038611,Chris Rodriguez Jr.,RB,2,51.0,A,3,48.0,0.6666666666666666,1.0625
2025_04_WAS_ATL,4,WAS,Q1,ATL,00-0033955,J.McNichols,00-0033955,Jeremy McNichols,RB,0,0.0,A,3,48.0,0.0,0.0
2025_04_WAS_ATL,4,WAS,Q1,ATL,00-0040242,J.Croskey-Merritt,00-0040242,Jacory Croskey-Merritt,RB,0,0.0,A,3,48.0,0.0,0.0
2025_05_DAL_NYJ,5,NYJ,Q1,DAL,00-0038120,B.Hall,00-0038120,Breece Hall,RB,6,42.0,H,9,53.0,0.6666666666666666,0.7924528301886793
2025_05_DAL_NYJ,5,NYJ,Q1,DAL,00-0039798,I.Davis,00-0039798,Isaiah Davis,RB,1,5.0,H,9,53.0,0.1111111111111111,0.09433962264150944
2025_05_DAL_NYJ,5,DAL,Q1,NYJ,00-0036997,J.Williams,00-0036997,Javonte Williams,RB,4,20.0,A,5,20.0,0.8,1.0
2025_05_DAL_NYJ,5,DAL,Q1,NYJ,00-0040586,J.Blue,00-0040586,Jaydon Blue,RB,0,0.0,A,5,20.0,0.0,0.0
2025_05_DEN_PHI,5,DEN,Q1,PHI,00-0036158,J.Dobbins,00-0036158,J.K. Dobbins,RB,4,10.0,A,7,18.0,0.5714285714285714,0.5555555555555556
2025_05_DEN_PHI,5,DEN,Q1,PHI,00-0040730,R.Harvey,00-0040730,RJ Harvey,RB,2,-1.0,A,7,18.0,0.2857142857142857,-0.05555555555555555
2025_05_DEN_PHI,5,PHI,Q1,DEN,00-0034844,S.Barkley,00-0034844,Saquon Barkley,RB,2,20.0,H,4,32.0,0.5,0.625
2025_05_DEN_PHI,5,PHI,Q1,DEN,00-0036265,A.Dillon,00-0036265,AJ Dillon,RB,2,12.0,H,4,32.0,0.5,0.375
2025_05_DEN_PHI,5,PHI,Q1,DEN,00-0039746,W.Shipley,00-0039746,Will Shipley,RB,0,0.0,H,4,32.0,0.0,0.0
2025_05_DEN_PHI,5,DEN,Q1,PHI,00-0036727,A.Prentice,00-0036727,Adam Prentice,RB,0,0.0,A,7,18.0,0.0,0.0
2025_05_DET_CIN,5,DET,Q1,CIN,00-0039139,J.Gibbs,00-0039139,Jahmyr Gibbs,RB,6,28.0,A,9,28.0,0.6666666666666666,1.0
2025_05_DET_CIN,5,CIN,Q1,DET,00-0038597,C.Brown,00-0038597,Chase Brown,RB,2,8.0,H,2,8.0,1.0,1.0
2025_05_DET_CIN,5,DET,Q1,CIN,00-0035685,D.Montgomery,00-0035685,David Montgomery,RB,2,-1.0,A,9,28.0,0.2222222222222222,-0.03571428571428571
2025_05_DET_CIN,5,CIN,Q1,DET,00-0033526,S.Perine,00-0033526,Samaje Perine,RB,0,0.0,H,2,8.0,0.0,0.0
2025_05_HOU_BAL,5,HOU,Q1,BAL,00-0034791,N.Chubb,00-0034791,Nick Chubb,RB,4,20.0,A,7,29.0,0.5714285714285714,0.6896551724137931
2025_05_HOU_BAL,5,HOU,Q1,BAL,00-0039603,B.Brooks,00-0039603,British Brooks,RB,1,9.0,A,7,29.0,0.14285714285714285,0.3103448275862069
2025_05_HOU_BAL,5,HOU,Q1,BAL,00-0040583,W.Marks,00-0040583,Woody Marks,RB,2,0.0,A,7,29.0,0.2857142857142857,0.0
2025_05_HOU_BAL,5,BAL,Q1,HOU,00-0032764,D.Henry,00-0032764,Derrick Henry,RB,5,6.0,H,6,12.0,0.8333333333333334,0.5
2025_05_HOU_BAL,5,BAL,Q1,HOU,00-0038454,K.Mitchell,00-0038454,Keaton Mitchell,RB,1,6.0,H,6,12.0,0.16666666666666666,0.5
2025_05_HOU_BAL,5,HOU,Q1,BAL,00-0037258,D.Pierce,00-0037258,Dameon Pierce,RB,0,0.0,A,7,29.0,0.0,0.0
2025_05_HOU_BAL,5,BAL,Q1,HOU,00-0034975,J.Hill,00-0034975,Justice Hill,RB,0,0.0,H,6,12.0,0.0,0.0
2025_05_KC_JAX,5,JAX,Q1,KC,00-0036973,T.Etienne,00-0036973,Travis Etienne,RB,5,15.0,H,7,18.0,0.7142857142857143,0.8333333333333334
2025_05_KC_JAX,5,KC,Q1,JAX,00-0037197,I.Pacheco,00-0037197,Isiah Pacheco,RB,1,16.0,A,4,30.0,0.25,0.5333333333333333
2025_05_KC_JAX,5,KC,Q1,JAX,00-0033923,K.Hunt,00-0033923,Kareem Hunt,RB,1,1.0,A,4,30.0,0.25,0.03333333333333333
2025_05_KC_JAX,5,KC,Q1,JAX,00-0040078,B.Smith,00-0040078,Brashard Smith,RB,1,4.0,A,4,30.0,0.25,0.13333333333333333
2025_05_KC_JAX,5,JAX,Q1,KC,00-0040719,B.Tuten,00-0040719,Bhayshul Tuten,RB,0,0.0,H,7,18.0,0.0,0.0
2025_05_LV_IND,5,IND,Q1,LV,00-0036223,J.Taylor,00-0036223,Jonathan Taylor,RB,2,2.0,H,3,4.0,0.6666666666666666,0.5
2025_05_LV_IND,5,LV,Q1,IND,00-0040122,A.Jeanty,00-0040122,Ashton Jeanty,RB,5,22.0,A,7,34.0,0.7142857142857143,0.6470588235294118
2025_05_LV_IND,5,IND,Q1,LV,00-0032104,A.Abdullah,00-0032104,Ameer Abdullah,RB,0,0.0,H,3,4.0,0.0,0.0
2025_05_LV_IND,5,LV,Q1,IND,00-0031687,R.Mostert,00-0031687,Raheem Mostert,RB,0,0.0,A,7,34.0,0.0,0.0
2025_05_LV_IND,5,IND,Q1,LV,00-0040179,D.Giddens,00-0040179,DJ Giddens,RB,0,0.0,H,3,4.0,0.0,0.0
2025_05_MIA_CAR,5,MIA,Q1,CAR,00-0039040,D.Achane,00-0039040,De'Von Achane,RB,6,12.0,A,7,15.0,0.8571428571428571,0.8
2025_05_MIA_CAR,5,CAR,Q1,MIA,00-0036139,R.Dowdle,00-0036139,Rico Dowdle,RB,2,5.0,H,2,5.0,1.0,1.0
2025_05_MIA_CAR,5,MIA,Q1,CAR,00-0040198,O.Gordon,00-0040198,Ollie Gordon II,RB,1,3.0,A,7,15.0,0.14285714285714285,0.2
2025_05_MIA_CAR,5,CAR,Q1,MIA,00-0040644,T.Etienne,00-0040644,Trevor Etienne,RB,0,0.0,H,2,5.0,0.0,0.0
2025_05_MIN_CLE,5,CLE,Q1,MIN,00-0040784,Q.Judkins,00-0040784,Quinshon Judkins,RB,7,48.0,H,8,51.0,0.875,0.9411764705882353
2025_05_MIN_CLE,5,MIN,Q1,CLE,00-0037525,J.Mason,00-0037525,Jordan Mason,RB,3,16.0,A,5,24.0,0.6,0.6666666666666666
2025_05_MIN_CLE,5,CLE,Q1,MIN,00-0037267,J.Ford,00-0037267,Jerome Ford,RB,1,3.0,H,8,51.0,0.125,0.058823529411764705
2025_05_MIN_CLE,5,MIN,Q1,CLE,00-0038440,Z.Scott,00-0038440,Zavier Scott,RB,2,8.0,A,5,24.0,0.4,0.3333333333333333
2025_05_MIN_CLE,5,CLE,Q1,MIN,00-0040162,D.Sampson,00-0040162,Dylan Sampson,RB,0,0.0,H,8,51.0,0.0,0.0
2025_05_NE_BUF,5,NE,Q1,BUF,00-0036875,R.Stevenson,00-0036875,Rhamondre Stevenson,RB,1,-2.0,A,7,19.0,0.14285714285714285,-0.10526315789473684
2025_05_NE_BUF,5,BUF,Q1,NE,00-0037248,J.Cook,00-0037248,James Cook,RB,3,12.0,H,5,15.0,0.6,0.8
2025_05_NE_BUF,5,NE,Q1,BUF,00-0036328,A.Gibson,00-0036328,Antonio Gibson,RB,6,21.0,A,7,19.0,0.8571428571428571,1.105263157894737
2025_05_NE_BUF,5,BUF,Q1,NE,00-0035537,Ty.Johnson,00-0035537,Ty Johnson,RB,0,0.0,H,5,15.0,0.0,0.0
2025_05_NE_BUF,5,NE,Q1,BUF,00-0040734,T.Henderson,00-0040734,TreVeyon Henderson,RB,0,0.0,A,7,19.0,0.0,0.0
2025_05_NE_BUF,5,BUF,Q1,NE,00-0039875,R.Davis,00-0039875,Ray Davis,RB,0,0.0,H,5,15.0,0.0,0.0
2025_05_NYG_NO,5,NO,Q1,NYG,00-0033906,A.Kamara,00-0033906,Alvin Kamara,RB,4,15.0,H,8,17.0,0.5,0.8823529411764706
2025_05_NYG_NO,5,NYG,Q1,NO,00-0040715,C.Skattebo,00-0040715,Cam Skattebo,RB,3,15.0,A,5,41.0,0.6,0.36585365853658536
2025_05_NYG_NO,5,NO,Q1,NYG,00-0038551,K.Miller,00-0038551,Kendre Miller,RB,1,2.0,H,8,17.0,0.125,0.11764705882352941
2025_05_NYG_NO,5,NYG,Q1,NO,00-0035250,D.Singletary,00-0035250,Devin Singletary,RB,0,0.0,A,5,41.0,0.0,0.0
2025_05_SF_LA,5,SF,Q1,LA,00-0033280,C.McCaffrey,00-0033280,Christian McCaffrey,RB,7,19.0,A,11,27.0,0.6363636363636364,0.7037037037037037
2025_05_SF_LA,5,LA,Q1,SF,00-0037840,K.Williams,00-0037840,Kyren Williams,RB,3,13.0,H,3,13.0,1.0,1.0
2025_05_SF_LA,5,SF,Q1,LA,00-0037746,B.Robinson,00-0037746,Brian Robinson,RB,3,6.0,A,11,27.0,0.2727272727272727,0.2222222222222222
2025_05_SF_LA,5,LA,Q1,SF,00-0039738,B.Corum,00-0039738,Blake Corum,RB,0,0.0,H,3,13.0,0.0,0.0
2025_05_SF_LA,5,SF,Q1,LA,00-0029892,K.Juszczyk,00-0029892,Kyle Juszczyk,RB,0,0.0,A,11,27.0,0.0,0.0
2025_05_TB_SEA,5,TB,Q1,SEA,00-0037256,R.White,00-0037256,Rachaad White,RB,5,14.0,A,9,31.0,0.5555555555555556,0.45161290322580644
2025_05_TB_SEA,5,SEA,Q1,TB,00-0038134,K.Walker,00-0038134,Kenneth Walker III,RB,3,18.0,H,3,18.0,1.0,1.0
2025_05_TB_SEA,5,SEA,Q1,TB,00-0039165,Z.Charbonnet,00-0039165,Zach Charbonnet,RB,0,0.0,H,3,18.0,0.0,0.0
2025_05_TB_SEA,5,TB,Q1,SEA,00-0038951,S.Tucker,00-0038951,Sean Tucker,RB,0,0.0,A,9,31.0,0.0,0.0
2025_05_TEN_ARI,5,ARI,Q1,TEN,00-0036924,M.Carter,00-0036924,Michael Carter,RB,6,20.0,H,8,35.0,0.75,0.5714285714285714
2025_05_TEN_ARI,5,TEN,Q1,ARI,00-0035261,T.Pollard,00-0035261,Tony Pollard,RB,4,26.0,A,8,38.0,0.5,0.6842105263157895
2025_05_TEN_ARI,5,TEN,Q1,ARI,00-0037594,J.Chestnut,00-0037594,Julius Chestnut,RB,1,3.0,A,8,38.0,0.125,0.07894736842105263
2025_05_TEN_ARI,5,TEN,Q1,ARI,00-0039032,T.Spears,00-0039032,Tyjae Spears,RB,2,7.0,A,8,38.0,0.25,0.18421052631578946
2025_05_TEN_ARI,5,ARI,Q1,TEN,00-0037157,Z.Knight,00-0037157,Bam Knight,RB,0,0.0,H,8,35.0,0.0,0.0
2025_05_TEN_ARI,5,ARI,Q1,TEN,00-0038705,E.Demercado,00-0038705,Emari Demercado,RB,0,0.0,H,8,35.0,0.0,0.0
2025_05_WAS_LAC,5,LAC,Q1,WAS,00-0040666,O.Hampton,00-0040666,Omarion Hampton,RB,5,14.0,H,8,69.0,0.625,0.2028985507246377
2025_05_WAS_LAC,5,LAC,Q1,WAS,00-0037617,H.Haskins,00-0037617,Hassan Haskins,RB,1,5.0,H,8,69.0,0.125,0.07246376811594203
2025_05_WAS_LAC,5,WAS,Q1,LAC,00-0040242,J.Croskey-Merritt,00-0040242,Jacory Croskey-Merritt,RB,3,21.0,A,5,23.0,0.6,0.9130434782608695
2025_05_WAS_LAC,5,LAC,Q1,WAS,00-0039391,K.Vidal,00-0039391,Kimani Vidal,RB,0,0.0,H,8,69.0,0.0,0.0
2025_05_WAS_LAC,5,WAS,Q1,LAC,00-0033955,J.McNichols,00-0033955,Jeremy McNichols,RB,0,0.0,A,5,23.0,0.0,0.0
2025_05_WAS_LAC,5,WAS,Q1,LAC,00-0038611,C.Rodriguez,00-0038611,Chris Rodriguez Jr.,RB,0,0.0,A,5,23.0,0.0,0.0
2025_06_ARI_IND,6,IND,Q1,ARI,00-0036223,J.Taylor,00-0036223,Jonathan Taylor,RB,3,9.0,H,3,9.0,1.0,1.0
2025_06_ARI_IND,6,ARI,Q1,IND,00-0036924,M.Carter,00-0036924,Michael Carter,RB,4,13.0,A,7,19.0,0.5714285714285714,0.6842105263157895
2025_06_ARI_IND,6,ARI,Q1,IND,00-0038705,E.Demercado,00-0038705,Emari Demercado,RB,1,1.0,A,7,19.0,0.14285714285714285,0.05263157894736842
2025_06_ARI_IND,6,ARI,Q1,IND,00-0037157,Z.Knight,00-0037157,Bam Knight,RB,1,1.0,A,7,19.0,0.14285714285714285,0.05263157894736842
2025_06_ARI_IND,6,IND,Q1,ARI,00-0032104,A.Abdullah,00-0032104,Ameer Abdullah,RB,0,0.0,H,3,9.0,0.0,0.0
2025_06_BUF_ATL,6,ATL,Q1,BUF,00-0038542,B.Robinson,00-0038542,Bijan Robinson,RB,6,40.0,H,8,60.0,0.75,0.6666666666666666
2025_06_BUF_ATL,6,ATL,Q1,BUF,00-0037263,T.Allgeier,00-0037263,Tyler Allgeier,RB,2,20.0,H,8,60.0,0.25,0.3333333333333333
2025_06_BUF_ATL,6,BUF,Q1,ATL,00-0037248,J.Cook,00-0037248,James Cook,RB,3,6.0,A,6,19.0,0.5,0.3157894736842105
2025_06_BUF_ATL,6,BUF,Q1,ATL,00-0035537,Ty.Johnson,00-0035537,Ty Johnson,RB,0,0.0,A,6,19.0,0.0,0.0
2025_06_CHI_WAS,6,CHI,Q1,WAS,00-0036275,D.Swift,00-0036275,D'Andre Swift,RB,5,26.0,A,7,36.0,0.7142857142857143,0.7222222222222222
2025_06_CHI_WAS,6,CHI,Q1,WAS,00-0040236,K.Monangai,00-0040236,Kyle Monangai,RB,2,10.0,A,7,36.0,0.2857142857142857,0.2777777777777778
2025_06_CHI_WAS,6,WAS,Q1,CHI,00-0040242,J.Croskey-Merritt,00-0040242,Jacory Croskey-Merritt,RB,4,11.0,H,5,13.0,0.8,0.8461538461538461
2025_06_CHI_WAS,6,WAS,Q1,CHI,00-0033955,J.McNichols,00-0033955,Jeremy McNichols,RB,0,0.0,H,5,13.0,0.0,0.0
2025_06_CHI_WAS,6,CHI,Q1,WAS,00-0039021,R.Johnson,00-0039021,Roschon Johnson,RB,0,0.0,A,7,36.0,0.0,0.0
2025_06_CIN_GB,6,GB,Q1,CIN,00-0035700,J.Jacobs,00-0035700,Josh Jacobs,RB,5,14.0,H,13,53.0,0.38461538461538464,0.2641509433962264
2025_06_CIN_GB,6,GB,Q1,CIN,00-0038797,E.Wilson,00-0038797,Emanuel Wilson,RB,1,3.0,H,13,53.0,0.07692307692307693,0.05660377358490566
2025_06_CIN_GB,6,CIN,Q1,GB,00-0033526,S.Perine,00-0033526,Samaje Perine,RB,1,0.0,A,2,-3.0,0.5,-0.0
2025_06_CIN_GB,6,GB,Q1,CIN,00-0038685,C.Brooks,00-0038685,Chris Brooks,RB,1,1.0,H,13,53.0,0.07692307692307693,0.018867924528301886
2025_06_CIN_GB,6,CIN,Q1,GB,00-0038597,C.Brown,00-0038597,Chase Brown,RB,0,0.0,A,2,-3.0,0.0,-0.0
2025_06_CLE_PIT,6,PIT,Q1,CLE,00-0037228,J.Warren,00-0037228,Jaylen Warren,RB,3,5.0,H,6,14.0,0.5,0.35714285714285715
2025_06_CLE_PIT,6,PIT,Q1,CLE,00-0036919,K.Gainwell,00-0036919,Kenneth Gainwell,RB,2,0.0,H,6,14.0,0.3333333333333333,0.0
2025_06_CLE_PIT,6,CLE,Q1,PIT,00-0040784,Q.Judkins,00-0040784,Quinshon Judkins,RB,4,6.0,A,5,8.0,0.8,0.75
2025_06_CLE_PIT,6,CLE,Q1,PIT,00-0040162,D.Sampson,00-0040162,Dylan Sampson,RB,1,2.0,A,5,8.0,0.2,0.25
2025_06_CLE_PIT,6,PIT,Q1,CLE,00-0040142,K.Johnson,00-0040142,Kaleb Johnson,RB,1,9.0,H,6,14.0,0.16666666666666666,0.6428571428571429
2025_06_CLE_PIT,6,CLE,Q1,PIT,00-0037267,J.Ford,00-0037267,Jerome Ford,RB,0,0.0,A,5,8.0,0.0,0.0
2025_06_DAL_CAR,6,DAL,Q1,CAR,00-0036997,J.Williams,00-0036997,Javonte Williams,RB,6,22.0,A,6,22.0,1.0,1.0
2025_06_DAL_CAR,6,CAR,Q1,DAL,00-0036139,R.Dowdle,00-0036139,Rico Dowdle,RB,5,34.0,H,7,42.0,0.7142857142857143,0.8095238095238095
2025_06_DAL_CAR,6,CAR,Q1,DAL,00-0036425,D.Dallas,00-0036425,DeeJay Dallas,RB,1,0.0,H,7,42.0,0.14285714285714285,0.0
2025_06_DAL_CAR,6,DAL,Q1,CAR,00-0040586,J.Blue,00-0040586,Jaydon Blue,RB,0,0.0,A,6,22.0,0.0,0.0
2025_06_DAL_CAR,6,CAR,Q1,DAL,00-0040644,T.Etienne,00-0040644,Trevor Etienne,RB,0,0.0,H,7,42.0,0.0,0.0
2025_06_DEN_NYJ,6,DEN,Q1,NYJ,00-0036158,J.Dobbins,00-0036158,J.K. Dobbins,RB,3,3.0,A,5,16.0,0.6,0.1875
2025_06_DEN_NYJ,6,NYJ,Q1,DEN,00-0038120,B.Hall,00-0038120,Breece Hall,RB,3,4.0,H,4,10.0,0.75,0.4
2025_06_DEN_NYJ,6,NYJ,Q1,DEN,00-0039798,I.Davis,00-0039798,Isaiah Davis,RB,0,0.0,H,4,10.0,0.0,0.0
2025_06_DEN_NYJ,6,DEN,Q1,NYJ,00-0040730,R.Harvey,00-0040730,RJ Harvey,RB,0,0.0,A,5,16.0,0.0,0.0
2025_06_DEN_NYJ,6,DEN,Q1,NYJ,00-0036727,A.Prentice,00-0036727,Adam Prentice,RB,0,0.0,A,5,16.0,0.0,0.0
2025_06_DEN_NYJ,6,DEN,Q1,NYJ,00-0038794,J.McLaughlin,00-0038794,Jaleel McLaughlin,RB,0,0.0,A,5,16.0,0.0,0.0
2025_06_DET_KC,6,DET,Q1,KC,00-0039139,J.Gibbs,00-0039139,Jahmyr Gibbs,RB,9,32.0,A,11,37.0,0.8181818181818182,0.8648648648648649
2025_06_DET_KC,6,KC,Q1,DET,00-0037197,I.Pacheco,00-0037197,Isiah Pacheco,RB,3,14.0,H,4,19.0,0.75,0.7368421052631579
2025_06_DET_KC,6,DET,Q1,KC,00-0035685,D.Montgomery,00-0035685,David Montgomery,RB,1,3.0,A,11,37.0,0.09090909090909091,0.08108108108108109
2025_06_DET_KC,6,KC,Q1,DET,00-0033923,K.Hunt,00-0033923,Kareem Hunt,RB,0,0.0,H,4,19.0,0.0,0.0
2025_06_LAC_MIA,6,MIA,Q1,LAC,00-0039040,D.Achane,00-0039040,De'Von Achane,RB,3,67.0,H,3,67.0,1.0,1.0
2025_06_LAC_MIA,6,LAC,Q1,MIA,00-0039391,K.Vidal,00-0039391,Kimani Vidal,RB,7,53.0,A,10,57.0,0.7,0.9298245614035088
2025_06_LAC_MIA,6,LAC,Q1,MIA,00-0037617,H.Haskins,00-0037617,Hassan Haskins,RB,2,2.0,A,10,57.0,0.2,0.03508771929824561
2025_06_LAC_MIA,6,MIA,Q1,LAC,00-0040198,O.Gordon,00-0040198,Ollie Gordon II,RB,0,0.0,H,3,67.0,0.0,0.0
2025_06_LAC_MIA,6,MIA,Q1,LAC,00-0035125,A.Ingold,00-0035125,Alec Ingold,RB,0,0.0,H,3,67.0,0.0,0.0
2025_06_LA_BAL,6,BAL,Q1,LA,00-0032764,D.Henry,00-0032764,Derrick Henry,RB,9,55.0,H,12,72.0,0.75,0.7638888888888888
2025_06_LA_BAL,6,BAL,Q1,LA,00-0034975,J.Hill,00-0034975,Justice Hill,RB,3,17.0,H,12,72.0,0.25,0.2361111111111111
2025_06_LA_BAL,6,LA,Q1,BAL,00-0037840,K.Williams,00-0037840,Kyren Williams,RB,4,15.0,A,4,15.0,1.0,1.0
2025_06_LA_BAL,6,LA,Q1,BAL,00-0039738,B.Corum,00-0039738,Blake Corum,RB,0,0.0,A,4,15.0,0.0,0.0
2025_06_NE_NO,6,NO,Q1,NE,00-0033906,A.Kamara,00-0033906,Alvin Kamara,RB,3,17.0,H,6,32.0,0.5,0.53125
2025_06_NE_NO,6,NE,Q1,NO,00-0036875,R.Stevenson,00-0036875,Rhamondre Stevenson,RB,2,1.0,A,5,15.0,0.4,0.06666666666666667
2025_06_NE_NO,6,NO,Q1,NE,00-0038551,K.Miller,00-0038551,Kendre Miller,RB,2,6.0,H,6,32.0,0.3333333333333333,0.1875
2025_06_NE_NO,6,NE,Q1,NO,00-0040734,T.Henderson,00-0040734,TreVeyon Henderson,RB,2,11.0,A,5,15.0,0.4,0.7333333333333333
2025_06_PHI_NYG,6,PHI,Q1,NYG,00-0034844,S.Barkley,00-0034844,Saquon Barkley,RB,5,35.0,A,7,35.0,0.7142857142857143,1.0
2025_06_PHI_NYG,6,PHI,Q1,NYG,00-0036265,A.Dillon,00-0036265,AJ Dillon,RB,1,2.0,A,7,35.0,0.14285714285714285,0.05714285714285714
2025_06_PHI_NYG,6,NYG,Q1,PHI,00-0040715,C.Skattebo,00-0040715,Cam Skattebo,RB,3,9.0,H,5,30.0,0.6,0.3
2025_06_PHI_NYG,6,NYG,Q1,PHI,00-0035250,D.Singletary,00-0035250,Devin Singletary,RB,1,1.0,H,5,30.0,0.2,0.03333333333333333
2025_06_PHI_NYG,6,NYG,Q1,PHI,00-0039384,T.Tracy,00-0039384,Tyrone Tracy Jr.,RB,0,0.0,H,5,30.0,0.0,0.0
2025_06_SEA_JAX,6,JAX,Q1,SEA,00-0040238,L.Allen,00-0040238,LeQuint Allen Jr.,RB,1,2.0,H,6,7.0,0.16666666666666666,0.2857142857142857
2025_06_SEA_JAX,6,SEA,Q1,JAX,00-0038134,K.Walker,00-0038134,Kenneth Walker III,RB,2,11.0,A,3,12.0,0.6666666666666666,0.9166666666666666
2025_06_SEA_JAX,6,JAX,Q1,SEA,00-0036973,T.Etienne,00-0036973,Travis Etienne,RB,4,-3.0,H,6,7.0,0.6666666666666666,-0.42857142857142855
2025_06_SEA_JAX,6,JAX,Q1,SEA,00-0040719,B.Tuten,00-0040719,Bhayshul Tuten,RB,1,8.0,H,6,7.0,0.16666666666666666,1.1428571428571428
2025_06_SEA_JAX,6,SEA,Q1,JAX,00-0039165,Z.Charbonnet,00-0039165,Zach Charbonnet,RB,1,1.0,A,3,12.0,0.3333333333333333,0.08333333333333333
2025_06_SF_TB,6,TB,Q1,SF,00-0037256,R.White,00-0037256,Rachaad White,RB,6,31.0,H,6,31.0,1.0,1.0
2025_06_SF_TB,6,SF,Q1,TB,00-0033280,C.McCaffrey,00-0033280,Christian McCaffrey,RB,3,8.0,A,4,11.0,0.75,0.7272727272727273
2025_06_SF_TB,6,TB,Q1,SF,00-0038951,S.Tucker,00-0038951,Sean Tucker,RB,0,0.0,H,6,31.0,0.0,0.0
2025_06_TEN_LV,6,TEN,Q1,LV,00-0035261,T.Pollard,00-0035261,Tony Pollard,RB,4,8.0,A,4,8.0,1.0,1.0
2025_06_TEN_LV,6,LV,Q1,TEN,00-0040122,A.Jeanty,00-0040122,Ashton Jeanty,RB,6,31.0,H,7,28.0,0.8571428571428571,1.1071428571428572
2025_06_TEN_LV,6,LV,Q1,TEN,00-0031687,R.Mostert,00-0031687,Raheem Mostert,RB,1,-3.0,H,7,28.0,0.14285714285714285,-0.10714285714285714
2025_06_TEN_LV,6,TEN,Q1,LV,00-0039032,T.Spears,00-0039032,Tyjae Spears,RB,0,0.0,A,4,8.0,0.0,0.0
2025_07_ATL_SF,7,ATL,Q1,SF,00-0038542,B.Robinson,00-0038542,Bijan Robinson,RB,4,16.0,A,6,22.0,0.6666666666666666,0.7272727272727273
2025_07_ATL_SF,7,SF,Q1,ATL,00-0033280,C.McCaffrey,00-0033280,Christian McCaffrey,RB,2,8.0,H,4,27.0,0.5,0.2962962962962963
2025_07_ATL_SF,7,SF,Q1,ATL,00-0037746,B.Robinson,00-0037746,Brian Robinson,RB,2,19.0,H,4,27.0,0.5,0.7037037037037037
2025_07_ATL_SF,7,ATL,Q1,SF,00-0037263,T.Allgeier,00-0037263,Tyler Allgeier,RB,1,3.0,A,6,22.0,0.16666666666666666,0.13636363636363635
2025_07_ATL_SF,7,SF,Q1,ATL,00-0029892,K.Juszczyk,00-0029892,Kyle Juszczyk,RB,0,0.0,H,4,27.0,0.0,0.0
2025_07_CAR_NYJ,7,NYJ,Q1,CAR,00-0038120,B.Hall,00-0038120,Breece Hall,RB,2,16.0,H,4,26.0,0.5,0.6153846153846154
2025_07_CAR_NYJ,7,NYJ,Q1,CAR,00-0039798,I.Davis,00-0039798,Isaiah Davis,RB,2,10.0,H,4,26.0,0.5,0.38461538461538464
2025_07_CAR_NYJ,7,CAR,Q1,NYJ,00-0036555,C.Hubbard,00-0036555,Chuba Hubbard,RB,5,9.0,A,10,40.0,0.5,0.225
2025_07_CAR_NYJ,7,CAR,Q1,NYJ,00-0036139,R.Dowdle,00-0036139,Rico Dowdle,RB,3,18.0,A,10,40.0,0.3,0.45
2025_07_GB_ARI,7,ARI,Q1,GB,00-0037157,Z.Knight,00-0037157,Bam Knight,RB,5,31.0,H,8,46.0,0.625,0.6739130434782609
2025_07_GB_ARI,7,GB,Q1,ARI,00-0035700,J.Jacobs,00-0035700,Josh Jacobs,RB,1,1.0,A,4,7.0,0.25,0.14285714285714285
2025_07_GB_ARI,7,GB,Q1,ARI,00-0038797,E.Wilson,00-0038797,Emanuel Wilson,RB,3,6.0,A,4,7.0,0.75,0.8571428571428571
2025_07_GB_ARI,7,ARI,Q1,GB,00-0036924,M.Carter,00-0036924,Michael Carter,RB,0,0.0,H,8,46.0,0.0,0.0
2025_07_GB_ARI,7,ARI,Q1,GB,00-0035628,D.Johnson,00-0035628,D'Ernest Johnson,RB,0,0.0,H,8,46.0,0.0,0.0
2025_07_HOU_SEA,7,SEA,Q1,HOU,00-0038134,K.Walker,00-0038134,Kenneth Walker III,RB,4,9.0,H,10,32.0,0.4,0.28125
2025_07_HOU_SEA,7,HOU,Q1,SEA,00-0034791,N.Chubb,00-0034791,Nick Chubb,RB,2,2.0,A,4,3.0,0.5,0.6666666666666666
2025_07_HOU_SEA,7,SEA,Q1,HOU,00-0039165,Z.Charbonnet,00-0039165,Zach Charbonnet,RB,4,18.0,H,10,32.0,0.4,0.5625
2025_07_HOU_SEA,7,HOU,Q1,SEA,00-0040583,W.Marks,00-0040583,Woody Marks,RB,2,1.0,A,4,3.0,0.5,0.3333333333333333
2025_07_IND_LAC,7,IND,Q1,LAC,00-0036223,J.Taylor,00-0036223,Jonathan Taylor,RB,7,47.0,A,11,76.0,0.6363636363636364,0.618421052631579
2025_07_IND_LAC,7,LAC,Q1,IND,00-0039391,K.Vidal,00-0039391,Kimani Vidal,RB,2,1.0,H,3,4.0,0.6666666666666666,0.25
2025_07_IND_LAC,7,LAC,Q1,IND,00-0037617,H.Haskins,00-0037617,Hassan Haskins,RB,1,3.0,H,3,4.0,0.3333333333333333,0.75
2025_07_IND_LAC,7,IND,Q1,LAC,00-0032104,A.Abdullah,00-0032104,Ameer Abdullah,RB,2,19.0,A,11,76.0,0.18181818181818182,0.25
2025_07_LA_JAX,7,JAX,Q1,LA,00-0036973,T.Etienne,00-0036973,Travis Etienne,RB,2,6.0,H,2,6.0,1.0,1.0
2025_07_LA_JAX,7,LA,Q1,JAX,00-0037840,K.Williams,00-0037840,Kyren Williams,RB,3,8.0,A,5,16.0,0.6,0.5
2025_07_LA_JAX,7,LA,Q1,JAX,00-0039738,B.Corum,00-0039738,Blake Corum,RB,2,8.0,A,5,16.0,0.4,0.5
2025_07_LA_JAX,7,JAX,Q1,LA,00-0040719,B.Tuten,00-0040719,Bhayshul Tuten,RB,0,0.0,H,2,6.0,0.0,0.0
2025_07_LV_KC,7,LV,Q1,KC,00-0040122,A.Jeanty,00-0040122,Ashton Jeanty,RB,1,3.0,A,2,3.0,0.5,1.0
2025_07_LV_KC,7,KC,Q1,LV,00-0037197,I.Pacheco,00-0037197,Isiah Pacheco,RB,3,2.0,H,5,11.0,0.6,0.18181818181818182
2025_07_LV_KC,7,KC,Q1,LV,00-0033923,K.Hunt,00-0033923,Kareem Hunt,RB,2,9.0,H,5,11.0,0.4,0.8181818181818182
2025_07_LV_KC,7,KC,Q1,LV,00-0040078,B.Smith,00-0040078,Brashard Smith,RB,0,0.0,H,5,11.0,0.0,0.0
2025_07_LV_KC,7,LV,Q1,KC,00-0039407,D.Laube,00-0039407,Dylan Laube,RB,0,0.0,A,2,3.0,0.0,0.0
2025_07_MIA_CLE,7,CLE,Q1,MIA,00-0040784,Q.Judkins,00-0040784,Quinshon Judkins,RB,7,22.0,H,10,32.0,0.7,0.6875
2025_07_MIA_CLE,7,CLE,Q1,MIA,00-0037267,J.Ford,00-0037267,Jerome Ford,RB,1,0.0,H,10,32.0,0.1,0.0
2025_07_MIA_CLE,7,MIA,Q1,CLE,00-0039040,D.Achane,00-0039040,De'Von Achane,RB,3,54.0,A,5,53.0,0.6,1.0188679245283019
2025_07_MIA_CLE,7,CLE,Q1,MIA,00-0040162,D.Sampson,00-0040162,Dylan Sampson,RB,1,4.0,H,10,32.0,0.1,0.125
2025_07_MIA_CLE,7,MIA,Q1,CLE,00-0040198,O.Gordon,00-0040198,Ollie Gordon II,RB,1,-1.0,A,5,53.0,0.2,-0.018867924528301886
2025_07_NE_TEN,7,TEN,Q1,NE,00-0035261,T.Pollard,00-0035261,Tony Pollard,RB,2,7.0,H,5,14.0,0.4,0.5
2025_07_NE_TEN,7,NE,Q1,TEN,00-0036875,R.Stevenson,00-0036875,Rhamondre Stevenson,RB,7,56.0,A,8,67.0,0.875,0.835820895522388
2025_07_NE_TEN,7,TEN,Q1,NE,00-0039032,T.Spears,00-0039032,Tyjae Spears,RB,2,8.0,H,5,14.0,0.4,0.5714285714285714
2025_07_NE_TEN,7,NE,Q1,TEN,00-0040734,T.Henderson,00-0040734,TreVeyon Henderson,RB,0,0.0,A,8,67.0,0.0,0.0
2025_07_NE_TEN,7,NE,Q1,TEN,00-0039757,T.Jennings,00-0039757,Terrell Jennings,RB,0,0.0,A,8,67.0,0.0,0.0
2025_07_NO_CHI,7,CHI,Q1,NO,00-0036275,D.Swift,00-0036275,D'Andre Swift,RB,4,10.0,H,9,26.0,0.4444444444444444,0.38461538461538464
2025_07_NO_CHI,7,NO,Q1,CHI,00-0033906,A.Kamara,00-0033906,Alvin Kamara,RB,3,10.0,A,5,22.0,0.6,0.45454545454545453
2025_07_NO_CHI,7,CHI,Q1,NO,00-0040236,K.Monangai,00-0040236,Kyle Monangai,RB,2,17.0,H,9,26.0,0.2222222222222222,0.6538461538461539
2025_07_NO_CHI,7,NO,Q1,CHI,00-0038551,K.Miller,00-0038551,Kendre Miller,RB,1,7.0,A,5,22.0,0.2,0.3181818181818182
2025_07_NO_CHI,7,CHI,Q1,NO,00-0039021,R.Johnson,00-0039021,Roschon Johnson,RB,0,0.0,H,9,26.0,0.0,0.0
2025_07_NO_CHI,7,NO,Q1,CHI,00-0040202,D.Neal,00-0040202,Devin Neal,RB,0,0.0,A,5,22.0,0.0,0.0
2025_07_NYG_DEN,7,NYG,Q1,DEN,00-0040715,C.Skattebo,00-0040715,Cam Skattebo,RB,3,7.0,A,5,10.0,0.6,0.7
2025_07_NYG_DEN,7,NYG,Q1,DEN,00-0039384,T.Tracy,00-0039384,Tyrone Tracy Jr.,RB,2,3.0,A,5,10.0,0.4,0.3
2025_07_NYG_DEN,7,DEN,Q1,NYG,00-0036158,J.Dobbins,00-0036158,J.K. Dobbins,RB,3,11.0,H,8,24.0,0.375,0.4583333333333333
2025_07_NYG_DEN,7,DEN,Q1,NYG,00-0040730,R.Harvey,00-0040730,RJ Harvey,RB,4,0.0,H,8,24.0,0.5,0.0
2025_07_NYG_DEN,7,NYG,Q1,DEN,00-0035250,D.Singletary,00-0035250,Devin Singletary,RB,0,0.0,A,5,10.0,0.0,0.0
2025_07_PHI_MIN,7,PHI,Q1,MIN,00-0034844,S.Barkley,00-0034844,Saquon Barkley,RB,6,29.0,A,9,40.0,0.6666666666666666,0.725
2025_07_PHI_MIN,7,PHI,Q1,MIN,00-0038555,T.Bigsby,00-0038555,Tank Bigsby,RB,1,11.0,A,9,40.0,0.1111111111111111,0.275
2025_07_PHI_MIN,7,MIN,Q1,PHI,00-0037525,J.Mason,00-0037525,Jordan Mason,RB,3,11.0,H,4,11.0,0.75,1.0
2025_07_PHI_MIN,7,MIN,Q1,PHI,00-0038440,Z.Scott,00-0038440,Zavier Scott,RB,0,0.0,H,4,11.0,0.0,0.0
2025_07_PIT_CIN,7,PIT,Q1,CIN,00-0037228,J.Warren,00-0037228,Jaylen Warren,RB,4,33.0,A,6,44.0,0.6666666666666666,0.75
2025_07_PIT_CIN,7,CIN,Q1,PIT,00-0038597,C.Brown,00-0038597,Chase Brown,RB,2,6.0,H,4,14.0,0.5,0.42857142857142855
2025_07_PIT_CIN,7,CIN,Q1,PIT,00-0033526,S.Perine,00-0033526,Samaje Perine,RB,2,8.0,H,4,14.0,0.5,0.5714285714285714
2025_07_PIT_CIN,7,PIT,Q1,CIN,00-0036919,K.Gainwell,00-0036919,Kenneth Gainwell,RB,2,11.0,A,6,44.0,0.3333333333333333,0.25
2025_07_TB_DET,7,DET,Q1,TB,00-0039139,J.Gibbs,00-0039139,Jahmyr Gibbs,RB,7,21.0,H,9,28.0,0.7777777777777778,0.75
2025_07_TB_DET,7,TB,Q1,DET,00-0037256,R.White,00-0037256,Rachaad White,RB,2,7.0,A,2,7.0,1.0,1.0
2025_07_TB_DET,7,DET,Q1,TB,00-0035685,D.Montgomery,00-0035685,David Montgomery,RB,1,1.0,H,9,28.0,0.1111111111111111,0.03571428571428571
2025_07_TB_DET,7,TB,Q1,DET,00-0038951,S.Tucker,00-0038951,Sean Tucker,RB,0,0.0,A,2,7.0,0.0,0.0
2025_07_WAS_DAL,7,DAL,Q1,WAS,00-0036997,J.Williams,00-0036997,Javonte Williams,RB,5,21.0,H,7,26.0,0.7142857142857143,0.8076923076923077
2025_07_WAS_DAL,7,WAS,Q1,DAL,00-0040242,J.Croskey-Merritt,00-0040242,Jacory Croskey-Merritt,RB,6,30.0,A,7,30.0,0.8571428571428571,1.0
2025_07_WAS_DAL,7,DAL,Q1,WAS,00-0040586,J.Blue,00-0040586,Jaydon Blue,RB,1,4.0,H,7,26.0,0.14285714285714285,0.15384615384615385
2025_07_WAS_DAL,7,WAS,Q1,DAL,00-0033955,J.McNichols,00-0033955,Jeremy McNichols,RB,0,0.0,A,7,30.0,0.0,0.0
2025_07_WAS_DAL,7,WAS,Q1,DAL,00-0038611,C.Rodriguez,00-0038611,Chris Rodriguez Jr.,RB,0,0.0,A,7,30.0,0.0,0.0
2025_08_BUF_CAR,8,CAR,Q1,BUF,00-0036555,C.Hubbard,00-0036555,Chuba Hubbard,RB,2,4.0,H,7,38.0,0.2857142857142857,0.10526315789473684
2025_08_BUF_CAR,8,BUF,Q1,CAR,00-0037248,J.Cook,00-0037248,James Cook,RB,9,79.0,A,10,79.0,0.9,1.0
2025_08_BUF_CAR,8,BUF,Q1,CAR,00-0035537,Ty.Johnson,00-0035537,Ty Johnson,RB,1,0.0,A,10,79.0,0.1,0.0
2025_08_BUF_CAR,8,CAR,Q1,BUF,00-0036139,R.Dowdle,00-0036139,Rico Dowdle,RB,4,33.0,H,7,38.0,0.5714285714285714,0.868421052631579
2025_08_BUF_CAR,8,BUF,Q1,CAR,00-0039875,R.Davis,00-0039875,Ray Davis,RB,0,0.0,A,10,79.0,0.0,0.0
2025_08_BUF_CAR,8,CAR,Q1,BUF,00-0040644,T.Etienne,00-0040644,Trevor Etienne,RB,0,0.0,H,7,38.0,0.0,0.0
2025_08_CHI_BAL,8,CHI,Q1,BAL,00-0040236,K.Monangai,00-0040236,Kyle Monangai,RB,4,13.0,A,10,41.0,0.4,0.3170731707317073
2025_08_CHI_BAL,8,CHI,Q1,BAL,00-0036275,D.Swift,00-0036275,D'Andre Swift,RB,4,23.0,A,10,41.0,0.4,0.5609756097560976
2025_08_CHI_BAL,8,BAL,Q1,CHI,00-0032764,D.Henry,00-0032764,Derrick Henry,RB,1,4.0,H,1,4.0,1.0,1.0
2025_08_CHI_BAL,8,BAL,Q1,CHI,00-0038454,K.Mitchell,00-0038454,Keaton Mitchell,RB,0,0.0,H,1,4.0,0.0,0.0
2025_08_CHI_BAL,8,BAL,Q1,CHI,00-0034975,J.Hill,00-0034975,Justice Hill,RB,0,0.0,H,1,4.0,0.0,0.0
2025_08_CLE_NE,8,NE,Q1,CLE,00-0036875,R.Stevenson,00-0036875,Rhamondre Stevenson,RB,6,8.0,H,10,57.0,0.6,0.14035087719298245
2025_08_CLE_NE,8,NE,Q1,CLE,00-0040734,T.Henderson,00-0040734,TreVeyon Henderson,RB,2,30.0,H,10,57.0,0.2,0.5263157894736842
2025_08_CLE_NE,8,CLE,Q1,NE,00-0040784,Q.Judkins,00-0040784,Quinshon Judkins,RB,3,8.0,A,4,39.0,0.75,0.20512820512820512
2025_08_CLE_NE,8,CLE,Q1,NE,00-0040162,D.Sampson,00-0040162,Dylan Sampson,RB,0,0.0,A,4,39.0,0.0,0.0
2025_08_CLE_NE,8,NE,Q1,CLE,00-0039757,T.Jennings,00-0039757,Terrell Jennings,RB,0,0.0,H,10,57.0,0.0,0.0
2025_08_DAL_DEN,8,DEN,Q1,DAL,00-0036158,J.Dobbins,00-0036158,J.K. Dobbins,RB,3,29.0,H,5,71.0,0.6,0.4084507042253521
2025_08_DAL_DEN,8,DAL,Q1,DEN,00-0036997,J.Williams,00-0036997,Javonte Williams,RB,5,20.0,A,6,25.0,0.8333333333333334,0.8
2025_08_DAL_DEN,8,DEN,Q1,DAL,00-0040730,R.Harvey,00-0040730,RJ Harvey,RB,1,40.0,H,5,71.0,0.2,0.5633802816901409
2025_08_DAL_DEN,8,DAL,Q1,DEN,00-0040586,J.Blue,00-0040586,Jaydon Blue,RB,0,0.0,A,6,25.0,0.0,0.0
2025_08_DAL_DEN,8,DAL,Q1,DEN,00-0038738,H.Luepke,00-0038738,Hunter Luepke,RB,0,0.0,A,6,25.0,0.0,0.0
2025_08_DAL_DEN,8,DEN,Q1,DAL,00-0037085,T.Badie,00-0037085,Tyler Badie,RB,0,0.0,H,5,71.0,0.0,0.0
2025_08_DAL_DEN,8,DAL,Q1,DEN,00-0037563,M.Davis,00-0037563,Malik Davis,RB,0,0.0,A,6,25.0,0.0,0.0
2025_08_GB_PIT,8,GB,Q1,PIT,00-0035700,J.Jacobs,00-0035700,Josh Jacobs,RB,3,12.0,A,5,15.0,0.6,0.8
2025_08_GB_PIT,8,PIT,Q1,GB,00-0037228,J.Warren,00-0037228,Jaylen Warren,RB,3,10.0,H,3,10.0,1.0,1.0
2025_08_GB_PIT,8,GB,Q1,PIT,00-0038797,E.Wilson,00-0038797,Emanuel Wilson,RB,1,2.0,A,5,15.0,0.2,0.13333333333333333
2025_08_GB_PIT,8,PIT,Q1,GB,00-0036919,K.Gainwell,00-0036919,Kenneth Gainwell,RB,0,0.0,H,3,10.0,0.0,0.0
2025_08_MIA_ATL,8,MIA,Q1,ATL,00-0039040,D.Achane,00-0039040,De'Von Achane,RB,5,26.0,A,11,44.0,0.45454545454545453,0.5909090909090909
2025_08_MIA_ATL,8,ATL,Q1,MIA,00-0038542,B.Robinson,00-0038542,Bijan Robinson,RB,3,1.0,H,3,1.0,1.0,1.0
2025_08_MIA_ATL,8,MIA,Q1,ATL,00-0040198,O.Gordon,00-0040198,Ollie Gordon II,RB,5,11.0,A,11,44.0,0.45454545454545453,0.25
2025_08_MIA_ATL,8,MIA,Q1,ATL,00-0039874,J.Wright,00-0039874,Jaylen Wright,RB,1,7.0,A,11,44.0,0.09090909090909091,0.1590909090909091
2025_08_MIA_ATL,8,ATL,Q1,MIA,00-0037263,T.Allgeier,00-0037263,Tyler Allgeier,RB,0,0.0,H,3,1.0,0.0,0.0
2025_08_MIA_ATL,8,ATL,Q1,MIA,00-0040547,N.Carter,00-0040547,Nate Carter,RB,0,0.0,H,3,1.0,0.0,0.0
2025_08_MIN_LAC,8,MIN,Q1,LAC,00-0033293,A.Jones,00-0033293,Aaron Jones,RB,1,0.0,A,3,1.0,0.3333333333333333,0.0
2025_08_MIN_LAC,8,MIN,Q1,LAC,00-0037525,J.Mason,00-0037525,Jordan Mason,RB,2,1.0,A,3,1.0,0.6666666666666666,1.0
2025_08_MIN_LAC,8,LAC,Q1,MIN,00-0039391,K.Vidal,00-0039391,Kimani Vidal,RB,7,15.0,H,10,24.0,0.7,0.625
2025_08_MIN_LAC,8,LAC,Q1,MIN,00-0036755,J.Patterson,00-0036755,Jaret Patterson,RB,2,7.0,H,10,24.0,0.2,0.2916666666666667
2025_08_MIN_LAC,8,LAC,Q1,MIN,00-0034367,N.Miller-Hines,00-0034367,Nyheim Hines,RB,0,0.0,H,10,24.0,0.0,0.0
2025_08_MIN_LAC,8,MIN,Q1,LAC,00-0038440,Z.Scott,00-0038440,Zavier Scott,RB,0,0.0,A,3,1.0,0.0,0.0
2025_08_NYG_PHI,8,PHI,Q1,NYG,00-0034844,S.Barkley,00-0034844,Saquon Barkley,RB,4,82.0,H,8,112.0,0.5,0.7321428571428571
2025_08_NYG_PHI,8,NYG,Q1,PHI,00-0040715,C.Skattebo,00-0040715,Cam Skattebo,RB,3,12.0,A,5,21.0,0.6,0.5714285714285714
2025_08_NYG_PHI,8,PHI,Q1,NYG,00-0038555,T.Bigsby,00-0038555,Tank Bigsby,RB,2,18.0,H,8,112.0,0.25,0.16071428571428573
2025_08_NYG_PHI,8,NYG,Q1,PHI,00-0039384,T.Tracy,00-0039384,Tyrone Tracy Jr.,RB,0,0.0,A,5,21.0,0.0,0.0
2025_08_NYG_PHI,8,PHI,Q1,NYG,00-0039746,W.Shipley,00-0039746,Will Shipley,RB,0,0.0,H,8,112.0,0.0,0.0
2025_08_NYG_PHI,8,NYG,Q1,PHI,00-0035250,D.Singletary,00-0035250,Devin Singletary,RB,0,0.0,A,5,21.0,0.0,0.0
2025_08_NYJ_CIN,8,CIN,Q1,NYJ,00-0038597,C.Brown,00-0038597,Chase Brown,RB,5,28.0,H,8,43.0,0.625,0.6511627906976745
2025_08_NYJ_CIN,8,CIN,Q1,NYJ,00-0033526,S.Perine,00-0033526,Samaje Perine,RB,2,14.0,H,8,43.0,0.25,0.32558139534883723
2025_08_NYJ_CIN,8,NYJ,Q1,CIN,00-0038120,B.Hall,00-0038120,Breece Hall,RB,4,1.0,A,7,11.0,0.5714285714285714,0.09090909090909091
2025_08_NYJ_CIN,8,NYJ,Q1,CIN,00-0039798,I.Davis,00-0039798,Isaiah Davis,RB,2,3.0,A,7,11.0,0.2857142857142857,0.2727272727272727
2025_08_SF_HOU,8,HOU,Q1,SF,00-0034791,N.Chubb,00-0034791,Nick Chubb,RB,5,23.0,H,10,36.0,0.5,0.6388888888888888
2025_08_SF_HOU,8,HOU,Q1,SF,00-0040583,W.Marks,00-0040583,Woody Marks,RB,3,10.0,H,10,36.0,0.3,0.2777777777777778
2025_08_SF_HOU,8,SF,Q1,HOU,00-0033280,C.McCaffrey,00-0033280,Christian McCaffrey,RB,0,0.0,A,1,13.0,0.0,0.0
2025_08_SF_HOU,8,HOU,Q1,SF,00-0033854,D.Ogunbowale,00-0033854,Dare Ogunbowale,RB,0,0.0,H,10,36.0,0.0,0.0
2025_08_TB_NO,8,NO,Q1,TB,00-0033906,A.Kamara,00-0033906,Alvin Kamara,RB,3,12.0,H,6,18.0,0.5,0.6666666666666666
2025_08_TB_NO,8,TB,Q1,NO,00-0037256,R.White,00-0037256,Rachaad White,RB,4,17.0,A,6,28.0,0.6666666666666666,0.6071428571428571
2025_08_TB_NO,8,TB,Q1,NO,00-0038951,S.Tucker,00-0038951,Sean Tucker,RB,2,11.0,A,6,28.0,0.3333333333333333,0.39285714285714285
2025_08_TB_NO,8,TB,Q1,NO,00-0040429,J.Williams,00-0040429,Josh Williams,RB,0,0.0,A,6,28.0,0.0,0.0
2025_08_TEN_IND,8,IND,Q1,TEN,00-0036223,J.Taylor,00-0036223,Jonathan Taylor,RB,6,62.0,H,7,65.0,0.8571428571428571,0.9538461538461539
2025_08_TEN_IND,8,TEN,Q1,IND,00-0035261,T.Pollard,00-0035261,Tony Pollard,RB,5,20.0,A,5,20.0,1.0,1.0
2025_08_TEN_IND,8,TEN,Q1,IND,00-0039032,T.Spears,00-0039032,Tyjae Spears,RB,0,0.0,A,5,20.0,0.0,0.0
2025_08_TEN_IND,8,IND,Q1,TEN,00-0032104,A.Abdullah,00-0032104,Ameer Abdullah,RB,0,0.0,H,7,65.0,0.0,0.0
2025_08_TEN_IND,8,IND,Q1,TEN,00-0037120,T.Goodson,00-0037120,Tyler Goodson,RB,0,0.0,H,7,65.0,0.0,0.0
2025_08_TEN_IND,8,TEN,Q1,IND,00-0037594,J.Chestnut,00-0037594,Julius Chestnut,RB,0,0.0,A,5,20.0,0.0,0.0
2025_08_WAS_KC,8,WAS,Q1,KC,00-0040242,J.Croskey-Merritt,00-0040242,Jacory Croskey-Merritt,RB,5,17.0,A,8,29.0,0.625,0.5862068965517241
2025_08_WAS_KC,8,KC,Q1,WAS,00-0037197,I.Pacheco,00-0037197,Isiah Pacheco,RB,1,3.0,H,4,18.0,0.25,0.16666666666666666
2025_08_WAS_KC,8,KC,Q1,WAS,00-0033923,K.Hunt,00-0033923,Kareem Hunt,RB,1,5.0,H,4,18.0,0.25,0.2777777777777778
2025_08_WAS_KC,8,KC,Q1,WAS,00-0040078,B.Smith,00-0040078,Brashard Smith,RB,1,1.0,H,4,18.0,0.25,0.05555555555555555
2025_08_WAS_KC,8,WAS,Q1,KC,00-0038611,C.Rodriguez,00-0038611,Chris Rodriguez Jr.,RB,1,2.0,A,8,29.0,0.125,0.06896551724137931
2025_08_WAS_KC,8,WAS,Q1,KC,00-0033955,J.McNichols,00-0033955,Jeremy McNichols,RB,0,0.0,A,8,29.0,0.0,0.0
2025_09_ARI_DAL,9,DAL,Q1,ARI,00-0036997,J.Williams,00-0036997,Javonte Williams,RB,5,29.0,H,5,29.0,1.0,1.0
2025_09_ARI_DAL,9,ARI,Q1,DAL,00-0038705,E.Demercado,00-0038705,Emari Demercado,RB,2,8.0,A,5,12.0,0.4,0.6666666666666666
2025_09_ARI_DAL,9,ARI,Q1,DAL,00-0037157,Z.Knight,00-0037157,Bam Knight,RB,2,4.0,A,5,12.0,0.4,0.3333333333333333
2025_09_ARI_DAL,9,DAL,Q1,ARI,00-0037563,M.Davis,00-0037563,Malik Davis,RB,0,0.0,H,5,29.0,0.0,0.0
2025_09_ATL_NE,9,NE,Q1,ATL,00-0040734,T.Henderson,00-0040734,TreVeyon Henderson,RB,3,13.0,H,7,32.0,0.42857142857142855,0.40625
2025_09_ATL_NE,9,NE,Q1,ATL,00-0039757,T.Jennings,00-0039757,Terrell Jennings,RB,3,7.0,H,7,32.0,0.42857142857142855,0.21875
2025_09_ATL_NE,9,ATL,Q1,NE,00-0038542,B.Robinson,00-0038542,Bijan Robinson,RB,2,0.0,A,3,2.0,0.6666666666666666,0.0
2025_09_ATL_NE,9,ATL,Q1,NE,00-0037263,T.Allgeier,00-0037263,Tyler Allgeier,RB,1,2.0,A,3,2.0,0.3333333333333333,1.0
2025_09_BAL_MIA,9,MIA,Q1,BAL,00-0039040,D.Achane,00-0039040,De'Von Achane,RB,5,26.0,H,7,32.0,0.7142857142857143,0.8125
2025_09_BAL_MIA,9,BAL,Q1,MIA,00-0032764,D.Henry,00-0032764,Derrick Henry,RB,5,12.0,A,6,12.0,0.8333333333333334,1.0
2025_09_BAL_MIA,9,MIA,Q1,BAL,00-0040198,O.Gordon,00-0040198,Ollie Gordon II,RB,2,6.0,H,7,32.0,0.2857142857142857,0.1875
2025_09_BAL_MIA,9,BAL,Q1,MIA,00-0038454,K.Mitchell,00-0038454,Keaton Mitchell,RB,0,0.0,A,6,12.0,0.0,0.0
2025_09_BAL_MIA,9,BAL,Q1,MIA,00-0034975,J.Hill,00-0034975,Justice Hill,RB,0,0.0,A,6,12.0,0.0,0.0
2025_09_CAR_GB,9,CAR,Q1,GB,00-0036139,R.Dowdle,00-0036139,Rico Dowdle,RB,8,33.0,A,9,37.0,0.8888888888888888,0.8918918918918919
2025_09_CAR_GB,9,GB,Q1,CAR,00-0035700,J.Jacobs,00-0035700,Josh Jacobs,RB,2,23.0,H,4,30.0,0.5,0.7666666666666667
2025_09_CAR_GB,9,GB,Q1,CAR,00-0038797,E.Wilson,00-0038797,Emanuel Wilson,RB,1,7.0,H,4,30.0,0.25,0.23333333333333334
2025_09_CAR_GB,9,CAR,Q1,GB,00-0036555,C.Hubbard,00-0036555,Chuba Hubbard,RB,0,0.0,A,9,37.0,0.0,0.0
2025_09_CHI_CIN,9,CHI,Q1,CIN,00-0040236,K.Monangai,00-0040236,Kyle Monangai,RB,11,63.0,A,13,81.0,0.8461538461538461,0.7777777777777778
2025_09_CHI_CIN,9,CIN,Q1,CHI,00-0038597,C.Brown,00-0038597,Chase Brown,RB,3,16.0,H,4,21.0,0.75,0.7619047619047619
2025_09_CHI_CIN,9,CIN,Q1,CHI,00-0033526,S.Perine,00-0033526,Samaje Perine,RB,1,5.0,H,4,21.0,0.25,0.23809523809523808
2025_09_CHI_CIN,9,CHI,Q1,CIN,00-0037329,B.Brown,00-0037329,Brittain Brown,RB,0,0.0,A,13,81.0,0.0,0.0
2025_09_CHI_CIN,9,CIN,Q1,CHI,00-0040208,T.Brooks,00-0040208,Tahj Brooks,RB,0,0.0,H,4,21.0,0.0,0.0
2025_09_DEN_HOU,9,HOU,Q1,DEN,00-0034791,N.Chubb,00-0034791,Nick Chubb,RB,3,6.0,H,9,19.0,0.3333333333333333,0.3157894736842105
2025_09_DEN_HOU,9,HOU,Q1,DEN,00-0040583,W.Marks,00-0040583,Woody Marks,RB,3,7.0,H,9,19.0,0.3333333333333333,0.3684210526315789
2025_09_DEN_HOU,9,DEN,Q1,HOU,00-0036158,J.Dobbins,00-0036158,J.K. Dobbins,RB,4,24.0,A,5,26.0,0.8,0.9230769230769231
2025_09_DEN_HOU,9,DEN,Q1,HOU,00-0040730,R.Harvey,00-0040730,RJ Harvey,RB,1,2.0,A,5,26.0,0.2,0.07692307692307693
2025_09_DEN_HOU,9,HOU,Q1,DEN,00-0039603,B.Brooks,00-0039603,British Brooks,RB,2,0.0,H,9,19.0,0.2222222222222222,0.0
2025_09_DEN_HOU,9,DEN,Q1,HOU,00-0036727,A.Prentice,00-0036727,Adam Prentice,RB,0,0.0,A,5,26.0,0.0,0.0
2025_09_IND_PIT,9,IND,Q1,PIT,00-0036223,J.Taylor,00-0036223,Jonathan Taylor,RB,4,9.0,A,6,13.0,0.6666666666666666,0.6923076923076923
2025_09_IND_PIT,9,PIT,Q1,IND,00-0037228,J.Warren,00-0037228,Jaylen Warren,RB,2,3.0,H,2,3.0,1.0,1.0
2025_09_IND_PIT,9,IND,Q1,PIT,00-0032104,A.Abdullah,00-0032104,Ameer Abdullah,RB,0,0.0,A,6,13.0,0.0,0.0
2025_09_IND_PIT,9,PIT,Q1,IND,00-0036919,K.Gainwell,00-0036919,Kenneth Gainwell,RB,0,0.0,H,2,3.0,0.0,0.0
2025_09_IND_PIT,9,PIT,Q1,IND,00-0040142,K.Johnson,00-0040142,Kaleb Johnson,RB,0,0.0,H,2,3.0,0.0,0.0
2025_09_JAX_LV,9,JAX,Q1,LV,00-0036973,T.Etienne,00-0036973,Travis Etienne,RB,6,16.0,A,10,31.0,0.6,0.5161290322580645
2025_09_JAX_LV,9,LV,Q1,JAX,00-0040122,A.Jeanty,00-0040122,Ashton Jeanty,RB,4,35.0,H,4,35.0,1.0,1.0
2025_09_JAX_LV,9,JAX,Q1,LV,00-0040719,B.Tuten,00-0040719,Bhayshul Tuten,RB,2,8.0,A,10,31.0,0.2,0.25806451612903225
2025_09_JAX_LV,9,JAX,Q1,LV,00-0040238,L.Allen,00-0040238,LeQuint Allen Jr.,RB,0,0.0,A,10,31.0,0.0,0.0
2025_09_KC_BUF,9,BUF,Q1,KC,00-0037248,J.Cook,00-0037248,James Cook,RB,7,42.0,H,7,42.0,1.0,1.0
2025_09_KC_BUF,9,KC,Q1,BUF,00-0033923,K.Hunt,00-0033923,Kareem Hunt,RB,3,14.0,A,6,28.0,0.5,0.5
2025_09_KC_BUF,9,KC,Q1,BUF,00-0040078,B.Smith,00-0040078,Brashard Smith,RB,1,4.0,A,6,28.0,0.16666666666666666,0.14285714285714285
2025_09_KC_BUF,9,KC,Q1,BUF,00-0036360,C.Edwards-Helaire,00-0036360,Clyde Edwards-Helaire,RB,0,0.0,A,6,28.0,0.0,0.0
2025_09_KC_BUF,9,BUF,Q1,KC,00-0035537,Ty.Johnson,00-0035537,Ty Johnson,RB,0,0.0,H,7,42.0,0.0,0.0
2025_09_LAC_TEN,9,TEN,Q1,LAC,00-0035261,T.Pollard,00-0035261,Tony Pollard,RB,2,28.0,H,4,29.0,0.5,0.9655172413793104
2025_09_LAC_TEN,9,LAC,Q1,TEN,00-0039391,K.Vidal,00-0039391,Kimani Vidal,RB,6,9.0,A,7,14.0,0.8571428571428571,0.6428571428571429
2025_09_LAC_TEN,9,TEN,Q1,LAC,00-0039032,T.Spears,00-0039032,Tyjae Spears,RB,1,1.0,H,4,29.0,0.25,0.034482758620689655
2025_09_LAC_TEN,9,LAC,Q1,TEN,00-0036755,J.Patterson,00-0036755,Jaret Patterson,RB,1,5.0,A,7,14.0,0.14285714285714285,0.35714285714285715
2025_09_MIN_DET,9,DET,Q1,MIN,00-0039139,J.Gibbs,00-0039139,Jahmyr Gibbs,RB,3,17.0,H,4,19.0,0.75,0.8947368421052632
2025_09_MIN_DET,9,MIN,Q1,DET,00-0033293,A.Jones,00-0033293,Aaron Jones,RB,5,32.0,A,6,33.0,0.8333333333333334,0.9696969696969697
2025_09_MIN_DET,9,DET,Q1,MIN,00-0035685,D.Montgomery,00-0035685,David Montgomery,RB,1,2.0,H,4,19.0,0.25,0.10526315789473684
2025_09_MIN_DET,9,MIN,Q1,DET,00-0037525,J.Mason,00-0037525,Jordan Mason,RB,1,1.0,A,6,33.0,0.16666666666666666,0.030303030303030304
2025_09_NO_LA,9,NO,Q1,LA,00-0033906,A.Kamara,00-0033906,Alvin Kamara,RB,3,6.0,A,3,6.0,1.0,1.0
2025_09_NO_LA,9,LA,Q1,NO,00-0037840,K.Williams,00-0037840,Kyren Williams,RB,6,18.0,H,7,22.0,0.8571428571428571,0.8181818181818182
2025_09_NO_LA,9,LA,Q1,NO,00-0039738,B.Corum,00-0039738,Blake Corum,RB,1,4.0,H,7,22.0,0.14285714285714285,0.18181818181818182
2025_09_NO_LA,9,NO,Q1,LA,00-0040202,D.Neal,00-0040202,Devin Neal,RB,0,0.0,A,3,6.0,0.0,0.0
2025_09_SEA_WAS,9,SEA,Q1,WAS,00-0038134,K.Walker,00-0038134,Kenneth Walker III,RB,5,26.0,A,6,37.0,0.8333333333333334,0.7027027027027027
2025_09_SEA_WAS,9,WAS,Q1,SEA,00-0040242,J.Croskey-Merritt,00-0040242,Jacory Croskey-Merritt,RB,3,11.0,H,8,27.0,0.375,0.4074074074074074
2025_09_SEA_WAS,9,WAS,Q1,SEA,00-0033955,J.McNichols,00-0033955,Jeremy McNichols,RB,1,0.0,H,8,27.0,0.125,0.0
2025_09_SEA_WAS,9,SEA,Q1,WAS,00-0039165,Z.Charbonnet,00-0039165,Zach Charbonnet,RB,0,0.0,A,6,37.0,0.0,0.0
2025_09_SEA_WAS,9,WAS,Q1,SEA,00-0038611,C.Rodriguez,00-0038611,Chris Rodriguez Jr.,RB,0,0.0,H,8,27.0,0.0,0.0
2025_09_SEA_WAS,9,SEA,Q1,WAS,00-0039299,G.Holani,00-0039299,George Holani,RB,0,0.0,A,6,37.0,0.0,0.0
2025_09_SF_NYG,9,NYG,Q1,SF,00-0039384,T.Tracy,00-0039384,Tyrone Tracy Jr.,RB,2,5.0,H,6,31.0,0.3333333333333333,0.16129032258064516
2025_09_SF_NYG,9,NYG,Q1,SF,00-0035250,D.Singletary,00-0035250,Devin Singletary,RB,3,20.0,H,6,31.0,0.5,0.6451612903225806
2025_09_SF_NYG,9,SF,Q1,NYG,00-0033280,C.McCaffrey,00-0033280,Christian McCaffrey,RB,7,39.0,A,9,57.0,0.7777777777777778,0.6842105263157895
2025_09_SF_NYG,9,SF,Q1,NYG,00-0037746,B.Robinson,00-0037746,Brian Robinson,RB,1,16.0,A,9,57.0,0.1111111111111111,0.2807017543859649
2025_10_ARI_SEA,10,SEA,Q1,ARI,00-0039165,Z.Charbonnet,00-0039165,Zach Charbonnet,RB,2,5.0,H,8,36.0,0.25,0.1388888888888889
2025_10_ARI_SEA,10,SEA,Q1,ARI,00-0038134,K.Walker,00-0038134,Kenneth Walker III,RB,3,11.0,H,8,36.0,0.375,0.3055555555555556
2025_10_ARI_SEA,10,ARI,Q1,SEA,00-0037157,Z.Knight,00-0037157,Bam Knight,RB,4,4.0,A,6,14.0,0.6666666666666666,0.2857142857142857
2025_10_ARI_SEA,10,SEA,Q1,ARI,00-0039299,G.Holani,00-0039299,George Holani,RB,1,9.0,H,8,36.0,0.125,0.25
2025_10_ARI_SEA,10,ARI,Q1,SEA,00-0038705,E.Demercado,00-0038705,Emari Demercado,RB,1,4.0,A,6,14.0,0.16666666666666666,0.2857142857142857
2025_10_ARI_SEA,10,ARI,Q1,SEA,00-0036924,M.Carter,00-0036924,Michael Carter,RB,0,0.0,A,6,14.0,0.0,0.0
2025_10_ATL_IND,10,IND,Q1,ATL,00-0036223,J.Taylor,00-0036223,Jonathan Taylor,RB,5,39.0,H,8,77.0,0.625,0.5064935064935064
2025_10_ATL_IND,10,ATL,Q1,IND,00-0038542,B.Robinson,00-0038542,Bijan Robinson,RB,6,37.0,A,8,51.0,0.75,0.7254901960784313
2025_10_ATL_IND,10,ATL,Q1,IND,00-0037263,T.Allgeier,00-0037263,Tyler Allgeier,RB,2,14.0,A,8,51.0,0.25,0.27450980392156865
2025_10_ATL_IND,10,IND,Q1,ATL,00-0037120,T.Goodson,00-0037120,Tyler Goodson,RB,0,0.0,H,8,77.0,0.0,0.0
2025_10_BAL_MIN,10,MIN,Q1,BAL,00-0033293,A.Jones,00-0033293,Aaron Jones,RB,5,8.0,H,6,18.0,0.8333333333333334,0.4444444444444444
2025_10_BAL_MIN,10,BAL,Q1,MIN,00-0032764,D.Henry,00-0032764,Derrick Henry,RB,5,14.0,A,6,16.0,0.8333333333333334,0.875
2025_10_BAL_MIN,10,MIN,Q1,BAL,00-0037525,J.Mason,00-0037525,Jordan Mason,RB,0,0.0,H,6,18.0,0.0,0.0
2025_10_BAL_MIN,10,BAL,Q1,MIN,00-0038454,K.Mitchell,00-0038454,Keaton Mitchell,RB,0,0.0,A,6,16.0,0.0,0.0
2025_10_BAL_MIN,10,BAL,Q1,MIN,00-0034975,J.Hill,00-0034975,Justice Hill,RB,0,0.0,A,6,16.0,0.0,0.0
2025_10_BAL_MIN,10,BAL,Q1,MIN,00-0033376,P.Ricard,00-0033376,Patrick Ricard,RB,0,0.0,A,6,16.0,0.0,0.0
2025_10_BUF_MIA,10,BUF,Q1,MIA,00-0037248,J.Cook,00-0037248,James Cook,RB,3,11.0,A,3,11.0,1.0,1.0
2025_10_BUF_MIA,10,MIA,Q1,BUF,00-0039040,D.Achane,00-0039040,De'Von Achane,RB,6,39.0,H,11,52.0,0.5454545454545454,0.75
2025_10_BUF_MIA,10,MIA,Q1,BUF,00-0039874,J.Wright,00-0039874,Jaylen Wright,RB,3,3.0,H,11,52.0,0.2727272727272727,0.057692307692307696
2025_10_BUF_MIA,10,MIA,Q1,BUF,00-0035125,A.Ingold,00-0035125,Alec Ingold,RB,1,6.0,H,11,52.0,0.09090909090909091,0.11538461538461539
2025_10_BUF_MIA,10,MIA,Q1,BUF,00-0040198,O.Gordon,00-0040198,Ollie Gordon II,RB,0,0.0,H,11,52.0,0.0,0.0
2025_10_BUF_MIA,10,BUF,Q1,MIA,00-0035537,Ty.Johnson,00-0035537,Ty Johnson,RB,0,0.0,A,3,11.0,0.0,0.0
2025_10_BUF_MIA,10,BUF,Q1,MIA,00-0039875,R.Davis,00-0039875,Ray Davis,RB,0,0.0,A,3,11.0,0.0,0.0
2025_10_CLE_NYJ,10,CLE,Q1,NYJ,00-0040784,Q.Judkins,00-0040784,Quinshon Judkins,RB,8,17.0,A,11,34.0,0.7272727272727273,0.5
2025_10_CLE_NYJ,10,NYJ,Q1,CLE,00-0038120,B.Hall,00-0038120,Breece Hall,RB,2,3.0,H,3,12.0,0.6666666666666666,0.25
2025_10_CLE_NYJ,10,CLE,Q1,NYJ,00-0040162,D.Sampson,00-0040162,Dylan Sampson,RB,1,-7.0,A,11,34.0,0.09090909090909091,-0.20588235294117646
2025_10_CLE_NYJ,10,NYJ,Q1,CLE,00-0039798,I.Davis,00-0039798,Isaiah Davis,RB,0,0.0,H,3,12.0,0.0,0.0
2025_10_CLE_NYJ,10,CLE,Q1,NYJ,00-0037267,J.Ford,00-0037267,Jerome Ford,RB,0,0.0,A,11,34.0,0.0,0.0
2025_10_DET_WAS,10,WAS,Q1,DET,00-0038611,C.Rodriguez,00-0038611,Chris Rodriguez Jr.,RB,2,7.0,H,5,18.0,0.4,0.3888888888888889
2025_10_DET_WAS,10,DET,Q1,WAS,00-0039139,J.Gibbs,00-0039139,Jahmyr Gibbs,RB,4,22.0,A,8,44.0,0.5,0.5
2025_10_DET_WAS,10,DET,Q1,WAS,00-0035685,D.Montgomery,00-0035685,David Montgomery,RB,4,22.0,A,8,44.0,0.5,0.5
2025_10_DET_WAS,10,WAS,Q1,DET,00-0033955,J.McNichols,00-0033955,Jeremy McNichols,RB,1,4.0,H,5,18.0,0.2,0.2222222222222222
2025_10_DET_WAS,10,WAS,Q1,DET,00-0040242,J.Croskey-Merritt,00-0040242,Jacory Croskey-Merritt,RB,2,7.0,H,5,18.0,0.4,0.3888888888888889
2025_10_DET_WAS,10,DET,Q1,WAS,00-0039364,S.Vaki,00-0039364,Sione Vaki,RB,0,0.0,A,8,44.0,0.0,0.0
2025_10_JAX_HOU,10,JAX,Q1,HOU,00-0036973,T.Etienne,00-0036973,Travis Etienne,RB,7,28.0,A,8,34.0,0.875,0.8235294117647058
2025_10_JAX_HOU,10,HOU,Q1,JAX,00-0040583,W.Marks,00-0040583,Woody Marks,RB,1,-3.0,H,4,6.0,0.25,-0.5
2025_10_JAX_HOU,10,HOU,Q1,JAX,00-0034791,N.Chubb,00-0034791,Nick Chubb,RB,1,3.0,H,4,6.0,0.25,0.5
2025_10_JAX_HOU,10,JAX,Q1,HOU,00-0040719,B.Tuten,00-0040719,Bhayshul Tuten,RB,1,6.0,A,8,34.0,0.125,0.17647058823529413
2025_10_LA_SF,10,LA,Q1,SF,00-0037840,K.Williams,00-0037840,Kyren Williams,RB,8,45.0,A,9,60.0,0.8888888888888888,0.75
2025_10_LA_SF,10,SF,Q1,LA,00-0033280,C.McCaffrey,00-0033280,Christian McCaffrey,RB,2,4.0,H,2,4.0,1.0,1.0
2025_10_LA_SF,10,LA,Q1,SF,00-0039738,B.Corum,00-0039738,Blake Corum,RB,1,15.0,A,9,60.0,0.1111111111111111,0.25
2025_10_LA_SF,10,SF,Q1,LA,00-0037746,B.Robinson,00-0037746,Brian Robinson,RB,0,0.0,H,2,4.0,0.0,0.0
2025_10_LV_DEN,10,LV,Q1,DEN,00-0040122,A.Jeanty,00-0040122,Ashton Jeanty,RB,8,30.0,A,10,43.0,0.8,0.6976744186046512
2025_10_LV_DEN,10,DEN,Q1,LV,00-0036158,J.Dobbins,00-0036158,J.K. Dobbins,RB,3,9.0,H,3,9.0,1.0,1.0
2025_10_LV_DEN,10,DEN,Q1,LV,00-0040730,R.Harvey,00-0040730,RJ Harvey,RB,0,0.0,H,3,9.0,0.0,0.0
2025_10_LV_DEN,10,LV,Q1,DEN,00-0031687,R.Mostert,00-0031687,Raheem Mostert,RB,0,0.0,A,10,43.0,0.0,0.0
2025_10_NE_TB,10,TB,Q1,NE,00-0037256,R.White,00-0037256,Rachaad White,RB,3,13.0,H,7,47.0,0.42857142857142855,0.2765957446808511
2025_10_NE_TB,10,TB,Q1,NE,00-0038951,S.Tucker,00-0038951,Sean Tucker,RB,3,23.0,H,7,47.0,0.42857142857142855,0.48936170212765956
2025_10_NE_TB,10,NE,Q1,TB,00-0039757,T.Jennings,00-0039757,Terrell Jennings,RB,4,5.0,A,8,25.0,0.5,0.2
2025_10_NE_TB,10,NE,Q1,TB,00-0040734,T.Henderson,00-0040734,TreVeyon Henderson,RB,2,16.0,A,8,25.0,0.25,0.64
2025_10_NE_TB,10,NE,Q1,TB,00-0035628,D.Johnson,00-0035628,D'Ernest Johnson,RB,0,0.0,A,8,25.0,0.0,0.0
2025_10_NO_CAR,10,CAR,Q1,NO,00-0036139,R.Dowdle,00-0036139,Rico Dowdle,RB,8,34.0,H,9,40.0,0.8888888888888888,0.85
2025_10_NO_CAR,10,NO,Q1,CAR,00-0033906,A.Kamara,00-0033906,Alvin Kamara,RB,3,12.0,A,5,27.0,0.6,0.4444444444444444
2025_10_NO_CAR,10,NO,Q1,CAR,00-0040202,D.Neal,00-0040202,Devin Neal,RB,1,14.0,A,5,27.0,0.2,0.5185185185185185
2025_10_NO_CAR,10,CAR,Q1,NO,00-0036555,C.Hubbard,00-0036555,Chuba Hubbard,RB,0,0.0,H,9,40.0,0.0,0.0
2025_10_NYG_CHI,10,CHI,Q1,NYG,00-0036275,D.Swift,00-0036275,D'Andre Swift,RB,4,19.0,H,8,31.0,0.5,0.6129032258064516
2025_10_NYG_CHI,10,NYG,Q1,CHI,00-0039384,T.Tracy,00-0039384,Tyrone Tracy Jr.,RB,3,-3.0,A,4,-3.0,0.75,1.0
2025_10_NYG_CHI,10,CHI,Q1,NYG,00-0040236,K.Monangai,00-0040236,Kyle Monangai,RB,3,11.0,H,8,31.0,0.375,0.3548387096774194
2025_10_NYG_CHI,10,NYG,Q1,CHI,00-0035250,D.Singletary,00-0035250,Devin Singletary,RB,1,0.0,A,4,-3.0,0.25,-0.0
2025_10_PHI_GB,10,GB,Q1,PHI,00-0035700,J.Jacobs,00-0035700,Josh Jacobs,RB,5,15.0,H,8,29.0,0.625,0.5172413793103449
2025_10_PHI_GB,10,PHI,Q1,GB,00-0034844,S.Barkley,00-0034844,Saquon Barkley,RB,6,28.0,A,10,50.0,0.6,0.56
2025_10_PHI_GB,10,PHI,Q1,GB,00-0038555,T.Bigsby,00-0038555,Tank Bigsby,RB,1,5.0,A,10,50.0,0.1,0.1
2025_10_PHI_GB,10,PHI,Q1,GB,00-0039746,W.Shipley,00-0039746,Will Shipley,RB,1,4.0,A,10,50.0,0.1,0.08
2025_10_PHI_GB,10,GB,Q1,PHI,00-0038797,E.Wilson,00-0038797,Emanuel Wilson,RB,0,0.0,H,8,29.0,0.0,0.0
2025_10_PIT_LAC,10,LAC,Q1,PIT,00-0039391,K.Vidal,00-0039391,Kimani Vidal,RB,2,5.0,H,6,11.0,0.3333333333333333,0.45454545454545453
2025_10_PIT_LAC,10,PIT,Q1,LAC,00-0037228,J.Warren,00-0037228,Jaylen Warren,RB,5,21.0,A,7,24.0,0.7142857142857143,0.875
2025_10_PIT_LAC,10,LAC,Q1,PIT,00-0036755,J.Patterson,00-0036755,Jaret Patterson,RB,1,1.0,H,6,11.0,0.16666666666666666,0.09090909090909091
2025_10_PIT_LAC,10,PIT,Q1,LAC,00-0040142,K.Johnson,00-0040142,Kaleb Johnson,RB,2,3.0,A,7,24.0,0.2857142857142857,0.125
2025_11_BAL_CLE,11,CLE,Q1,BAL,00-0040784,Q.Judkins,00-0040784,Quinshon Judkins,RB,6,35.0,H,7,54.0,0.8571428571428571,0.6481481481481481
2025_11_BAL_CLE,11,BAL,Q1,CLE,00-0038454,K.Mitchell,00-0038454,Keaton Mitchell,RB,2,11.0,A,7,38.0,0.2857142857142857,0.2894736842105263
2025_11_BAL_CLE,11,BAL,Q1,CLE,00-0032764,D.Henry,00-0032764,Derrick Henry,RB,3,15.0,A,7,38.0,0.42857142857142855,0.39473684210526316
2025_11_BAL_CLE,11,CLE,Q1,BAL,00-0040162,D.Sampson,00-0040162,Dylan Sampson,RB,1,19.0,H,7,54.0,0.14285714285714285,0.35185185185185186
2025_11_BAL_CLE,11,CLE,Q1,BAL,00-0037267,J.Ford,00-0037267,Jerome Ford,RB,0,0.0,H,7,54.0,0.0,0.0
2025_11_CAR_ATL,11,ATL,Q1,CAR,00-0038542,B.Robinson,00-0038542,Bijan Robinson,RB,5,32.0,H,5,32.0,1.0,1.0
2025_11_CAR_ATL,11,CAR,Q1,ATL,00-0036139,R.Dowdle,00-0036139,Rico Dowdle,RB,4,11.0,A,5,13.0,0.8,0.8461538461538461
2025_11_CAR_ATL,11,CAR,Q1,ATL,00-0040644,T.Etienne,00-0040644,Trevor Etienne,RB,1,2.0,A,5,13.0,0.2,0.15384615384615385
2025_11_CAR_ATL,11,ATL,Q1,CAR,00-0037263,T.Allgeier,00-0037263,Tyler Allgeier,RB,0,0.0,H,5,32.0,0.0,0.0
2025_11_CAR_ATL,11,CAR,Q1,ATL,00-0036555,C.Hubbard,00-0036555,Chuba Hubbard,RB,0,0.0,A,5,13.0,0.0,0.0
2025_11_CHI_MIN,11,MIN,Q1,CHI,00-0033293,A.Jones,00-0033293,Aaron Jones,RB,8,35.0,H,9,41.0,0.8888888888888888,0.8536585365853658
2025_11_CHI_MIN,11,CHI,Q1,MIN,00-0036275,D.Swift,00-0036275,D'Andre Swift,RB,3,10.0,A,5,14.0,0.6,0.7142857142857143
2025_11_CHI_MIN,11,MIN,Q1,CHI,00-0037525,J.Mason,00-0037525,Jordan Mason,RB,1,6.0,H,9,41.0,0.1111111111111111,0.14634146341463414
2025_11_CHI_MIN,11,CHI,Q1,MIN,00-0040236,K.Monangai,00-0040236,Kyle Monangai,RB,1,4.0,A,5,14.0,0.2,0.2857142857142857
2025_11_CHI_MIN,11,CHI,Q1,MIN,00-0035594,T.Homer,00-0035594,Travis Homer,RB,0,0.0,A,5,14.0,0.0,0.0
2025_11_CIN_PIT,11,PIT,Q1,CIN,00-0037228,J.Warren,00-0037228,Jaylen Warren,RB,5,48.0,H,10,55.0,0.5,0.8727272727272727
2025_11_CIN_PIT,11,PIT,Q1,CIN,00-0036919,K.Gainwell,00-0036919,Kenneth Gainwell,RB,3,4.0,H,10,55.0,0.3,0.07272727272727272
2025_11_CIN_PIT,11,CIN,Q1,PIT,00-0038597,C.Brown,00-0038597,Chase Brown,RB,4,25.0,A,4,25.0,1.0,1.0
2025_11_CIN_PIT,11,CIN,Q1,PIT,00-0040208,T.Brooks,00-0040208,Tahj Brooks,RB,0,0.0,A,4,25.0,0.0,0.0
2025_11_CIN_PIT,11,PIT,Q1,CIN,00-0040142,K.Johnson,00-0040142,Kaleb Johnson,RB,0,0.0,H,10,55.0,0.0,0.0
2025_11_CIN_PIT,11,CIN,Q1,PIT,00-0039266,K.Milton,00-0039266,Kendall Milton,RB,0,0.0,A,4,25.0,0.0,0.0
2025_11_DAL_LV,11,DAL,Q1,LV,00-0036997,J.Williams,00-0036997,Javonte Williams,RB,7,38.0,A,8,44.0,0.875,0.8636363636363636
2025_11_DAL_LV,11,LV,Q1,DAL,00-0040122,A.Jeanty,00-0040122,Ashton Jeanty,RB,1,-1.0,H,1,-1.0,1.0,1.0
2025_11_DAL_LV,11,DAL,Q1,LV,00-0037563,M.Davis,00-0037563,Malik Davis,RB,1,6.0,A,8,44.0,0.125,0.13636363636363635
2025_11_DAL_LV,11,LV,Q1,DAL,00-0031687,R.Mostert,00-0031687,Raheem Mostert,RB,0,0.0,H,1,-1.0,0.0,-0.0
2025_11_DAL_LV,11,DAL,Q1,LV,00-0038738,H.Luepke,00-0038738,Hunter Luepke,RB,0,0.0,A,8,44.0,0.0,0.0
2025_11_DET_PHI,11,PHI,Q1,DET,00-0038555,T.Bigsby,00-0038555,Tank Bigsby,RB,1,5.0,H,8,23.0,0.125,0.21739130434782608
2025_11_DET_PHI,11,PHI,Q1,DET,00-0034844,S.Barkley,00-0034844,Saquon Barkley,RB,6,17.0,H,8,23.0,0.75,0.7391304347826086
2025_11_DET_PHI,11,DET,Q1,PHI,00-0039139,J.Gibbs,00-0039139,Jahmyr Gibbs,RB,1,-1.0,A,5,18.0,0.2,-0.05555555555555555
2025_11_DET_PHI,11,DET,Q1,PHI,00-0035685,D.Montgomery,00-0035685,David Montgomery,RB,3,10.0,A,5,18.0,0.6,0.5555555555555556
2025_11_GB_NYG,11,NYG,Q1,GB,00-0039384,T.Tracy,00-0039384,Tyrone Tracy Jr.,RB,3,13.0,H,6,25.0,0.5,0.52
2025_11_GB_NYG,11,NYG,Q1,GB,00-0035250,D.Singletary,00-0035250,Devin Singletary,RB,3,12.0,H,6,25.0,0.5,0.48
2025_11_GB_NYG,11,GB,Q1,NYG,00-0035700,J.Jacobs,00-0035700,Josh Jacobs,RB,5,36.0,A,10,84.0,0.5,0.42857142857142855
2025_11_GB_NYG,11,GB,Q1,NYG,00-0038685,C.Brooks,00-0038685,Chris Brooks,RB,1,8.0,A,10,84.0,0.1,0.09523809523809523
2025_11_GB_NYG,11,GB,Q1,NYG,00-0038797,E.Wilson,00-0038797,Emanuel Wilson,RB,0,0.0,A,10,84.0,0.0,0.0
2025_11_HOU_TEN,11,HOU,Q1,TEN,00-0040583,W.Marks,00-0040583,Woody Marks,RB,4,5.0,A,4,5.0,1.0,1.0
2025_11_HOU_TEN,11,TEN,Q1,HOU,00-0035261,T.Pollard,00-0035261,Tony Pollard,RB,4,8.0,H,4,8.0,1.0,1.0
2025_11_HOU_TEN,11,TEN,Q1,HOU,00-0039032,T.Spears,00-0039032,Tyjae Spears,RB,0,0.0,H,4,8.0,0.0,0.0
2025_11_HOU_TEN,11,HOU,Q1,TEN,00-0034791,N.Chubb,00-0034791,Nick Chubb,RB,0,0.0,A,4,5.0,0.0,0.0
2025_11_KC_DEN,11,DEN,Q1,KC,00-0040730,R.Harvey,00-0040730,RJ Harvey,RB,3,4.0,H,6,11.0,0.5,0.36363636363636365
2025_11_KC_DEN,11,DEN,Q1,KC,00-0038794,J.McLaughlin,00-0038794,Jaleel McLaughlin,RB,3,7.0,H,6,11.0,0.5,0.6363636363636364
2025_11_KC_DEN,11,KC,Q1,DEN,00-0033923,K.Hunt,00-0033923,Kareem Hunt,RB,2,14.0,A,3,17.0,0.6666666666666666,0.8235294117647058
2025_11_LAC_JAX,11,JAX,Q1,LAC,00-0036973,T.Etienne,00-0036973,Travis Etienne,RB,3,16.0,H,10,48.0,0.3,0.3333333333333333
2025_11_LAC_JAX,11,JAX,Q1,LAC,00-0040719,B.Tuten,00-0040719,Bhayshul Tuten,RB,6,28.0,H,10,48.0,0.6,0.5833333333333334
2025_11_LAC_JAX,11,LAC,Q1,JAX,00-0039391,K.Vidal,00-0039391,Kimani Vidal,RB,3,11.0,A,6,22.0,0.5,0.5
2025_11_LAC_JAX,11,LAC,Q1,JAX,00-0035291,T.Williams,00-0035291,Trayveon Williams,RB,1,2.0,A,6,22.0,0.16666666666666666,0.09090909090909091
2025_11_LAC_JAX,11,LAC,Q1,JAX,00-0040039,A.Johnson,00-0040039,Amar Johnson,RB,0,0.0,A,6,22.0,0.0,0.0
2025_11_LAC_JAX,11,JAX,Q1,LAC,00-0040238,L.Allen,00-0040238,LeQuint Allen Jr.,RB,0,0.0,H,10,48.0,0.0,0.0
2025_11_NYJ_NE,11,NYJ,Q1,NE,00-0038120,B.Hall,00-0038120,Breece Hall,RB,4,17.0,A,11,56.0,0.36363636363636365,0.30357142857142855
2025_11_NYJ_NE,11,NYJ,Q1,NE,00-0039798,I.Davis,00-0039798,Isaiah Davis,RB,2,11.0,A,11,56.0,0.18181818181818182,0.19642857142857142
2025_11_NYJ_NE,11,NE,Q1,NYJ,00-0040734,T.Henderson,00-0040734,TreVeyon Henderson,RB,5,17.0,H,6,21.0,0.8333333333333334,0.8095238095238095
2025_11_NYJ_NE,11,NE,Q1,NYJ,00-0035628,D.Johnson,00-0035628,D'Ernest Johnson,RB,0,0.0,H,6,21.0,0.0,0.0
2025_11_SEA_LA,11,LA,Q1,SEA,00-0037840,K.Williams,00-0037840,Kyren Williams,RB,6,76.0,H,10,79.0,0.6,0.9620253164556962
2025_11_SEA_LA,11,SEA,Q1,LA,00-0038134,K.Walker,00-0038134,Kenneth Walker III,RB,1,5.0,A,4,19.0,0.25,0.2631578947368421
2025_11_SEA_LA,11,LA,Q1,SEA,00-0039738,B.Corum,00-0039738,Blake Corum,RB,4,3.0,H,10,79.0,0.4,0.0379746835443038
2025_11_SEA_LA,11,SEA,Q1,LA,00-0039165,Z.Charbonnet,00-0039165,Zach Charbonnet,RB,1,1.0,A,4,19.0,0.25,0.05263157894736842
2025_11_SEA_LA,11,SEA,Q1,LA,00-0039299,G.Holani,00-0039299,George Holani,RB,0,0.0,A,4,19.0,0.0,0.0
2025_11_SF_ARI,11,SF,Q1,ARI,00-0033280,C.McCaffrey,00-0033280,Christian McCaffrey,RB,3,17.0,A,5,17.0,0.6,1.0
2025_11_SF_ARI,11,ARI,Q1,SF,00-0037157,Z.Knight,00-0037157,Bam Knight,RB,4,20.0,H,6,27.0,0.6666666666666666,0.7407407407407407
2025_11_SF_ARI,11,ARI,Q1,SF,00-0038705,E.Demercado,00-0038705,Emari Demercado,RB,1,5.0,H,6,27.0,0.16666666666666666,0.18518518518518517
2025_11_SF_ARI,11,SF,Q1,ARI,00-0037746,B.Robinson,00-0037746,Brian Robinson,RB,2,0.0,A,5,17.0,0.4,0.0
2025_11_SF_ARI,11,ARI,Q1,SF,00-0036924,M.Carter,00-0036924,Michael Carter,RB,0,0.0,H,6,27.0,0.0,0.0
2025_11_TB_BUF,11,TB,Q1,BUF,00-0037256,R.White,00-0037256,Rachaad White,RB,4,20.0,A,10,47.0,0.4,0.425531914893617
2025_11_TB_BUF,11,TB,Q1,BUF,00-0038951,S.Tucker,00-0038951,Sean Tucker,RB,5,14.0,A,10,47.0,0.5,0.2978723404255319
2025_11_TB_BUF,11,BUF,Q1,TB,00-0037248,J.Cook,00-0037248,James Cook,RB,2,-1.0,H,5,14.0,0.4,-0.07142857142857142
2025_11_TB_BUF,11,BUF,Q1,TB,00-0035537,Ty.Johnson,00-0035537,Ty Johnson,RB,1,9.0,H,5,14.0,0.2,0.6428571428571429
2025_11_WAS_MIA,11,MIA,Q1,WAS,00-0039040,D.Achane,00-0039040,De'Von Achane,RB,5,50.0,H,6,54.0,0.8333333333333334,0.9259259259259259
2025_11_WAS_MIA,11,MIA,Q1,WAS,00-0039874,J.Wright,00-0039874,Jaylen Wright,RB,1,4.0,H,6,54.0,0.16666666666666666,0.07407407407407407
2025_11_WAS_MIA,11,WAS,Q1,MIA,00-0038611,C.Rodriguez,00-0038611,Chris Rodriguez Jr.,RB,5,20.0,A,7,20.0,0.7142857142857143,1.0
2025_11_WAS_MIA,11,MIA,Q1,WAS,00-0040198,O.Gordon,00-0040198,Ollie Gordon II,RB,0,0.0,H,6,54.0,0.0,0.0
2025_11_WAS_MIA,11,WAS,Q1,MIA,00-0040242,J.Croskey-Merritt,00-0040242,Jacory Croskey-Merritt,RB,0,0.0,A,7,20.0,0.0,0.0
2025_11_WAS_MIA,11,WAS,Q1,MIA,00-0033955,J.McNichols,00-0033955,Jeremy McNichols,RB,0,0.0,A,7,20.0,0.0,0.0
2025_12_ATL_NO,12,ATL,Q1,NO,00-0038542,B.Robinson,00-0038542,Bijan Robinson,RB,5,10.0,A,5,10.0,1.0,1.0
2025_12_ATL_NO,12,NO,Q1,ATL,00-0033906,A.Kamara,00-0033906,Alvin Kamara,RB,3,11.0,H,6,13.0,0.5,0.8461538461538461
2025_12_ATL_NO,12,ATL,Q1,NO,00-0037263,T.Allgeier,00-0037263,Tyler Allgeier,RB,0,0.0,A,5,10.0,0.0,0.0
2025_12_ATL_NO,12,NO,Q1,ATL,00-0040202,D.Neal,00-0040202,Devin Neal,RB,0,0.0,H,6,13.0,0.0,0.0
2025_12_BUF_HOU,12,HOU,Q1,BUF,00-0040583,W.Marks,00-0040583,Woody Marks,RB,4,38.0,H,7,54.0,0.5714285714285714,0.7037037037037037
2025_12_BUF_HOU,12,BUF,Q1,HOU,00-0037248,J.Cook,00-0037248,James Cook,RB,6,62.0,A,8,67.0,0.75,0.9253731343283582
2025_12_BUF_HOU,12,HOU,Q1,BUF,00-0034791,N.Chubb,00-0034791,Nick Chubb,RB,3,16.0,H,7,54.0,0.42857142857142855,0.2962962962962963
2025_12_BUF_HOU,12,BUF,Q1,HOU,00-0035537,Ty.Johnson,00-0035537,Ty Johnson,RB,0,0.0,A,8,67.0,0.0,0.0
2025_12_CAR_SF,12,SF,Q1,CAR,00-0033280,C.McCaffrey,00-0033280,Christian McCaffrey,RB,7,32.0,H,9,43.0,0.7777777777777778,0.7441860465116279
2025_12_CAR_SF,12,SF,Q1,CAR,00-0037746,B.Robinson,00-0037746,Brian Robinson,RB,2,11.0,H,9,43.0,0.2222222222222222,0.2558139534883721
2025_12_CAR_SF,12,CAR,Q1,SF,00-0036139,R.Dowdle,00-0036139,Rico Dowdle,RB,2,7.0,A,5,29.0,0.4,0.2413793103448276
2025_12_CAR_SF,12,CAR,Q1,SF,00-0036555,C.Hubbard,00-0036555,Chuba Hubbard,RB,1,10.0,A,5,29.0,0.2,0.3448275862068966
2025_12_CLE_LV,12,CLE,Q1,LV,00-0040784,Q.Judkins,00-0040784,Quinshon Judkins,RB,5,17.0,A,6,14.0,0.8333333333333334,1.2142857142857142
2025_12_CLE_LV,12,LV,Q1,CLE,00-0040122,A.Jeanty,00-0040122,Ashton Jeanty,RB,4,7.0,H,5,11.0,0.8,0.6363636363636364
2025_12_CLE_LV,12,CLE,Q1,LV,00-0040162,D.Sampson,00-0040162,Dylan Sampson,RB,1,-3.0,A,6,14.0,0.16666666666666666,-0.21428571428571427
2025_12_CLE_LV,12,LV,Q1,CLE,00-0031687,R.Mostert,00-0031687,Raheem Mostert,RB,0,0.0,H,5,11.0,0.0,0.0
2025_12_CLE_LV,12,CLE,Q1,LV,00-0037267,J.Ford,00-0037267,Jerome Ford,RB,0,0.0,A,6,14.0,0.0,0.0
2025_12_IND_KC,12,IND,Q1,KC,00-0036223,J.Taylor,00-0036223,Jonathan Taylor,RB,4,8.0,A,4,8.0,1.0,1.0
2025_12_IND_KC,12,KC,Q1,IND,00-0033923,K.Hunt,00-0033923,Kareem Hunt,RB,6,27.0,H,8,28.0,0.75,0.9642857142857143
2025_12_IND_KC,12,KC,Q1,IND,00-0036360,C.Edwards-Helaire,00-0036360,Clyde Edwards-Helaire,RB,1,0.0,H,8,28.0,0.125,0.0
2025_12_IND_KC,12,KC,Q1,IND,00-0040078,B.Smith,00-0040078,Brashard Smith,RB,0,0.0,H,8,28.0,0.0,0.0
2025_12_JAX_ARI,12,ARI,Q1,JAX,00-0037157,Z.Knight,00-0037157,Bam Knight,RB,3,7.0,H,4,7.0,0.75,1.0
2025_12_JAX_ARI,12,JAX,Q1,ARI,00-0036973,T.Etienne,00-0036973,Travis Etienne,RB,3,51.0,A,6,71.0,0.5,0.7183098591549296
2025_12_JAX_ARI,12,JAX,Q1,ARI,00-0040719,B.Tuten,00-0040719,Bhayshul Tuten,RB,1,3.0,A,6,71.0,0.16666666666666666,0.04225352112676056
2025_12_JAX_ARI,12,ARI,Q1,JAX,00-0036924,M.Carter,00-0036924,Michael Carter,RB,0,0.0,H,4,7.0,0.0,0.0
2025_12_JAX_ARI,12,JAX,Q1,ARI,00-0040238,L.Allen,00-0040238,LeQuint Allen Jr.,RB,0,0.0,A,6,71.0,0.0,0.0
2025_12_MIN_GB,12,MIN,Q1,GB,00-0033293,A.Jones,00-0033293,Aaron Jones,RB,4,23.0,A,7,29.0,0.5714285714285714,0.7931034482758621
2025_12_MIN_GB,12,GB,Q1,MIN,00-0038797,E.Wilson,00-0038797,Emanuel Wilson,RB,6,17.0,H,6,17.0,1.0,1.0
2025_12_MIN_GB,12,MIN,Q1,GB,00-0037525,J.Mason,00-0037525,Jordan Mason,RB,2,6.0,A,7,29.0,0.2857142857142857,0.20689655172413793
2025_12_MIN_GB,12,GB,Q1,MIN,00-0038685,C.Brooks,00-0038685,Chris Brooks,RB,0,0.0,H,6,17.0,0.0,0.0
2025_12_NE_CIN,12,NE,Q1,CIN,00-0040734,T.Henderson,00-0040734,TreVeyon Henderson,RB,4,11.0,A,4,11.0,1.0,1.0
2025_12_NE_CIN,12,CIN,Q1,NE,00-0038597,C.Brown,00-0038597,Chase Brown,RB,6,37.0,H,9,47.0,0.6666666666666666,0.7872340425531915
2025_12_NE_CIN,12,CIN,Q1,NE,00-0040208,T.Brooks,00-0040208,Tahj Brooks,RB,2,5.0,H,9,47.0,0.2222222222222222,0.10638297872340426
2025_12_NE_CIN,12,NE,Q1,CIN,00-0036875,R.Stevenson,00-0036875,Rhamondre Stevenson,RB,0,0.0,A,4,11.0,0.0,0.0
2025_12_NE_CIN,12,NE,Q1,CIN,00-0039757,T.Jennings,00-0039757,Terrell Jennings,RB,0,0.0,A,4,11.0,0.0,0.0
2025_12_NYG_DET,12,NYG,Q1,DET,00-0039384,T.Tracy,00-0039384,Tyrone Tracy Jr.,RB,7,14.0,A,9,15.0,0.7777777777777778,0.9333333333333333
2025_12_NYG_DET,12,DET,Q1,NYG,00-0039139,J.Gibbs,00-0039139,Jahmyr Gibbs,RB,5,19.0,H,5,19.0,1.0,1.0
2025_12_NYG_DET,12,NYG,Q1,DET,00-0035250,D.Singletary,00-0035250,Devin Singletary,RB,2,1.0,A,9,15.0,0.2222222222222222,0.06666666666666667
2025_12_NYG_DET,12,DET,Q1,NYG,00-0035685,D.Montgomery,00-0035685,David Montgomery,RB,0,0.0,H,5,19.0,0.0,0.0
2025_12_NYJ_BAL,12,NYJ,Q1,BAL,00-0038120,B.Hall,00-0038120,Breece Hall,RB,7,20.0,A,11,33.0,0.6363636363636364,0.6060606060606061
2025_12_NYJ_BAL,12,BAL,Q1,NYJ,00-0032764,D.Henry,00-0032764,Derrick Henry,RB,4,10.0,H,7,18.0,0.5714285714285714,0.5555555555555556
2025_12_NYJ_BAL,12,NYJ,Q1,BAL,00-0039798,I.Davis,00-0039798,Isaiah Davis,RB,3,5.0,A,11,33.0,0.2727272727272727,0.15151515151515152
2025_12_NYJ_BAL,12,BAL,Q1,NYJ,00-0038454,K.Mitchell,00-0038454,Keaton Mitchell,RB,0,0.0,H,7,18.0,0.0,0.0
2025_12_PHI_DAL,12,DAL,Q1,PHI,00-0036997,J.Williams,00-0036997,Javonte Williams,RB,5,29.0,H,7,32.0,0.7142857142857143,0.90625
2025_12_PHI_DAL,12,PHI,Q1,DAL,00-0034844,S.Barkley,00-0034844,Saquon Barkley,RB,4,10.0,A,6,21.0,0.6666666666666666,0.47619047619047616
2025_12_PHI_DAL,12,PHI,Q1,DAL,00-0038555,T.Bigsby,00-0038555,Tank Bigsby,RB,0,0.0,A,6,21.0,0.0,0.0
2025_12_PHI_DAL,12,DAL,Q1,PHI,00-0037563,M.Davis,00-0037563,Malik Davis,RB,0,0.0,H,7,32.0,0.0,0.0
2025_12_PIT_CHI,12,CHI,Q1,PIT,00-0036275,D.Swift,00-0036275,D'Andre Swift,RB,3,8.0,H,7,32.0,0.42857142857142855,0.25
2025_12_PIT_CHI,12,PIT,Q1,CHI,00-0036919,K.Gainwell,00-0036919,Kenneth Gainwell,RB,3,19.0,A,8,48.0,0.375,0.3958333333333333
2025_12_PIT_CHI,12,CHI,Q1,PIT,00-0040236,K.Monangai,00-0040236,Kyle Monangai,RB,3,15.0,H,7,32.0,0.42857142857142855,0.46875
2025_12_PIT_CHI,12,PIT,Q1,CHI,00-0037228,J.Warren,00-0037228,Jaylen Warren,RB,3,17.0,A,8,48.0,0.375,0.3541666666666667
2025_12_SEA_TEN,12,TEN,Q1,SEA,00-0035261,T.Pollard,00-0035261,Tony Pollard,RB,4,13.0,H,8,35.0,0.5,0.37142857142857144
2025_12_SEA_TEN,12,TEN,Q1,SEA,00-0039032,T.Spears,00-0039032,Tyjae Spears,RB,1,1.0,H,8,35.0,0.125,0.02857142857142857
2025_12_SEA_TEN,12,TEN,Q1,SEA,00-0037594,J.Chestnut,00-0037594,Julius Chestnut,RB,1,3.0,H,8,35.0,0.125,0.08571428571428572
2025_12_SEA_TEN,12,SEA,Q1,TEN,00-0038134,K.Walker,00-0038134,Kenneth Walker III,RB,2,11.0,A,3,16.0,0.6666666666666666,0.6875
2025_12_SEA_TEN,12,SEA,Q1,TEN,00-0039165,Z.Charbonnet,00-0039165,Zach Charbonnet,RB,0,0.0,A,3,16.0,0.0,0.0
2025_12_TB_LA,12,TB,Q1,LA,00-0037256,R.White,00-0037256,Rachaad White,RB,2,7.0,A,8,32.0,0.25,0.21875
2025_12_TB_LA,12,TB,Q1,LA,00-0038951,S.Tucker,00-0038951,Sean Tucker,RB,4,16.0,A,8,32.0,0.5,0.5
2025_12_TB_LA,12,LA,Q1,TB,00-0037840,K.Williams,00-0037840,Kyren Williams,RB,1,1.0,H,3,12.0,0.3333333333333333,0.08333333333333333
2025_12_TB_LA,12,LA,Q1,TB,00-0039738,B.Corum,00-0039738,Blake Corum,RB,2,11.0,H,3,12.0,0.6666666666666666,0.9166666666666666
2025_12_TB_LA,12,TB,Q1,LA,00-0038458,O.Wright,00-0038458,Owen Wright,RB,0,0.0,A,8,32.0,0.0,0.0
2025_13_ARI_TB,13,TB,Q1,ARI,00-0037256,R.White,00-0037256,Rachaad White,RB,1,2.0,H,4,13.0,0.25,0.15384615384615385
2025_13_ARI_TB,13,ARI,Q1,TB,00-0037157,Z.Knight,00-0037157,Bam Knight,RB,4,31.0,A,4,31.0,1.0,1.0
2025_13_ARI_TB,13,TB,Q1,ARI,00-0039361,B.Irving,00-0039361,Bucky Irving,RB,3,11.0,H,4,13.0,0.75,0.8461538461538461
2025_13_ARI_TB,13,TB,Q1,ARI,00-0038951,S.Tucker,00-0038951,Sean Tucker,RB,0,0.0,H,4,13.0,0.0,0.0
2025_13_ARI_TB,13,ARI,Q1,TB,00-0036924,M.Carter,00-0036924,Michael Carter,RB,0,0.0,A,4,31.0,0.0,0.0
2025_13_ATL_NYJ,13,ATL,Q1,NYJ,00-0038542,B.Robinson,00-0038542,Bijan Robinson,RB,5,32.0,A,7,36.0,0.7142857142857143,0.8888888888888888
2025_13_ATL_NYJ,13,ATL,Q1,NYJ,00-0037263,T.Allgeier,00-0037263,Tyler Allgeier,RB,1,-1.0,A,7,36.0,0.14285714285714285,-0.027777777777777776
2025_13_ATL_NYJ,13,NYJ,Q1,ATL,00-0038120,B.Hall,00-0038120,Breece Hall,RB,4,17.0,H,6,26.0,0.6666666666666666,0.6538461538461539
2025_13_BUF_PIT,13,BUF,Q1,PIT,00-0037248,J.Cook,00-0037248,James Cook,RB,7,42.0,A,10,67.0,0.7,0.6268656716417911
2025_13_BUF_PIT,13,PIT,Q1,BUF,00-0037228,J.Warren,00-0037228,Jaylen Warren,RB,5,18.0,H,6,20.0,0.8333333333333334,0.9
2025_13_BUF_PIT,13,BUF,Q1,PIT,00-0039875,R.Davis,00-0039875,Ray Davis,RB,3,25.0,A,10,67.0,0.3,0.373134328358209
2025_13_BUF_PIT,13,PIT,Q1,BUF,00-0036919,K.Gainwell,00-0036919,Kenneth Gainwell,RB,1,2.0,H,6,20.0,0.16666666666666666,0.1
2025_13_BUF_PIT,13,BUF,Q1,PIT,00-0035537,Ty.Johnson,00-0035537,Ty Johnson,RB,0,0.0,A,10,67.0,0.0,0.0
2025_13_BUF_PIT,13,PIT,Q1,BUF,00-0040142,K.Johnson,00-0040142,Kaleb Johnson,RB,0,0.0,H,6,20.0,0.0,0.0
2025_13_CHI_PHI,13,CHI,Q1,PHI,00-0036275,D.Swift,00-0036275,D'Andre Swift,RB,6,43.0,A,13,84.0,0.46153846153846156,0.5119047619047619
2025_13_CHI_PHI,13,CHI,Q1,PHI,00-0040236,K.Monangai,00-0040236,Kyle Monangai,RB,6,38.0,A,13,84.0,0.46153846153846156,0.4523809523809524
2025_13_CHI_PHI,13,PHI,Q1,CHI,00-0034844,S.Barkley,00-0034844,Saquon Barkley,RB,3,19.0,H,4,22.0,0.75,0.8636363636363636
2025_13_CIN_BAL,13,CIN,Q1,BAL,00-0038597,C.Brown,00-0038597,Chase Brown,RB,4,13.0,A,6,16.0,0.6666666666666666,0.8125
2025_13_CIN_BAL,13,BAL,Q1,CIN,00-0032764,D.Henry,00-0032764,Derrick Henry,RB,5,33.0,H,6,44.0,0.8333333333333334,0.75
2025_13_CIN_BAL,13,CIN,Q1,BAL,00-0033526,S.Perine,00-0033526,Samaje Perine,RB,1,0.0,A,6,16.0,0.16666666666666666,0.0
2025_13_CIN_BAL,13,BAL,Q1,CIN,00-0038454,K.Mitchell,00-0038454,Keaton Mitchell,RB,0,0.0,H,6,44.0,0.0,0.0
2025_13_CIN_BAL,13,BAL,Q1,CIN,00-0039796,R.Ali,00-0039796,Rasheen Ali,RB,0,0.0,H,6,44.0,0.0,0.0
2025_13_DEN_WAS,13,DEN,Q1,WAS,00-0040730,R.Harvey,00-0040730,RJ Harvey,RB,3,16.0,A,4,17.0,0.75,0.9411764705882353
2025_13_DEN_WAS,13,WAS,Q1,DEN,00-0038611,C.Rodriguez,00-0038611,Chris Rodriguez Jr.,RB,5,18.0,H,8,35.0,0.625,0.5142857142857142
2025_13_DEN_WAS,13,DEN,Q1,WAS,00-0038794,J.McLaughlin,00-0038794,Jaleel McLaughlin,RB,1,1.0,A,4,17.0,0.25,0.058823529411764705
2025_13_DEN_WAS,13,WAS,Q1,DEN,00-0033955,J.McNichols,00-0033955,Jeremy McNichols,RB,1,16.0,H,8,35.0,0.125,0.45714285714285713
2025_13_DEN_WAS,13,DEN,Q1,WAS,00-0036727,A.Prentice,00-0036727,Adam Prentice,RB,0,0.0,A,4,17.0,0.0,0.0
2025_13_DEN_WAS,13,WAS,Q1,DEN,00-0040242,J.Croskey-Merritt,00-0040242,Jacory Croskey-Merritt,RB,0,0.0,H,8,35.0,0.0,0.0
2025_13_GB_DET,13,GB,Q1,DET,00-0035700,J.Jacobs,00-0035700,Josh Jacobs,RB,6,48.0,A,11,65.0,0.5454545454545454,0.7384615384615385
2025_13_GB_DET,13,GB,Q1,DET,00-0038797,E.Wilson,00-0038797,Emanuel Wilson,RB,3,10.0,A,11,65.0,0.2727272727272727,0.15384615384615385
2025_13_GB_DET,13,DET,Q1,GB,00-0039139,J.Gibbs,00-0039139,Jahmyr Gibbs,RB,3,16.0,H,4,16.0,0.75,1.0
2025_13_GB_DET,13,DET,Q1,GB,00-0035685,D.Montgomery,00-0035685,David Montgomery,RB,1,0.0,H,4,16.0,0.25,0.0
2025_13_HOU_IND,13,HOU,Q1,IND,00-0040583,W.Marks,00-0040583,Woody Marks,RB,3,0.0,A,6,5.0,0.5,0.0
2025_13_HOU_IND,13,HOU,Q1,IND,00-0034791,N.Chubb,00-0034791,Nick Chubb,RB,2,5.0,A,6,5.0,0.3333333333333333,1.0
2025_13_HOU_IND,13,IND,Q1,HOU,00-0036223,J.Taylor,00-0036223,Jonathan Taylor,RB,4,23.0,H,5,24.0,0.8,0.9583333333333334
2025_13_JAX_TEN,13,JAX,Q1,TEN,00-0036973,T.Etienne,00-0036973,Travis Etienne,RB,4,12.0,A,7,29.0,0.5714285714285714,0.41379310344827586
2025_13_JAX_TEN,13,TEN,Q1,JAX,00-0035261,T.Pollard,00-0035261,Tony Pollard,RB,3,36.0,H,5,39.0,0.6,0.9230769230769231
2025_13_JAX_TEN,13,TEN,Q1,JAX,00-0039032,T.Spears,00-0039032,Tyjae Spears,RB,1,2.0,H,5,39.0,0.2,0.05128205128205128
2025_13_JAX_TEN,13,JAX,Q1,TEN,00-0040719,B.Tuten,00-0040719,Bhayshul Tuten,RB,2,3.0,A,7,29.0,0.2857142857142857,0.10344827586206896
2025_13_KC_DAL,13,DAL,Q1,KC,00-0036997,J.Williams,00-0036997,Javonte Williams,RB,4,5.0,H,5,8.0,0.8,0.625
2025_13_KC_DAL,13,DAL,Q1,KC,00-0037563,M.Davis,00-0037563,Malik Davis,RB,1,3.0,H,5,8.0,0.2,0.375
2025_13_KC_DAL,13,KC,Q1,DAL,00-0033923,K.Hunt,00-0033923,Kareem Hunt,RB,4,26.0,A,9,66.0,0.4444444444444444,0.3939393939393939
2025_13_KC_DAL,13,KC,Q1,DAL,00-0037197,I.Pacheco,00-0037197,Isiah Pacheco,RB,1,9.0,A,9,66.0,0.1111111111111111,0.13636363636363635
2025_13_LA_CAR,13,LA,Q1,CAR,00-0037840,K.Williams,00-0037840,Kyren Williams,RB,3,17.0,A,6,50.0,0.5,0.34
2025_13_LA_CAR,13,CAR,Q1,LA,00-0036139,R.Dowdle,00-0036139,Rico Dowdle,RB,4,4.0,H,7,19.0,0.5714285714285714,0.21052631578947367
2025_13_LA_CAR,13,CAR,Q1,LA,00-0036555,C.Hubbard,00-0036555,Chuba Hubbard,RB,3,15.0,H,7,19.0,0.42857142857142855,0.7894736842105263
2025_13_LA_CAR,13,LA,Q1,CAR,00-0039738,B.Corum,00-0039738,Blake Corum,RB,3,33.0,A,6,50.0,0.5,0.66
2025_13_LV_LAC,13,LV,Q1,LAC,00-0040122,A.Jeanty,00-0040122,Ashton Jeanty,RB,3,6.0,A,3,6.0,1.0,1.0
2025_13_LV_LAC,13,LAC,Q1,LV,00-0039391,K.Vidal,00-0039391,Kimani Vidal,RB,7,25.0,H,11,38.0,0.6363636363636364,0.6578947368421053
2025_13_LV_LAC,13,LAC,Q1,LV,00-0036755,J.Patterson,00-0036755,Jaret Patterson,RB,2,9.0,H,11,38.0,0.18181818181818182,0.23684210526315788
2025_13_LV_LAC,13,LV,Q1,LAC,00-0031687,R.Mostert,00-0031687,Raheem Mostert,RB,0,0.0,A,3,6.0,0.0,0.0
2025_13_MIN_SEA,13,MIN,Q1,SEA,00-0033293,A.Jones,00-0033293,Aaron Jones,RB,3,6.0,A,4,8.0,0.75,0.75
2025_13_MIN_SEA,13,SEA,Q1,MIN,00-0038134,K.Walker,00-0038134,Kenneth Walker III,RB,5,11.0,H,6,13.0,0.8333333333333334,0.8461538461538461
2025_13_MIN_SEA,13,MIN,Q1,SEA,00-0037525,J.Mason,00-0037525,Jordan Mason,RB,1,2.0,A,4,8.0,0.25,0.25
2025_13_MIN_SEA,13,SEA,Q1,MIN,00-0039165,Z.Charbonnet,00-0039165,Zach Charbonnet,RB,0,0.0,H,6,13.0,0.0,0.0
2025_13_MIN_SEA,13,MIN,Q1,SEA,00-0038440,Z.Scott,00-0038440,Zavier Scott,RB,0,0.0,A,4,8.0,0.0,0.0
2025_13_MIN_SEA,13,SEA,Q1,MIN,00-0035311,M.Gaskin,00-0035311,Myles Gaskin,RB,0,0.0,H,6,13.0,0.0,0.0
2025_13_NO_MIA,13,MIA,Q1,NO,00-0039040,D.Achane,00-0039040,De'Von Achane,RB,5,45.0,H,7,62.0,0.7142857142857143,0.7258064516129032
2025_13_NO_MIA,13,MIA,Q1,NO,00-0039874,J.Wright,00-0039874,Jaylen Wright,RB,1,8.0,H,7,62.0,0.14285714285714285,0.12903225806451613
2025_13_NO_MIA,13,NO,Q1,MIA,00-0040202,D.Neal,00-0040202,Devin Neal,RB,2,0.0,A,3,-1.0,0.6666666666666666,-0.0
2025_13_NO_MIA,13,MIA,Q1,NO,00-0040198,O.Gordon,00-0040198,Ollie Gordon II,RB,1,9.0,H,7,62.0,0.14285714285714285,0.14516129032258066
2025_13_NO_MIA,13,NO,Q1,MIA,00-0038397,E.Hull,00-0038397,Evan Hull,RB,0,0.0,A,3,-1.0,0.0,-0.0
2025_13_NYG_NE,13,NE,Q1,NYG,00-0036875,R.Stevenson,00-0036875,Rhamondre Stevenson,RB,4,28.0,H,6,32.0,0.6666666666666666,0.875
2025_13_NYG_NE,13,NE,Q1,NYG,00-0040734,T.Henderson,00-0040734,TreVeyon Henderson,RB,1,1.0,H,6,32.0,0.16666666666666666,0.03125
2025_13_NYG_NE,13,NYG,Q1,NE,00-0039384,T.Tracy,00-0039384,Tyrone Tracy Jr.,RB,2,3.0,A,5,22.0,0.4,0.13636363636363635
2025_13_NYG_NE,13,NYG,Q1,NE,00-0035250,D.Singletary,00-0035250,Devin Singletary,RB,2,7.0,A,5,22.0,0.4,0.3181818181818182
2025_13_SF_CLE,13,CLE,Q1,SF,00-0040784,Q.Judkins,00-0040784,Quinshon Judkins,RB,8,26.0,H,10,34.0,0.8,0.7647058823529411
2025_13_SF_CLE,13,SF,Q1,CLE,00-0033280,C.McCaffrey,00-0033280,Christian McCaffrey,RB,3,4.0,A,5,5.0,0.6,0.8
2025_13_SF_CLE,13,SF,Q1,CLE,00-0037746,B.Robinson,00-0037746,Brian Robinson,RB,2,1.0,A,5,5.0,0.4,0.2
2025_13_SF_CLE,13,CLE,Q1,SF,00-0040162,D.Sampson,00-0040162,Dylan Sampson,RB,2,8.0,H,10,34.0,0.2,0.23529411764705882
2025_14_CHI_GB,14,CHI,Q1,GB,00-0036275,D.Swift,00-0036275,D'Andre Swift,RB,4,18.0,A,4,18.0,1.0,1.0
2025_14_CHI_GB,14,GB,Q1,CHI,00-0035700,J.Jacobs,00-0035700,Josh Jacobs,RB,7,28.0,H,9,40.0,0.7777777777777778,0.7
2025_14_CHI_GB,14,GB,Q1,CHI,00-0038797,E.Wilson,00-0038797,Emanuel Wilson,RB,1,5.0,H,9,40.0,0.1111111111111111,0.125
2025_14_CHI_GB,14,CHI,Q1,GB,00-0040236,K.Monangai,00-0040236,Kyle Monangai,RB,0,0.0,A,4,18.0,0.0,0.0
2025_14_CIN_BUF,14,CIN,Q1,BUF,00-0038597,C.Brown,00-0038597,Chase Brown,RB,7,12.0,A,9,19.0,0.7777777777777778,0.631578947368421
2025_14_CIN_BUF,14,CIN,Q1,BUF,00-0033526,S.Perine,00-0033526,Samaje Perine,RB,2,7.0,A,9,19.0,0.2222222222222222,0.3684210526315789
2025_14_CIN_BUF,14,BUF,Q1,CIN,00-0037248,J.Cook,00-0037248,James Cook,RB,2,6.0,H,4,26.0,0.5,0.23076923076923078
2025_14_CIN_BUF,14,BUF,Q1,CIN,00-0035537,Ty.Johnson,00-0035537,Ty Johnson,RB,1,23.0,H,4,26.0,0.25,0.8846153846153846
2025_14_DAL_DET,14,DET,Q1,DAL,00-0039139,J.Gibbs,00-0039139,Jahmyr Gibbs,RB,3,18.0,H,5,27.0,0.6,0.6666666666666666
2025_14_DAL_DET,14,DAL,Q1,DET,00-0036997,J.Williams,00-0036997,Javonte Williams,RB,6,18.0,A,6,18.0,1.0,1.0
2025_14_DAL_DET,14,DET,Q1,DAL,00-0035685,D.Montgomery,00-0035685,David Montgomery,RB,1,2.0,H,5,27.0,0.2,0.07407407407407407
2025_14_DAL_DET,14,DAL,Q1,DET,00-0037563,M.Davis,00-0037563,Malik Davis,RB,0,0.0,A,6,18.0,0.0,0.0
2025_14_DEN_LV,14,DEN,Q1,LV,00-0040730,R.Harvey,00-0040730,RJ Harvey,RB,3,30.0,A,6,44.0,0.5,0.6818181818181818
2025_14_DEN_LV,14,DEN,Q1,LV,00-0037085,T.Badie,00-0037085,Tyler Badie,RB,2,6.0,A,6,44.0,0.3333333333333333,0.13636363636363635
2025_14_DEN_LV,14,LV,Q1,DEN,00-0040122,A.Jeanty,00-0040122,Ashton Jeanty,RB,4,17.0,H,4,17.0,1.0,1.0
2025_14_DEN_LV,14,DEN,Q1,LV,00-0038794,J.McLaughlin,00-0038794,Jaleel McLaughlin,RB,0,0.0,A,6,44.0,0.0,0.0
2025_14_DEN_LV,14,DEN,Q1,LV,00-0036727,A.Prentice,00-0036727,Adam Prentice,RB,0,0.0,A,6,44.0,0.0,0.0
2025_14_HOU_KC,14,KC,Q1,HOU,00-0037197,I.Pacheco,00-0037197,Isiah Pacheco,RB,5,17.0,H,8,37.0,0.625,0.4594594594594595
2025_14_HOU_KC,14,HOU,Q1,KC,00-0040583,W.Marks,00-0040583,Woody Marks,RB,6,19.0,A,6,19.0,1.0,1.0
2025_14_HOU_KC,14,KC,Q1,HOU,00-0033923,K.Hunt,00-0033923,Kareem Hunt,RB,1,2.0,H,8,37.0,0.125,0.05405405405405406
2025_14_HOU_KC,14,HOU,Q1,KC,00-0034791,N.Chubb,00-0034791,Nick Chubb,RB,0,0.0,A,6,19.0,0.0,0.0
2025_14_HOU_KC,14,KC,Q1,HOU,00-0040078,B.Smith,00-0040078,Brashard Smith,RB,0,0.0,H,8,37.0,0.0,0.0
2025_14_HOU_KC,14,HOU,Q1,KC,00-0033854,D.Ogunbowale,00-0033854,Dare Ogunbowale,RB,0,0.0,A,6,19.0,0.0,0.0
2025_14_IND_JAX,14,JAX,Q1,IND,00-0036973,T.Etienne,00-0036973,Travis Etienne,RB,4,7.0,H,4,7.0,1.0,1.0
2025_14_IND_JAX,14,IND,Q1,JAX,00-0036223,J.Taylor,00-0036223,Jonathan Taylor,RB,6,22.0,A,8,28.0,0.75,0.7857142857142857
2025_14_IND_JAX,14,IND,Q1,JAX,00-0032104,A.Abdullah,00-0032104,Ameer Abdullah,RB,0,0.0,A,8,28.0,0.0,0.0
2025_14_IND_JAX,14,JAX,Q1,IND,00-0040719,B.Tuten,00-0040719,Bhayshul Tuten,RB,0,0.0,H,4,7.0,0.0,0.0
2025_14_LA_ARI,14,ARI,Q1,LA,00-0037157,Z.Knight,00-0037157,Bam Knight,RB,3,5.0,H,5,20.0,0.6,0.25
2025_14_LA_ARI,14,LA,Q1,ARI,00-0037840,K.Williams,00-0037840,Kyren Williams,RB,3,30.0,A,9,78.0,0.3333333333333333,0.38461538461538464
2025_14_LA_ARI,14,LA,Q1,ARI,00-0039738,B.Corum,00-0039738,Blake Corum,RB,6,48.0,A,9,78.0,0.6666666666666666,0.6153846153846154
2025_14_LA_ARI,14,ARI,Q1,LA,00-0036924,M.Carter,00-0036924,Michael Carter,RB,0,0.0,H,5,20.0,0.0,0.0
2025_14_LA_ARI,14,LA,Q1,ARI,00-0037557,R.Rivers,00-0037557,Ronnie Rivers,RB,0,0.0,A,9,78.0,0.0,0.0
2025_14_MIA_NYJ,14,MIA,Q1,NYJ,00-0039040,D.Achane,00-0039040,De'Von Achane,RB,5,62.0,A,9,96.0,0.5555555555555556,0.6458333333333334
2025_14_MIA_NYJ,14,NYJ,Q1,MIA,00-0038120,B.Hall,00-0038120,Breece Hall,RB,4,12.0,H,4,12.0,1.0,1.0
2025_14_MIA_NYJ,14,MIA,Q1,NYJ,00-0039874,J.Wright,00-0039874,Jaylen Wright,RB,2,9.0,A,9,96.0,0.2222222222222222,0.09375
2025_14_MIA_NYJ,14,NYJ,Q1,MIA,00-0039798,I.Davis,00-0039798,Isaiah Davis,RB,0,0.0,H,4,12.0,0.0,0.0
2025_14_MIA_NYJ,14,MIA,Q1,NYJ,00-0040198,O.Gordon,00-0040198,Ollie Gordon II,RB,0,0.0,A,9,96.0,0.0,0.0
2025_14_NO_TB,14,NO,Q1,TB,00-0040202,D.Neal,00-0040202,Devin Neal,RB,2,6.0,A,4,14.0,0.5,0.42857142857142855
2025_14_NO_TB,14,TB,Q1,NO,00-0039361,B.Irving,00-0039361,Bucky Irving,RB,5,4.0,H,7,11.0,0.7142857142857143,0.36363636363636365
2025_14_NO_TB,14,TB,Q1,NO,00-0037256,R.White,00-0037256,Rachaad White,RB,2,7.0,H,7,11.0,0.2857142857142857,0.6363636363636364
2025_14_NO_TB,14,TB,Q1,NO,00-0038951,S.Tucker,00-0038951,Sean Tucker,RB,0,0.0,H,7,11.0,0.0,0.0
2025_14_NO_TB,14,NO,Q1,TB,00-0038397,E.Hull,00-0038397,Evan Hull,RB,0,0.0,A,4,14.0,0.0,0.0
2025_14_NO_TB,14,NO,Q1,TB,00-0039373,A.Estime,00-0039373,Audric Estimé,RB,0,0.0,A,4,14.0,0.0,0.0
2025_14_PHI_LAC,14,PHI,Q1,LAC,00-0034844,S.Barkley,00-0034844,Saquon Barkley,RB,6,40.0,A,8,41.0,0.75,0.975609756097561
2025_14_PHI_LAC,14,LAC,Q1,PHI,00-0039391,K.Vidal,00-0039391,Kimani Vidal,RB,1,3.0,H,4,12.0,0.25,0.25
2025_14_PHI_LAC,14,LAC,Q1,PHI,00-0040666,O.Hampton,00-0040666,Omarion Hampton,RB,3,9.0,H,4,12.0,0.75,0.75
2025_14_PHI_LAC,14,PHI,Q1,LAC,00-0038555,T.Bigsby,00-0038555,Tank Bigsby,RB,0,0.0,A,8,41.0,0.0,0.0
2025_14_PIT_BAL,14,BAL,Q1,PIT,00-0032764,D.Henry,00-0032764,Derrick Henry,RB,5,12.0,H,11,43.0,0.45454545454545453,0.27906976744186046
2025_14_PIT_BAL,14,BAL,Q1,PIT,00-0038454,K.Mitchell,00-0038454,Keaton Mitchell,RB,4,18.0,H,11,43.0,0.36363636363636365,0.4186046511627907
2025_14_PIT_BAL,14,PIT,Q1,BAL,00-0037228,J.Warren,00-0037228,Jaylen Warren,RB,2,7.0,A,6,16.0,0.3333333333333333,0.4375
2025_14_PIT_BAL,14,PIT,Q1,BAL,00-0036919,K.Gainwell,00-0036919,Kenneth Gainwell,RB,1,1.0,A,6,16.0,0.16666666666666666,0.0625
2025_14_PIT_BAL,14,PIT,Q1,BAL,00-0040142,K.Johnson,00-0040142,Kaleb Johnson,RB,1,5.0,A,6,16.0,0.16666666666666666,0.3125
2025_14_PIT_BAL,14,BAL,Q1,PIT,00-0039796,R.Ali,00-0039796,Rasheen Ali,RB,0,0.0,H,11,43.0,0.0,0.0
2025_14_SEA_ATL,14,ATL,Q1,SEA,00-0038542,B.Robinson,00-0038542,Bijan Robinson,RB,6,34.0,H,7,35.0,0.8571428571428571,0.9714285714285714
2025_14_SEA_ATL,14,ATL,Q1,SEA,00-0037263,T.Allgeier,00-0037263,Tyler Allgeier,RB,1,1.0,H,7,35.0,0.14285714285714285,0.02857142857142857
2025_14_SEA_ATL,14,SEA,Q1,ATL,00-0038134,K.Walker,00-0038134,Kenneth Walker III,RB,4,14.0,A,6,40.0,0.6666666666666666,0.35
2025_14_SEA_ATL,14,SEA,Q1,ATL,00-0039165,Z.Charbonnet,00-0039165,Zach Charbonnet,RB,1,27.0,A,6,40.0,0.16666666666666666,0.675
2025_14_SEA_ATL,14,SEA,Q1,ATL,00-0037745,V.Jones,00-0037745,Velus Jones Jr.,RB,0,0.0,A,6,40.0,0.0,0.0
2025_14_TEN_CLE,14,TEN,Q1,CLE,00-0035261,T.Pollard,00-0035261,Tony Pollard,RB,8,87.0,A,10,92.0,0.8,0.9456521739130435
2025_14_TEN_CLE,14,CLE,Q1,TEN,00-0040784,Q.Judkins,00-0040784,Quinshon Judkins,RB,4,-2.0,H,4,-2.0,1.0,1.0
2025_14_TEN_CLE,14,TEN,Q1,CLE,00-0039032,T.Spears,00-0039032,Tyjae Spears,RB,1,3.0,A,10,92.0,0.1,0.03260869565217391
2025_14_TEN_CLE,14,CLE,Q1,TEN,00-0040162,D.Sampson,00-0040162,Dylan Sampson,RB,0,0.0,H,4,-2.0,0.0,-0.0
2025_14_WAS_MIN,14,MIN,Q1,WAS,00-0033293,A.Jones,00-0033293,Aaron Jones,RB,3,15.0,H,7,28.0,0.42857142857142855,0.5357142857142857
2025_14_WAS_MIN,14,WAS,Q1,MIN,00-0038611,C.Rodriguez,00-0038611,Chris Rodriguez Jr.,RB,4,31.0,A,6,38.0,0.6666666666666666,0.8157894736842105
2025_14_WAS_MIN,14,MIN,Q1,WAS,00-0037525,J.Mason,00-0037525,Jordan Mason,RB,3,6.0,H,7,28.0,0.42857142857142855,0.21428571428571427
2025_14_WAS_MIN,14,WAS,Q1,MIN,00-0040242,J.Croskey-Merritt,00-0040242,Jacory Croskey-Merritt,RB,0,0.0,A,6,38.0,0.0,0.0
2025_14_WAS_MIN,14,MIN,Q1,WAS,00-0038440,Z.Scott,00-0038440,Zavier Scott,RB,0,0.0,H,7,28.0,0.0,0.0
2025_15_ARI_HOU,15,HOU,Q1,ARI,00-0040583,W.Marks,00-0040583,Woody Marks,RB,5,15.0,H,10,19.0,0.5,0.7894736842105263
2025_15_ARI_HOU,15,ARI,Q1,HOU,00-0037157,Z.Knight,00-0037157,Bam Knight,RB,1,-2.0,A,5,21.0,0.2,-0.09523809523809523
2025_15_ARI_HOU,15,HOU,Q1,ARI,00-0039405,J.Jordan,00-0039405,Jawhar Jordan,RB,1,0.0,H,10,19.0,0.1,0.0
2025_15_ARI_HOU,15,HOU,Q1,ARI,00-0033854,D.Ogunbowale,00-0033854,Dare Ogunbowale,RB,1,0.0,H,10,19.0,0.1,0.0
2025_15_ARI_HOU,15,ARI,Q1,HOU,00-0036924,M.Carter,00-0036924,Michael Carter,RB,4,23.0,A,5,21.0,0.8,1.0952380952380953
2025_15_ARI_HOU,15,ARI,Q1,HOU,00-0040556,C.Kiner,00-0040556,Corey Kiner,RB,0,0.0,A,5,21.0,0.0,0.0
2025_15_ARI_HOU,15,ARI,Q1,HOU,00-0038705,E.Demercado,00-0038705,Emari Demercado,RB,0,0.0,A,5,21.0,0.0,0.0
2025_15_ATL_TB,15,TB,Q1,ATL,00-0039361,B.Irving,00-0039361,Bucky Irving,RB,4,19.0,H,6,40.0,0.6666666666666666,0.475
2025_15_ATL_TB,15,ATL,Q1,TB,00-0038542,B.Robinson,00-0038542,Bijan Robinson,RB,5,28.0,A,6,31.0,0.8333333333333334,0.9032258064516129
2025_15_ATL_TB,15,ATL,Q1,TB,00-0037263,T.Allgeier,00-0037263,Tyler Allgeier,RB,1,3.0,A,6,31.0,0.16666666666666666,0.0967741935483871
2025_15_ATL_TB,15,TB,Q1,ATL,00-0037256,R.White,00-0037256,Rachaad White,RB,1,20.0,H,6,40.0,0.16666666666666666,0.5
2025_15_ATL_TB,15,TB,Q1,ATL,00-0038951,S.Tucker,00-0038951,Sean Tucker,RB,1,1.0,H,6,40.0,0.16666666666666666,0.025
2025_15_BAL_CIN,15,BAL,Q1,CIN,00-0032764,D.Henry,00-0032764,Derrick Henry,RB,5,14.0,A,5,14.0,1.0,1.0
2025_15_BAL_CIN,15,CIN,Q1,BAL,00-0038597,C.Brown,00-0038597,Chase Brown,RB,3,7.0,H,7,28.0,0.42857142857142855,0.25
2025_15_BAL_CIN,15,CIN,Q1,BAL,00-0033526,S.Perine,00-0033526,Samaje Perine,RB,4,21.0,H,7,28.0,0.5714285714285714,0.75
2025_15_BAL_CIN,15,BAL,Q1,CIN,00-0038454,K.Mitchell,00-0038454,Keaton Mitchell,RB,0,0.0,A,5,14.0,0.0,0.0
2025_15_BUF_NE,15,NE,Q1,BUF,00-0036875,R.Stevenson,00-0036875,Rhamondre Stevenson,RB,3,27.0,H,13,82.0,0.23076923076923078,0.32926829268292684
2025_15_BUF_NE,15,NE,Q1,BUF,00-0040734,T.Henderson,00-0040734,TreVeyon Henderson,RB,6,18.0,H,13,82.0,0.46153846153846156,0.21951219512195122
2025_15_BUF_NE,15,BUF,Q1,NE,00-0037248,J.Cook,00-0037248,James Cook,RB,2,7.0,A,3,16.0,0.6666666666666666,0.4375
2025_15_BUF_NE,15,BUF,Q1,NE,00-0035537,Ty.Johnson,00-0035537,Ty Johnson,RB,1,9.0,A,3,16.0,0.3333333333333333,0.5625
2025_15_CAR_NO,15,NO,Q1,CAR,00-0040202,D.Neal,00-0040202,Devin Neal,RB,4,6.0,H,5,10.0,0.8,0.6
2025_15_CAR_NO,15,CAR,Q1,NO,00-0036139,R.Dowdle,00-0036139,Rico Dowdle,RB,8,31.0,A,13,67.0,0.6153846153846154,0.4626865671641791
2025_15_CAR_NO,15,CAR,Q1,NO,00-0036555,C.Hubbard,00-0036555,Chuba Hubbard,RB,3,19.0,A,13,67.0,0.23076923076923078,0.2835820895522388
2025_15_CAR_NO,15,NO,Q1,CAR,00-0039373,A.Estime,00-0039373,Audric Estimé,RB,0,0.0,H,5,10.0,0.0,0.0
2025_15_CAR_NO,15,NO,Q1,CAR,00-0038397,E.Hull,00-0038397,Evan Hull,RB,0,0.0,H,5,10.0,0.0,0.0
2025_15_CLE_CHI,15,CHI,Q1,CLE,00-0036275,D.Swift,00-0036275,D'Andre Swift,RB,6,29.0,H,9,40.0,0.6666666666666666,0.725
2025_15_CLE_CHI,15,CLE,Q1,CHI,00-0040784,Q.Judkins,00-0040784,Quinshon Judkins,RB,3,7.0,A,5,18.0,0.6,0.3888888888888889
2025_15_CLE_CHI,15,CHI,Q1,CLE,00-0040236,K.Monangai,00-0040236,Kyle Monangai,RB,3,11.0,H,9,40.0,0.3333333333333333,0.275
2025_15_CLE_CHI,15,CLE,Q1,CHI,00-0035291,T.Williams,00-0035291,Trayveon Williams,RB,0,0.0,A,5,18.0,0.0,0.0
2025_15_DET_LA,15,DET,Q1,LA,00-0039139,J.Gibbs,00-0039139,Jahmyr Gibbs,RB,3,12.0,A,6,23.0,0.5,0.5217391304347826
2025_15_DET_LA,15,LA,Q1,DET,00-0037840,K.Williams,00-0037840,Kyren Williams,RB,4,16.0,H,6,24.0,0.6666666666666666,0.6666666666666666
2025_15_DET_LA,15,LA,Q1,DET,00-0039738,B.Corum,00-0039738,Blake Corum,RB,2,8.0,H,6,24.0,0.3333333333333333,0.3333333333333333
2025_15_DET_LA,15,DET,Q1,LA,00-0035685,D.Montgomery,00-0035685,David Montgomery,RB,3,11.0,A,6,23.0,0.5,0.4782608695652174
2025_15_GB_DEN,15,DEN,Q1,GB,00-0040730,R.Harvey,00-0040730,RJ Harvey,RB,3,11.0,H,6,18.0,0.5,0.6111111111111112
2025_15_GB_DEN,15,GB,Q1,DEN,00-0035700,J.Jacobs,00-0035700,Josh Jacobs,RB,3,2.0,A,7,16.0,0.42857142857142855,0.125
2025_15_GB_DEN,15,DEN,Q1,GB,00-0038794,J.McLaughlin,00-0038794,Jaleel McLaughlin,RB,1,2.0,H,6,18.0,0.16666666666666666,0.1111111111111111
2025_15_GB_DEN,15,GB,Q1,DEN,00-0038797,E.Wilson,00-0038797,Emanuel Wilson,RB,1,2.0,A,7,16.0,0.14285714285714285,0.125
2025_15_GB_DEN,15,GB,Q1,DEN,00-0038685,C.Brooks,00-0038685,Chris Brooks,RB,1,7.0,A,7,16.0,0.14285714285714285,0.4375
2025_15_GB_DEN,15,DEN,Q1,GB,00-0036727,A.Prentice,00-0036727,Adam Prentice,RB,0,0.0,H,6,18.0,0.0,0.0
2025_15_IND_SEA,15,IND,Q1,SEA,00-0036223,J.Taylor,00-0036223,Jonathan Taylor,RB,10,31.0,A,12,42.0,0.8333333333333334,0.7380952380952381
2025_15_IND_SEA,15,SEA,Q1,IND,00-0038134,K.Walker,00-0038134,Kenneth Walker III,RB,5,6.0,H,5,6.0,1.0,1.0
2025_15_IND_SEA,15,IND,Q1,SEA,00-0032104,A.Abdullah,00-0032104,Ameer Abdullah,RB,2,11.0,A,12,42.0,0.16666666666666666,0.2619047619047619
2025_15_IND_SEA,15,SEA,Q1,IND,00-0039165,Z.Charbonnet,00-0039165,Zach Charbonnet,RB,0,0.0,H,5,6.0,0.0,0.0
2025_15_LAC_KC,15,KC,Q1,LAC,00-0037197,I.Pacheco,00-0037197,Isiah Pacheco,RB,4,2.0,H,8,21.0,0.5,0.09523809523809523
2025_15_LAC_KC,15,KC,Q1,LAC,00-0040078,B.Smith,00-0040078,Brashard Smith,RB,1,2.0,H,8,21.0,0.125,0.09523809523809523
2025_15_LAC_KC,15,KC,Q1,LAC,00-0033923,K.Hunt,00-0033923,Kareem Hunt,RB,2,5.0,H,8,21.0,0.25,0.23809523809523808
2025_15_LAC_KC,15,LAC,Q1,KC,00-0039391,K.Vidal,00-0039391,Kimani Vidal,RB,4,24.0,A,9,33.0,0.4444444444444444,0.7272727272727273
2025_15_LAC_KC,15,LAC,Q1,KC,00-0040666,O.Hampton,00-0040666,Omarion Hampton,RB,5,9.0,A,9,33.0,0.5555555555555556,0.2727272727272727
2025_15_LV_PHI,15,PHI,Q1,LV,00-0034844,S.Barkley,00-0034844,Saquon Barkley,RB,8,27.0,H,10,38.0,0.8,0.7105263157894737
2025_15_LV_PHI,15,LV,Q1,PHI,00-0040122,A.Jeanty,00-0040122,Ashton Jeanty,RB,2,6.0,A,3,14.0,0.6666666666666666,0.42857142857142855
2025_15_LV_PHI,15,PHI,Q1,LV,00-0038555,T.Bigsby,00-0038555,Tank Bigsby,RB,0,0.0,H,10,38.0,0.0,0.0
2025_15_LV_PHI,15,LV,Q1,PHI,00-0039407,D.Laube,00-0039407,Dylan Laube,RB,0,0.0,A,3,14.0,0.0,0.0
2025_15_MIA_PIT,15,MIA,Q1,PIT,00-0039040,D.Achane,00-0039040,De'Von Achane,RB,3,25.0,A,3,25.0,1.0,1.0
2025_15_MIA_PIT,15,PIT,Q1,MIA,00-0036919,K.Gainwell,00-0036919,Kenneth Gainwell,RB,2,-1.0,H,8,17.0,0.25,-0.058823529411764705
2025_15_MIA_PIT,15,PIT,Q1,MIA,00-0037228,J.Warren,00-0037228,Jaylen Warren,RB,4,16.0,H,8,17.0,0.5,0.9411764705882353
2025_15_MIA_PIT,15,MIA,Q1,PIT,00-0039874,J.Wright,00-0039874,Jaylen Wright,RB,0,0.0,A,3,25.0,0.0,0.0
2025_15_MIA_PIT,15,MIA,Q1,PIT,00-0040198,O.Gordon,00-0040198,Ollie Gordon II,RB,0,0.0,A,3,25.0,0.0,0.0
2025_15_MIA_PIT,15,PIT,Q1,MIA,00-0040142,K.Johnson,00-0040142,Kaleb Johnson,RB,0,0.0,H,8,17.0,0.0,0.0
2025_15_MIN_DAL,15,MIN,Q1,DAL,00-0033293,A.Jones,00-0033293,Aaron Jones,RB,4,3.0,A,4,3.0,1.0,1.0
2025_15_MIN_DAL,15,DAL,Q1,MIN,00-0036997,J.Williams,00-0036997,Javonte Williams,RB,6,13.0,H,12,40.0,0.5,0.325
2025_15_MIN_DAL,15,DAL,Q1,MIN,00-0037563,M.Davis,00-0037563,Malik Davis,RB,3,11.0,H,12,40.0,0.25,0.275
2025_15_MIN_DAL,15,DAL,Q1,MIN,00-0038738,H.Luepke,00-0038738,Hunter Luepke,RB,1,8.0,H,12,40.0,0.08333333333333333,0.2
2025_15_MIN_DAL,15,MIN,Q1,DAL,00-0037525,J.Mason,00-0037525,Jordan Mason,RB,0,0.0,A,4,3.0,0.0,0.0
2025_15_MIN_DAL,15,MIN,Q1,DAL,00-0032918,C.Ham,00-0032918,C.J. Ham,RB,0,0.0,A,4,3.0,0.0,0.0
2025_15_NYJ_JAX,15,JAX,Q1,NYJ,00-0036973,T.Etienne,00-0036973,Travis Etienne,RB,4,14.0,H,8,48.0,0.5,0.2916666666666667
2025_15_NYJ_JAX,15,NYJ,Q1,JAX,00-0038120,B.Hall,00-0038120,Breece Hall,RB,3,4.0,A,6,17.0,0.5,0.23529411764705882
2025_15_NYJ_JAX,15,NYJ,Q1,JAX,00-0039798,I.Davis,00-0039798,Isaiah Davis,RB,3,13.0,A,6,17.0,0.5,0.7647058823529411
2025_15_NYJ_JAX,15,JAX,Q1,NYJ,00-0040719,B.Tuten,00-0040719,Bhayshul Tuten,RB,1,7.0,H,8,48.0,0.125,0.14583333333333334
2025_15_NYJ_JAX,15,NYJ,Q1,JAX,00-0036906,K.Herbert,00-0036906,Khalil Herbert,RB,0,0.0,A,6,17.0,0.0,0.0
2025_15_NYJ_JAX,15,JAX,Q1,NYJ,00-0040238,L.Allen,00-0040238,LeQuint Allen Jr.,RB,0,0.0,H,8,48.0,0.0,0.0
2025_15_NYJ_JAX,15,NYJ,Q1,JAX,00-0034959,A.Beck,00-0034959,Andrew Beck,RB,0,0.0,A,6,17.0,0.0,0.0
2025_15_TEN_SF,15,TEN,Q1,SF,00-0035261,T.Pollard,00-0035261,Tony Pollard,RB,5,46.0,A,7,46.0,0.7142857142857143,1.0
2025_15_TEN_SF,15,SF,Q1,TEN,00-0033280,C.McCaffrey,00-0033280,Christian McCaffrey,RB,4,17.0,H,7,27.0,0.5714285714285714,0.6296296296296297
2025_15_TEN_SF,15,TEN,Q1,SF,00-0039032,T.Spears,00-0039032,Tyjae Spears,RB,1,7.0,A,7,46.0,0.14285714285714285,0.15217391304347827
2025_15_TEN_SF,15,TEN,Q1,SF,00-0040205,K.Mullings,00-0040205,Kalel Mullings,RB,0,0.0,A,7,46.0,0.0,0.0
2025_15_TEN_SF,15,SF,Q1,TEN,00-0037746,B.Robinson,00-0037746,Brian Robinson,RB,0,0.0,H,7,27.0,0.0,0.0
2025_15_WAS_NYG,15,WAS,Q1,NYG,00-0033955,J.McNichols,00-0033955,Jeremy McNichols,RB,5,9.0,A,12,50.0,0.4166666666666667,0.18
2025_15_WAS_NYG,15,NYG,Q1,WAS,00-0039384,T.Tracy,00-0039384,Tyrone Tracy Jr.,RB,2,10.0,H,3,13.0,0.6666666666666666,0.7692307692307693
2025_15_WAS_NYG,15,WAS,Q1,NYG,00-0040242,J.Croskey-Merritt,00-0040242,Jacory Croskey-Merritt,RB,4,17.0,A,12,50.0,0.3333333333333333,0.34
2025_15_WAS_NYG,15,NYG,Q1,WAS,00-0035250,D.Singletary,00-0035250,Devin Singletary,RB,1,3.0,H,3,13.0,0.3333333333333333,0.23076923076923078
2025_16_ATL_ARI,16,ARI,Q1,ATL,00-0036924,M.Carter,00-0036924,Michael Carter,RB,6,46.0,H,7,43.0,0.8571428571428571,1.069767441860465
2025_16_ATL_ARI,16,ATL,Q1,ARI,00-0038542,B.Robinson,00-0038542,Bijan Robinson,RB,5,20.0,A,7,32.0,0.7142857142857143,0.625
2025_16_ATL_ARI,16,ARI,Q1,ATL,00-0038705,E.Demercado,00-0038705,Emari Demercado,RB,1,-3.0,H,7,43.0,0.14285714285714285,-0.06976744186046512
2025_16_ATL_ARI,16,ATL,Q1,ARI,00-0037263,T.Allgeier,00-0037263,Tyler Allgeier,RB,2,12.0,A,7,32.0,0.2857142857142857,0.375
2025_16_ATL_ARI,16,ARI,Q1,ATL,00-0040556,C.Kiner,00-0040556,Corey Kiner,RB,0,0.0,H,7,43.0,0.0,0.0
2025_16_BUF_CLE,16,CLE,Q1,BUF,00-0040784,Q.Judkins,00-0040784,Quinshon Judkins,RB,4,13.0,H,5,27.0,0.8,0.48148148148148145
2025_16_BUF_CLE,16,BUF,Q1,CLE,00-0037248,J.Cook,00-0037248,James Cook,RB,4,68.0,A,6,80.0,0.6666666666666666,0.85
2025_16_BUF_CLE,16,BUF,Q1,CLE,00-0035537,Ty.Johnson,00-0035537,Ty Johnson,RB,0,0.0,A,6,80.0,0.0,0.0
2025_16_BUF_CLE,16,CLE,Q1,BUF,00-0040466,R.Sanders,00-0040466,Raheim Sanders,RB,0,0.0,H,5,27.0,0.0,0.0
2025_16_BUF_CLE,16,CLE,Q1,BUF,00-0035291,T.Williams,00-0035291,Trayveon Williams,RB,0,0.0,H,5,27.0,0.0,0.0
2025_16_BUF_CLE,16,BUF,Q1,CLE,00-0039875,R.Davis,00-0039875,Ray Davis,RB,0,0.0,A,6,80.0,0.0,0.0
2025_16_CIN_MIA,16,CIN,Q1,MIA,00-0038597,C.Brown,00-0038597,Chase Brown,RB,3,9.0,A,5,15.0,0.6,0.6
2025_16_CIN_MIA,16,MIA,Q1,CIN,00-0039040,D.Achane,00-0039040,De'Von Achane,RB,4,57.0,H,6,60.0,0.6666666666666666,0.95
2025_16_CIN_MIA,16,MIA,Q1,CIN,00-0039874,J.Wright,00-0039874,Jaylen Wright,RB,1,4.0,H,6,60.0,0.16666666666666666,0.06666666666666667
2025_16_CIN_MIA,16,MIA,Q1,CIN,00-0040198,O.Gordon,00-0040198,Ollie Gordon II,RB,1,-1.0,H,6,60.0,0.16666666666666666,-0.016666666666666666
2025_16_CIN_MIA,16,CIN,Q1,MIA,00-0033526,S.Perine,00-0033526,Samaje Perine,RB,2,6.0,A,5,15.0,0.4,0.4
2025_16_CIN_MIA,16,CIN,Q1,MIA,00-0040208,T.Brooks,00-0040208,Tahj Brooks,RB,0,0.0,A,5,15.0,0.0,0.0
2025_16_GB_CHI,16,GB,Q1,CHI,00-0035700,J.Jacobs,00-0035700,Josh Jacobs,RB,6,20.0,A,8,28.0,0.75,0.7142857142857143
2025_16_GB_CHI,16,CHI,Q1,GB,00-0036275,D.Swift,00-0036275,D'Andre Swift,RB,4,16.0,H,8,46.0,0.5,0.34782608695652173
2025_16_GB_CHI,16,CHI,Q1,GB,00-0040236,K.Monangai,00-0040236,Kyle Monangai,RB,2,9.0,H,8,46.0,0.25,0.1956521739130435
2025_16_GB_CHI,16,GB,Q1,CHI,00-0038797,E.Wilson,00-0038797,Emanuel Wilson,RB,0,0.0,A,8,28.0,0.0,0.0
2025_16_GB_CHI,16,GB,Q1,CHI,00-0038685,C.Brooks,00-0038685,Chris Brooks,RB,0,0.0,A,8,28.0,0.0,0.0
2025_16_JAX_DEN,16,DEN,Q1,JAX,00-0040730,R.Harvey,00-0040730,RJ Harvey,RB,3,6.0,H,6,31.0,0.5,0.1935483870967742
2025_16_JAX_DEN,16,JAX,Q1,DEN,00-0036973,T.Etienne,00-0036973,Travis Etienne,RB,4,5.0,A,5,12.0,0.8,0.4166666666666667
2025_16_JAX_DEN,16,DEN,Q1,JAX,00-0038794,J.McLaughlin,00-0038794,Jaleel McLaughlin,RB,2,25.0,H,6,31.0,0.3333333333333333,0.8064516129032258
2025_16_JAX_DEN,16,JAX,Q1,DEN,00-0040238,L.Allen,00-0040238,LeQuint Allen Jr.,RB,0,0.0,A,5,12.0,0.0,0.0
2025_16_KC_TEN,16,TEN,Q1,KC,00-0035261,T.Pollard,00-0035261,Tony Pollard,RB,5,29.0,H,7,30.0,0.7142857142857143,0.9666666666666667
2025_16_KC_TEN,16,TEN,Q1,KC,00-0040205,K.Mullings,00-0040205,Kalel Mullings,RB,1,0.0,H,7,30.0,0.14285714285714285,0.0
2025_16_KC_TEN,16,TEN,Q1,KC,00-0039032,T.Spears,00-0039032,Tyjae Spears,RB,1,1.0,H,7,30.0,0.14285714285714285,0.03333333333333333
2025_16_KC_TEN,16,KC,Q1,TEN,00-0037197,I.Pacheco,00-0037197,Isiah Pacheco,RB,2,6.0,A,4,14.0,0.5,0.42857142857142855
2025_16_KC_TEN,16,KC,Q1,TEN,00-0033923,K.Hunt,00-0033923,Kareem Hunt,RB,0,0.0,A,4,14.0,0.0,0.0
2025_16_KC_TEN,16,TEN,Q1,KC,00-0037594,J.Chestnut,00-0037594,Julius Chestnut,RB,0,0.0,H,7,30.0,0.0,0.0
2025_16_LAC_DAL,16,DAL,Q1,LAC,00-0036997,J.Williams,00-0036997,Javonte Williams,RB,5,19.0,H,10,47.0,0.5,0.40425531914893614
2025_16_LAC_DAL,16,LAC,Q1,DAL,00-0039391,K.Vidal,00-0039391,Kimani Vidal,RB,1,1.0,A,2,3.0,0.5,0.3333333333333333
2025_16_LAC_DAL,16,LAC,Q1,DAL,00-0040666,O.Hampton,00-0040666,Omarion Hampton,RB,1,2.0,A,2,3.0,0.5,0.6666666666666666
2025_16_LAC_DAL,16,DAL,Q1,LAC,00-0037563,M.Davis,00-0037563,Malik Davis,RB,3,11.0,H,10,47.0,0.3,0.23404255319148937
2025_16_LAC_DAL,16,DAL,Q1,LAC,00-0038738,H.Luepke,00-0038738,Hunter Luepke,RB,0,0.0,H,10,47.0,0.0,0.0
2025_16_LAC_DAL,16,LAC,Q1,DAL,00-0037617,H.Haskins,00-0037617,Hassan Haskins,RB,0,0.0,A,2,3.0,0.0,0.0
2025_16_LA_SEA,16,LA,Q1,SEA,00-0037840,K.Williams,00-0037840,Kyren Williams,RB,8,27.0,A,13,40.0,0.6153846153846154,0.675
2025_16_LA_SEA,16,SEA,Q1,LA,00-0038134,K.Walker,00-0038134,Kenneth Walker III,RB,1,2.0,H,3,15.0,0.3333333333333333,0.13333333333333333
2025_16_LA_SEA,16,SEA,Q1,LA,00-0039165,Z.Charbonnet,00-0039165,Zach Charbonnet,RB,2,13.0,H,3,15.0,0.6666666666666666,0.8666666666666667
2025_16_LA_SEA,16,LA,Q1,SEA,00-0039738,B.Corum,00-0039738,Blake Corum,RB,4,9.0,A,13,40.0,0.3076923076923077,0.225
2025_16_LV_HOU,16,HOU,Q1,LV,00-0039405,J.Jordan,00-0039405,Jawhar Jordan,RB,2,3.0,H,3,5.0,0.6666666666666666,0.6
2025_16_LV_HOU,16,HOU,Q1,LV,00-0034791,N.Chubb,00-0034791,Nick Chubb,RB,1,2.0,H,3,5.0,0.3333333333333333,0.4
2025_16_LV_HOU,16,LV,Q1,HOU,00-0040122,A.Jeanty,00-0040122,Ashton Jeanty,RB,7,17.0,A,9,28.0,0.7777777777777778,0.6071428571428571
2025_16_LV_HOU,16,HOU,Q1,LV,00-0033854,D.Ogunbowale,00-0033854,Dare Ogunbowale,RB,0,0.0,H,3,5.0,0.0,0.0
2025_16_LV_HOU,16,LV,Q1,HOU,00-0031687,R.Mostert,00-0031687,Raheem Mostert,RB,0,0.0,A,9,28.0,0.0,0.0
2025_16_MIN_NYG,16,MIN,Q1,NYG,00-0033293,A.Jones,00-0033293,Aaron Jones,RB,1,-1.0,A,6,16.0,0.16666666666666666,-0.0625
2025_16_MIN_NYG,16,MIN,Q1,NYG,00-0037525,J.Mason,00-0037525,Jordan Mason,RB,2,5.0,A,6,16.0,0.3333333333333333,0.3125
2025_16_MIN_NYG,16,NYG,Q1,MIN,00-0039384,T.Tracy,00-0039384,Tyrone Tracy Jr.,RB,7,40.0,H,10,51.0,0.7,0.7843137254901961
2025_16_MIN_NYG,16,MIN,Q1,NYG,00-0038440,Z.Scott,00-0038440,Zavier Scott,RB,2,4.0,A,6,16.0,0.3333333333333333,0.25
2025_16_MIN_NYG,16,NYG,Q1,MIN,00-0035250,D.Singletary,00-0035250,Devin Singletary,RB,3,11.0,H,10,51.0,0.3,0.21568627450980393
2025_16_MIN_NYG,16,MIN,Q1,NYG,00-0032918,C.Ham,00-0032918,C.J. Ham,RB,0,0.0,A,6,16.0,0.0,0.0
2025_16_NE_BAL,16,BAL,Q1,NE,00-0032764,D.Henry,00-0032764,Derrick Henry,RB,7,50.0,H,10,60.0,0.7,0.8333333333333334
2025_16_NE_BAL,16,NE,Q1,BAL,00-0036875,R.Stevenson,00-0036875,Rhamondre Stevenson,RB,2,13.0,A,7,22.0,0.2857142857142857,0.5909090909090909
2025_16_NE_BAL,16,NE,Q1,BAL,00-0040734,T.Henderson,00-0040734,TreVeyon Henderson,RB,3,5.0,A,7,22.0,0.42857142857142855,0.22727272727272727
2025_16_NE_BAL,16,BAL,Q1,NE,00-0038454,K.Mitchell,00-0038454,Keaton Mitchell,RB,3,10.0,H,10,60.0,0.3,0.16666666666666666
2025_16_NYJ_NO,16,NYJ,Q1,NO,00-0038120,B.Hall,00-0038120,Breece Hall,RB,5,15.0,A,5,15.0,1.0,1.0
2025_16_NYJ_NO,16,NO,Q1,NYJ,00-0039373,A.Estime,00-0039373,Audric Estimé,RB,3,10.0,H,7,23.0,0.42857142857142855,0.43478260869565216
2025_16_NYJ_NO,16,NO,Q1,NYJ,00-0038397,E.Hull,00-0038397,Evan Hull,RB,1,0.0,H,7,23.0,0.14285714285714285,0.0
2025_16_NYJ_NO,16,NYJ,Q1,NO,00-0039798,I.Davis,00-0039798,Isaiah Davis,RB,0,0.0,A,5,15.0,0.0,0.0
2025_16_PHI_WAS,16,WAS,Q1,PHI,00-0038611,C.Rodriguez,00-0038611,Chris Rodriguez Jr.,RB,5,24.0,H,8,40.0,0.625,0.6
2025_16_PHI_WAS,16,PHI,Q1,WAS,00-0034844,S.Barkley,00-0034844,Saquon Barkley,RB,2,1.0,A,4,18.0,0.5,0.05555555555555555
2025_16_PHI_WAS,16,WAS,Q1,PHI,00-0033955,J.McNichols,00-0033955,Jeremy McNichols,RB,1,3.0,H,8,40.0,0.125,0.075
2025_16_PHI_WAS,16,WAS,Q1,PHI,00-0040242,J.Croskey-Merritt,00-0040242,Jacory Croskey-Merritt,RB,2,13.0,H,8,40.0,0.25,0.325
2025_16_PHI_WAS,16,PHI,Q1,WAS,00-0038555,T.Bigsby,00-0038555,Tank Bigsby,RB,0,0.0,A,4,18.0,0.0,0.0
2025_16_PIT_DET,16,PIT,Q1,DET,00-0037228,J.Warren,00-0037228,Jaylen Warren,RB,2,9.0,A,3,14.0,0.6666666666666666,0.6428571428571429
2025_16_PIT_DET,16,PIT,Q1,DET,00-0036919,K.Gainwell,00-0036919,Kenneth Gainwell,RB,1,5.0,A,3,14.0,0.3333333333333333,0.35714285714285715
2025_16_PIT_DET,16,DET,Q1,PIT,00-0039139,J.Gibbs,00-0039139,Jahmyr Gibbs,RB,4,-4.0,H,6,13.0,0.6666666666666666,-0.3076923076923077
2025_16_PIT_DET,16,DET,Q1,PIT,00-0035685,D.Montgomery,00-0035685,David Montgomery,RB,2,17.0,H,6,13.0,0.3333333333333333,1.3076923076923077
2025_16_SF_IND,16,IND,Q1,SF,00-0036223,J.Taylor,00-0036223,Jonathan Taylor,RB,4,16.0,H,5,19.0,0.8,0.8421052631578947
2025_16_SF_IND,16,SF,Q1,IND,00-0033280,C.McCaffrey,00-0033280,Christian McCaffrey,RB,5,26.0,A,6,27.0,0.8333333333333334,0.9629629629629629
2025_16_SF_IND,16,SF,Q1,IND,00-0037746,B.Robinson,00-0037746,Brian Robinson,RB,1,1.0,A,6,27.0,0.16666666666666666,0.037037037037037035
2025_16_SF_IND,16,IND,Q1,SF,00-0037120,T.Goodson,00-0037120,Tyler Goodson,RB,0,0.0,H,5,19.0,0.0,0.0
2025_16_TB_CAR,16,CAR,Q1,TB,00-0036139,R.Dowdle,00-0036139,Rico Dowdle,RB,3,21.0,H,6,53.0,0.5,0.39622641509433965
2025_16_TB_CAR,16,CAR,Q1,TB,00-0036555,C.Hubbard,00-0036555,Chuba Hubbard,RB,2,7.0,H,6,53.0,0.3333333333333333,0.1320754716981132
2025_16_TB_CAR,16,TB,Q1,CAR,00-0039361,B.Irving,00-0039361,Bucky Irving,RB,6,29.0,A,7,32.0,0.8571428571428571,0.90625
2025_16_TB_CAR,16,TB,Q1,CAR,00-0038951,S.Tucker,00-0038951,Sean Tucker,RB,1,3.0,A,7,32.0,0.14285714285714285,0.09375
2025_16_TB_CAR,16,TB,Q1,CAR,00-0037256,R.White,00-0037256,Rachaad White,RB,0,0.0,A,7,32.0,0.0,0.0
2025_17_ARI_CIN,17,CIN,Q1,ARI,00-0038597,C.Brown,00-0038597,Chase Brown,RB,6,26.0,H,10,33.0,0.6,0.7878787878787878
2025_17_ARI_CIN,17,CIN,Q1,ARI,00-0033526,S.Perine,00-0033526,Samaje Perine,RB,2,4.0,H,10,33.0,0.2,0.12121212121212122
2025_17_ARI_CIN,17,ARI,Q1,CIN,00-0036924,M.Carter,00-0036924,Michael Carter,RB,2,6.0,A,2,6.0,1.0,1.0
2025_17_ARI_CIN,17,ARI,Q1,CIN,00-0040556,C.Kiner,00-0040556,Corey Kiner,RB,0,0.0,A,2,6.0,0.0,0.0
2025_17_ARI_CIN,17,ARI,Q1,CIN,00-0038705,E.Demercado,00-0038705,Emari Demercado,RB,0,0.0,A,2,6.0,0.0,0.0
2025_17_ARI_CIN,17,CIN,Q1,ARI,00-0040208,T.Brooks,00-0040208,Tahj Brooks,RB,0,0.0,H,10,33.0,0.0,0.0
2025_17_BAL_GB,17,BAL,Q1,GB,00-0032764,D.Henry,00-0032764,Derrick Henry,RB,11,67.0,A,15,93.0,0.7333333333333333,0.7204301075268817
2025_17_BAL_GB,17,BAL,Q1,GB,00-0038454,K.Mitchell,00-0038454,Keaton Mitchell,RB,1,5.0,A,15,93.0,0.06666666666666667,0.053763440860215055
2025_17_BAL_GB,17,GB,Q1,BAL,00-0035700,J.Jacobs,00-0035700,Josh Jacobs,RB,0,0.0,H,0,0.0,0.0,0.0
2025_17_BAL_GB,17,GB,Q1,BAL,00-0038797,E.Wilson,00-0038797,Emanuel Wilson,RB,0,0.0,H,0,0.0,0.0,0.0
2025_17_CHI_SF,17,SF,Q1,CHI,00-0033280,C.McCaffrey,00-0033280,Christian McCaffrey,RB,8,61.0,H,12,94.0,0.6666666666666666,0.648936170212766
2025_17_CHI_SF,17,CHI,Q1,SF,00-0040236,K.Monangai,00-0040236,Kyle Monangai,RB,2,6.0,A,3,14.0,0.6666666666666666,0.42857142857142855
2025_17_CHI_SF,17,SF,Q1,CHI,00-0037746,B.Robinson,00-0037746,Brian Robinson,RB,1,15.0,H,12,94.0,0.08333333333333333,0.1595744680851064
2025_17_CHI_SF,17,CHI,Q1,SF,00-0036275,D.Swift,00-0036275,D'Andre Swift,RB,1,8.0,A,3,14.0,0.3333333333333333,0.5714285714285714
2025_17_DAL_WAS,17,DAL,Q1,WAS,00-0036997,J.Williams,00-0036997,Javonte Williams,RB,10,40.0,A,13,78.0,0.7692307692307693,0.5128205128205128
2025_17_DAL_WAS,17,DAL,Q1,WAS,00-0037563,M.Davis,00-0037563,Malik Davis,RB,3,38.0,A,13,78.0,0.23076923076923078,0.48717948717948717
2025_17_DAL_WAS,17,WAS,Q1,DAL,00-0040242,J.Croskey-Merritt,00-0040242,Jacory Croskey-Merritt,RB,3,5.0,H,3,5.0,1.0,1.0
2025_17_DAL_WAS,17,DAL,Q1,WAS,00-0038738,H.Luepke,00-0038738,Hunter Luepke,RB,0,0.0,A,13,78.0,0.0,0.0
2025_17_DAL_WAS,17,WAS,Q1,DAL,00-0033955,J.McNichols,00-0033955,Jeremy McNichols,RB,0,0.0,H,3,5.0,0.0,0.0
2025_17_DEN_KC,17,DEN,Q1,KC,00-0040730,R.Harvey,00-0040730,RJ Harvey,RB,4,9.0,A,7,15.0,0.5714285714285714,0.6
2025_17_DEN_KC,17,DEN,Q1,KC,00-0038794,J.McLaughlin,00-0038794,Jaleel McLaughlin,RB,1,6.0,A,7,15.0,0.14285714285714285,0.4
2025_17_DEN_KC,17,KC,Q1,DEN,00-0037197,I.Pacheco,00-0037197,Isiah Pacheco,RB,5,15.0,H,7,24.0,0.7142857142857143,0.625
2025_17_DEN_KC,17,KC,Q1,DEN,00-0033923,K.Hunt,00-0033923,Kareem Hunt,RB,1,5.0,H,7,24.0,0.14285714285714285,0.20833333333333334
2025_17_DEN_KC,17,DEN,Q1,KC,00-0036727,A.Prentice,00-0036727,Adam Prentice,RB,0,0.0,A,7,15.0,0.0,0.0
2025_17_DET_MIN,17,MIN,Q1,DET,00-0033293,A.Jones,00-0033293,Aaron Jones,RB,9,35.0,H,10,46.0,0.9,0.7608695652173914
2025_17_DET_MIN,17,DET,Q1,MIN,00-0039139,J.Gibbs,00-0039139,Jahmyr Gibbs,RB,2,8.0,A,5,15.0,0.4,0.5333333333333333
2025_17_DET_MIN,17,DET,Q1,MIN,00-0035685,D.Montgomery,00-0035685,David Montgomery,RB,2,7.0,A,5,15.0,0.4,0.4666666666666667
2025_17_DET_MIN,17,MIN,Q1,DET,00-0037276,T.Chandler,00-0037276,Ty Chandler,RB,0,0.0,H,10,46.0,0.0,0.0
2025_17_HOU_LAC,17,HOU,Q1,LAC,00-0040583,W.Marks,00-0040583,Woody Marks,RB,4,17.0,A,6,20.0,0.6666666666666666,0.85
2025_17_HOU_LAC,17,LAC,Q1,HOU,00-0040666,O.Hampton,00-0040666,Omarion Hampton,RB,7,17.0,H,7,17.0,1.0,1.0
2025_17_HOU_LAC,17,HOU,Q1,LAC,00-0039405,J.Jordan,00-0039405,Jawhar Jordan,RB,1,2.0,A,6,20.0,0.16666666666666666,0.1
2025_17_HOU_LAC,17,HOU,Q1,LAC,00-0034791,N.Chubb,00-0034791,Nick Chubb,RB,1,1.0,A,6,20.0,0.16666666666666666,0.05
2025_17_HOU_LAC,17,LAC,Q1,HOU,00-0036755,J.Patterson,00-0036755,Jaret Patterson,RB,0,0.0,H,7,17.0,0.0,0.0
2025_17_JAX_IND,17,IND,Q1,JAX,00-0036223,J.Taylor,00-0036223,Jonathan Taylor,RB,7,35.0,H,7,35.0,1.0,1.0
2025_17_JAX_IND,17,JAX,Q1,IND,00-0040238,L.Allen,00-0040238,LeQuint Allen Jr.,RB,1,3.0,A,2,4.0,0.5,0.75
2025_17_JAX_IND,17,JAX,Q1,IND,00-0036973,T.Etienne,00-0036973,Travis Etienne,RB,0,0.0,A,2,4.0,0.0,0.0
2025_17_JAX_IND,17,JAX,Q1,IND,00-0036425,D.Dallas,00-0036425,DeeJay Dallas,RB,0,0.0,A,2,4.0,0.0,0.0
2025_17_LA_ATL,17,ATL,Q1,LA,00-0038542,B.Robinson,00-0038542,Bijan Robinson,RB,7,24.0,H,8,26.0,0.875,0.9230769230769231
2025_17_LA_ATL,17,LA,Q1,ATL,00-0037840,K.Williams,00-0037840,Kyren Williams,RB,2,1.0,A,5,13.0,0.4,0.07692307692307693
2025_17_LA_ATL,17,ATL,Q1,LA,00-0037263,T.Allgeier,00-0037263,Tyler Allgeier,RB,1,2.0,H,8,26.0,0.125,0.07692307692307693
2025_17_LA_ATL,17,LA,Q1,ATL,00-0039738,B.Corum,00-0039738,Blake Corum,RB,3,12.0,A,5,13.0,0.6,0.9230769230769231
2025_17_LA_ATL,17,LA,Q1,ATL,00-0037557,R.Rivers,00-0037557,Ronnie Rivers,RB,0,0.0,A,5,13.0,0.0,0.0
2025_17_NE_NYJ,17,NE,Q1,NYJ,00-0036875,R.Stevenson,00-0036875,Rhamondre Stevenson,RB,5,45.0,A,12,64.0,0.4166666666666667,0.703125
2025_17_NE_NYJ,17,NE,Q1,NYJ,00-0040734,T.Henderson,00-0040734,TreVeyon Henderson,RB,7,19.0,A,12,64.0,0.5833333333333334,0.296875
2025_17_NE_NYJ,17,NYJ,Q1,NE,00-0038120,B.Hall,00-0038120,Breece Hall,RB,2,7.0,H,3,7.0,0.6666666666666666,1.0
2025_17_NE_NYJ,17,NYJ,Q1,NE,00-0039798,I.Davis,00-0039798,Isaiah Davis,RB,0,0.0,H,3,7.0,0.0,0.0
2025_17_NE_NYJ,17,NE,Q1,NYJ,00-0035628,D.Johnson,00-0035628,D'Ernest Johnson,RB,0,0.0,A,12,64.0,0.0,0.0
2025_17_NE_NYJ,17,NYJ,Q1,NE,00-0036842,K.Nwangwu,00-0036842,Kene Nwangwu,RB,0,0.0,H,3,7.0,0.0,0.0
2025_17_NE_NYJ,17,NYJ,Q1,NE,00-0036906,K.Herbert,00-0036906,Khalil Herbert,RB,0,0.0,H,3,7.0,0.0,0.0
2025_17_NO_TEN,17,TEN,Q1,NO,00-0035261,T.Pollard,00-0035261,Tony Pollard,RB,6,20.0,H,9,30.0,0.6666666666666666,0.6666666666666666
2025_17_NO_TEN,17,NO,Q1,TEN,00-0039373,A.Estime,00-0039373,Audric Estimé,RB,1,2.0,A,4,4.0,0.25,0.5
2025_17_NO_TEN,17,TEN,Q1,NO,00-0039032,T.Spears,00-0039032,Tyjae Spears,RB,1,1.0,H,9,30.0,0.1111111111111111,0.03333333333333333
2025_17_NO_TEN,17,TEN,Q1,NO,00-0040205,K.Mullings,00-0040205,Kalel Mullings,RB,1,4.0,H,9,30.0,0.1111111111111111,0.13333333333333333
2025_17_NO_TEN,17,NO,Q1,TEN,00-0038397,E.Hull,00-0038397,Evan Hull,RB,0,0.0,A,4,4.0,0.0,0.0
2025_17_NYG_LV,17,NYG,Q1,LV,00-0039384,T.Tracy,00-0039384,Tyrone Tracy Jr.,RB,3,14.0,A,6,48.0,0.5,0.2916666666666667
2025_17_NYG_LV,17,LV,Q1,NYG,00-0040122,A.Jeanty,00-0040122,Ashton Jeanty,RB,4,9.0,H,4,9.0,1.0,1.0
2025_17_NYG_LV,17,NYG,Q1,LV,00-0035250,D.Singletary,00-0035250,Devin Singletary,RB,3,34.0,A,6,48.0,0.5,0.7083333333333334
2025_17_NYG_LV,17,LV,Q1,NYG,00-0038040,Z.White,00-0038040,Zamir White,RB,0,0.0,H,4,9.0,0.0,0.0
2025_17_PHI_BUF,17,BUF,Q1,PHI,00-0037248,J.Cook,00-0037248,James Cook,RB,4,23.0,H,5,23.0,0.8,1.0
2025_17_PHI_BUF,17,PHI,Q1,BUF,00-0034844,S.Barkley,00-0034844,Saquon Barkley,RB,5,17.0,A,6,21.0,0.8333333333333334,0.8095238095238095
2025_17_PHI_BUF,17,PHI,Q1,BUF,00-0039746,W.Shipley,00-0039746,Will Shipley,RB,1,4.0,A,6,21.0,0.16666666666666666,0.19047619047619047
2025_17_PHI_BUF,17,PHI,Q1,BUF,00-0038555,T.Bigsby,00-0038555,Tank Bigsby,RB,0,0.0,A,6,21.0,0.0,0.0
2025_17_PHI_BUF,17,BUF,Q1,PHI,00-0039875,R.Davis,00-0039875,Ray Davis,RB,0,0.0,H,5,23.0,0.0,0.0
2025_17_PHI_BUF,17,BUF,Q1,PHI,00-0035537,Ty.Johnson,00-0035537,Ty Johnson,RB,0,0.0,H,5,23.0,0.0,0.0
2025_17_PIT_CLE,17,CLE,Q1,PIT,00-0040466,R.Sanders,00-0040466,Raheim Sanders,RB,5,16.0,H,7,26.0,0.7142857142857143,0.6153846153846154
2025_17_PIT_CLE,17,CLE,Q1,PIT,00-0040162,D.Sampson,00-0040162,Dylan Sampson,RB,1,1.0,H,7,26.0,0.14285714285714285,0.038461538461538464
2025_17_PIT_CLE,17,PIT,Q1,CLE,00-0037228,J.Warren,00-0037228,Jaylen Warren,RB,3,10.0,A,6,43.0,0.5,0.23255813953488372
2025_17_PIT_CLE,17,PIT,Q1,CLE,00-0036919,K.Gainwell,00-0036919,Kenneth Gainwell,RB,2,4.0,A,6,43.0,0.3333333333333333,0.09302325581395349
2025_17_PIT_CLE,17,CLE,Q1,PIT,00-0035291,T.Williams,00-0035291,Trayveon Williams,RB,1,9.0,H,7,26.0,0.14285714285714285,0.34615384615384615
2025_17_SEA_CAR,17,CAR,Q1,SEA,00-0036139,R.Dowdle,00-0036139,Rico Dowdle,RB,2,12.0,H,5,16.0,0.4,0.75
2025_17_SEA_CAR,17,SEA,Q1,CAR,00-0038134,K.Walker,00-0038134,Kenneth Walker III,RB,5,31.0,A,8,62.0,0.625,0.5
2025_17_SEA_CAR,17,SEA,Q1,CAR,00-0039165,Z.Charbonnet,00-0039165,Zach Charbonnet,RB,3,31.0,A,8,62.0,0.375,0.5
2025_17_SEA_CAR,17,CAR,Q1,SEA,00-0036555,C.Hubbard,00-0036555,Chuba Hubbard,RB,1,4.0,H,5,16.0,0.2,0.25
2025_17_TB_MIA,17,TB,Q1,MIA,00-0039361,B.Irving,00-0039361,Bucky Irving,RB,4,10.0,A,7,21.0,0.5714285714285714,0.47619047619047616
2025_17_TB_MIA,17,TB,Q1,MIA,00-0038951,S.Tucker,00-0038951,Sean Tucker,RB,2,8.0,A,7,21.0,0.2857142857142857,0.38095238095238093
2025_17_TB_MIA,17,TB,Q1,MIA,00-0037256,R.White,00-0037256,Rachaad White,RB,1,3.0,A,7,21.0,0.14285714285714285,0.14285714285714285
2025_17_TB_MIA,17,MIA,Q1,TB,00-0039040,D.Achane,00-0039040,De'Von Achane,RB,0,0.0,H,1,7.0,0.0,0.0
2025_17_TB_MIA,17,MIA,Q1,TB,00-0039874,J.Wright,00-0039874,Jaylen Wright,RB,0,0.0,H,1,7.0,0.0,0.0
2025_18_ARI_LA,18,LA,Q1,ARI,00-0037840,K.Williams,00-0037840,Kyren Williams,RB,3,19.0,H,5,27.0,0.6,0.7037037037037037
2025_18_ARI_LA,18,ARI,Q1,LA,00-0036924,M.Carter,00-0036924,Michael Carter,RB,3,9.0,A,4,16.0,0.75,0.5625
2025_18_ARI_LA,18,LA,Q1,ARI,00-0039738,B.Corum,00-0039738,Blake Corum,RB,1,5.0,H,5,27.0,0.2,0.18518518518518517
2025_18_ARI_LA,18,ARI,Q1,LA,00-0040556,C.Kiner,00-0040556,Corey Kiner,RB,0,0.0,A,4,16.0,0.0,0.0
2025_18_ARI_LA,18,ARI,Q1,LA,00-0038705,E.Demercado,00-0038705,Emari Demercado,RB,0,0.0,A,4,16.0,0.0,0.0
2025_18_BAL_PIT,18,BAL,Q1,PIT,00-0032764,D.Henry,00-0032764,Derrick Henry,RB,10,79.0,A,13,87.0,0.7692307692307693,0.9080459770114943
2025_18_BAL_PIT,18,BAL,Q1,PIT,00-0039796,R.Ali,00-0039796,Rasheen Ali,RB,1,0.0,A,13,87.0,0.07692307692307693,0.0
2025_18_BAL_PIT,18,PIT,Q1,BAL,00-0036919,K.Gainwell,00-0036919,Kenneth Gainwell,RB,2,3.0,H,3,3.0,0.6666666666666666,1.0
2025_18_BAL_PIT,18,BAL,Q1,PIT,00-0038454,K.Mitchell,00-0038454,Keaton Mitchell,RB,1,3.0,A,13,87.0,0.07692307692307693,0.034482758620689655
2025_18_BAL_PIT,18,PIT,Q1,BAL,00-0037228,J.Warren,00-0037228,Jaylen Warren,RB,0,0.0,H,3,3.0,0.0,0.0
2025_18_CAR_TB,18,TB,Q1,CAR,00-0039361,B.Irving,00-0039361,Bucky Irving,RB,6,26.0,H,11,51.0,0.5454545454545454,0.5098039215686274
2025_18_CAR_TB,18,CAR,Q1,TB,00-0036139,R.Dowdle,00-0036139,Rico Dowdle,RB,3,0.0,A,3,0.0,1.0,0.0
2025_18_CAR_TB,18,TB,Q1,CAR,00-0037256,R.White,00-0037256,Rachaad White,RB,2,3.0,H,11,51.0,0.18181818181818182,0.058823529411764705
2025_18_CAR_TB,18,CAR,Q1,TB,00-0036555,C.Hubbard,00-0036555,Chuba Hubbard,RB,0,0.0,A,3,0.0,0.0,0.0
2025_18_CAR_TB,18,TB,Q1,CAR,00-0038951,S.Tucker,00-0038951,Sean Tucker,RB,0,0.0,H,11,51.0,0.0,0.0
2025_18_CLE_CIN,18,CIN,Q1,CLE,00-0038597,C.Brown,00-0038597,Chase Brown,RB,5,20.0,H,11,63.0,0.45454545454545453,0.31746031746031744
2025_18_CLE_CIN,18,CLE,Q1,CIN,00-0040162,D.Sampson,00-0040162,Dylan Sampson,RB,2,3.0,A,3,7.0,0.6666666666666666,0.42857142857142855
2025_18_CLE_CIN,18,CIN,Q1,CLE,00-0033526,S.Perine,00-0033526,Samaje Perine,RB,5,34.0,H,11,63.0,0.45454545454545453,0.5396825396825397
2025_18_CLE_CIN,18,CLE,Q1,CIN,00-0035291,T.Williams,00-0035291,Trayveon Williams,RB,0,0.0,A,3,7.0,0.0,0.0
2025_18_CLE_CIN,18,CLE,Q1,CIN,00-0040466,R.Sanders,00-0040466,Raheim Sanders,RB,0,0.0,A,3,7.0,0.0,0.0
2025_18_DAL_NYG,18,NYG,Q1,DAL,00-0039384,T.Tracy,00-0039384,Tyrone Tracy Jr.,RB,3,4.0,H,6,19.0,0.5,0.21052631578947367
2025_18_DAL_NYG,18,DAL,Q1,NYG,00-0038738,H.Luepke,00-0038738,Hunter Luepke,RB,1,9.0,A,9,69.0,0.1111111111111111,0.13043478260869565
2025_18_DAL_NYG,18,DAL,Q1,NYG,00-0040586,J.Blue,00-0040586,Jaydon Blue,RB,6,53.0,A,9,69.0,0.6666666666666666,0.7681159420289855
2025_18_DAL_NYG,18,NYG,Q1,DAL,00-0035250,D.Singletary,00-0035250,Devin Singletary,RB,2,2.0,H,6,19.0,0.3333333333333333,0.10526315789473684
2025_18_DAL_NYG,18,DAL,Q1,NYG,00-0040021,P.Mafah,00-0040021,Phil Mafah,RB,0,0.0,A,9,69.0,0.0,0.0
2025_18_DET_CHI,18,DET,Q1,CHI,00-0039139,J.Gibbs,00-0039139,Jahmyr Gibbs,RB,3,16.0,A,5,21.0,0.6,0.7619047619047619
2025_18_DET_CHI,18,DET,Q1,CHI,00-0035685,D.Montgomery,00-0035685,David Montgomery,RB,2,5.0,A,5,21.0,0.4,0.23809523809523808
2025_18_DET_CHI,18,CHI,Q1,DET,00-0036275,D.Swift,00-0036275,D'Andre Swift,RB,4,21.0,H,6,22.0,0.6666666666666666,0.9545454545454546
2025_18_DET_CHI,18,CHI,Q1,DET,00-0040236,K.Monangai,00-0040236,Kyle Monangai,RB,2,1.0,H,6,22.0,0.3333333333333333,0.045454545454545456
2025_18_GB_MIN,18,MIN,Q1,GB,00-0037525,J.Mason,00-0037525,Jordan Mason,RB,5,26.0,H,10,38.0,0.5,0.6842105263157895
2025_18_GB_MIN,18,MIN,Q1,GB,00-0038440,Z.Scott,00-0038440,Zavier Scott,RB,1,2.0,H,10,38.0,0.1,0.05263157894736842
2025_18_GB_MIN,18,GB,Q1,MIN,00-0038797,E.Wilson,00-0038797,Emanuel Wilson,RB,3,-1.0,A,5,11.0,0.6,-0.09090909090909091
2025_18_GB_MIN,18,GB,Q1,MIN,00-0038685,C.Brooks,00-0038685,Chris Brooks,RB,2,12.0,A,5,11.0,0.4,1.0909090909090908
2025_18_GB_MIN,18,MIN,Q1,GB,00-0037276,T.Chandler,00-0037276,Ty Chandler,RB,3,4.0,H,10,38.0,0.3,0.10526315789473684
2025_18_GB_MIN,18,MIN,Q1,GB,00-0032918,C.Ham,00-0032918,C.J. Ham,RB,0,0.0,H,10,38.0,0.0,0.0
2025_18_IND_HOU,18,HOU,Q1,IND,00-0039405,J.Jordan,00-0039405,Jawhar Jordan,RB,3,2.0,H,5,10.0,0.6,0.2
2025_18_IND_HOU,18,IND,Q1,HOU,00-0036223,J.Taylor,00-0036223,Jonathan Taylor,RB,4,2.0,A,5,13.0,0.8,0.15384615384615385
2025_18_IND_HOU,18,HOU,Q1,IND,00-0040583,W.Marks,00-0040583,Woody Marks,RB,2,8.0,H,5,10.0,0.4,0.8
2025_18_IND_HOU,18,IND,Q1,HOU,00-0040179,D.Giddens,00-0040179,DJ Giddens,RB,0,0.0,A,5,13.0,0.0,0.0
2025_18_IND_HOU,18,HOU,Q1,IND,00-0039603,B.Brooks,00-0039603,British Brooks,RB,0,0.0,H,5,10.0,0.0,0.0
2025_18_IND_HOU,18,HOU,Q1,IND,00-0033854,D.Ogunbowale,00-0033854,Dare Ogunbowale,RB,0,0.0,H,5,10.0,0.0,0.0
2025_18_IND_HOU,18,IND,Q1,HOU,00-0037120,T.Goodson,00-0037120,Tyler Goodson,RB,0,0.0,A,5,13.0,0.0,0.0
2025_18_IND_HOU,18,IND,Q1,HOU,00-0032104,A.Abdullah,00-0032104,Ameer Abdullah,RB,0,0.0,A,5,13.0,0.0,0.0
2025_18_KC_LV,18,KC,Q1,LV,00-0040078,B.Smith,00-0040078,Brashard Smith,RB,6,35.0,A,9,43.0,0.6666666666666666,0.813953488372093
2025_18_KC_LV,18,LV,Q1,KC,00-0040122,A.Jeanty,00-0040122,Ashton Jeanty,RB,4,14.0,H,5,23.0,0.8,0.6086956521739131
2025_18_KC_LV,18,KC,Q1,LV,00-0037258,D.Pierce,00-0037258,Dameon Pierce,RB,3,8.0,A,9,43.0,0.3333333333333333,0.18604651162790697
2025_18_KC_LV,18,KC,Q1,LV,00-0033923,K.Hunt,00-0033923,Kareem Hunt,RB,0,0.0,A,9,43.0,0.0,0.0
2025_18_KC_LV,18,LV,Q1,KC,00-0038040,Z.White,00-0038040,Zamir White,RB,0,0.0,H,5,23.0,0.0,0.0
2025_18_LAC_DEN,18,DEN,Q1,LAC,00-0038794,J.McLaughlin,00-0038794,Jaleel McLaughlin,RB,3,23.0,H,13,75.0,0.23076923076923078,0.30666666666666664
2025_18_LAC_DEN,18,DEN,Q1,LAC,00-0040730,R.Harvey,00-0040730,RJ Harvey,RB,5,22.0,H,13,75.0,0.38461538461538464,0.29333333333333333
2025_18_LAC_DEN,18,DEN,Q1,LAC,00-0037085,T.Badie,00-0037085,Tyler Badie,RB,1,-3.0,H,13,75.0,0.07692307692307693,-0.04
2025_18_LAC_DEN,18,LAC,Q1,DEN,00-0036755,J.Patterson,00-0036755,Jaret Patterson,RB,4,23.0,A,5,26.0,0.8,0.8846153846153846
2025_18_LAC_DEN,18,LAC,Q1,DEN,00-0037617,H.Haskins,00-0037617,Hassan Haskins,RB,0,0.0,A,5,26.0,0.0,0.0
2025_18_LAC_DEN,18,LAC,Q1,DEN,00-0039391,K.Vidal,00-0039391,Kimani Vidal,RB,0,0.0,A,5,26.0,0.0,0.0
2025_18_MIA_NE,18,NE,Q1,MIA,00-0036875,R.Stevenson,00-0036875,Rhamondre Stevenson,RB,3,67.0,H,10,108.0,0.3,0.6203703703703703
2025_18_MIA_NE,18,NE,Q1,MIA,00-0040734,T.Henderson,00-0040734,TreVeyon Henderson,RB,5,29.0,H,10,108.0,0.5,0.26851851851851855
2025_18_MIA_NE,18,MIA,Q1,NE,00-0039874,J.Wright,00-0039874,Jaylen Wright,RB,4,2.0,A,7,21.0,0.5714285714285714,0.09523809523809523
2025_18_MIA_NE,18,MIA,Q1,NE,00-0040198,O.Gordon,00-0040198,Ollie Gordon II,RB,1,2.0,A,7,21.0,0.14285714285714285,0.09523809523809523
2025_18_MIA_NE,18,NE,Q1,MIA,00-0035628,D.Johnson,00-0035628,D'Ernest Johnson,RB,0,0.0,H,10,108.0,0.0,0.0
2025_18_NO_ATL,18,ATL,Q1,NO,00-0038542,B.Robinson,00-0038542,Bijan Robinson,RB,5,7.0,H,7,15.0,0.7142857142857143,0.4666666666666667
2025_18_NO_ATL,18,ATL,Q1,NO,00-0037263,T.Allgeier,00-0037263,Tyler Allgeier,RB,2,8.0,H,7,15.0,0.2857142857142857,0.5333333333333333
2025_18_NO_ATL,18,NO,Q1,ATL,00-0039373,A.Estime,00-0039373,Audric Estimé,RB,3,1.0,A,3,1.0,1.0,1.0
2025_18_NO_ATL,18,NO,Q1,ATL,00-0038397,E.Hull,00-0038397,Evan Hull,RB,0,0.0,A,3,1.0,0.0,0.0
2025_18_NYJ_BUF,18,BUF,Q1,NYJ,00-0037248,J.Cook,00-0037248,James Cook,RB,2,15.0,H,12,66.0,0.16666666666666666,0.22727272727272727
2025_18_NYJ_BUF,18,BUF,Q1,NYJ,00-0039875,R.Davis,00-0039875,Ray Davis,RB,7,47.0,H,12,66.0,0.5833333333333334,0.7121212121212122
2025_18_NYJ_BUF,18,BUF,Q1,NYJ,00-0035537,Ty.Johnson,00-0035537,Ty Johnson,RB,3,4.0,H,12,66.0,0.25,0.06060606060606061
2025_18_NYJ_BUF,18,NYJ,Q1,BUF,00-0036842,K.Nwangwu,00-0036842,Kene Nwangwu,RB,4,9.0,A,4,9.0,1.0,1.0
2025_18_NYJ_BUF,18,NYJ,Q1,BUF,00-0036906,K.Herbert,00-0036906,Khalil Herbert,RB,0,0.0,A,4,9.0,0.0,0.0
2025_18_NYJ_BUF,18,BUF,Q1,NYJ,00-0036187,R.Gilliam,00-0036187,Reggie Gilliam,RB,0,0.0,H,12,66.0,0.0,0.0
2025_18_SEA_SF,18,SEA,Q1,SF,00-0038134,K.Walker,00-0038134,Kenneth Walker III,RB,5,41.0,A,12,88.0,0.4166666666666667,0.4659090909090909
2025_18_SEA_SF,18,SEA,Q1,SF,00-0039165,Z.Charbonnet,00-0039165,Zach Charbonnet,RB,7,47.0,A,12,88.0,0.5833333333333334,0.5340909090909091
2025_18_SEA_SF,18,SF,Q1,SEA,00-0033280,C.McCaffrey,00-0033280,Christian McCaffrey,RB,2,4.0,H,2,4.0,1.0,1.0
2025_18_SEA_SF,18,SF,Q1,SEA,00-0037746,B.Robinson,00-0037746,Brian Robinson,RB,0,0.0,H,2,4.0,0.0,0.0
2025_18_TEN_JAX,18,JAX,Q1,TEN,00-0036973,T.Etienne,00-0036973,Travis Etienne,RB,3,8.0,H,3,8.0,1.0,1.0
2025_18_TEN_JAX,18,TEN,Q1,JAX,00-0035261,T.Pollard,00-0035261,Tony Pollard,RB,4,12.0,A,6,23.0,0.6666666666666666,0.5217391304347826
2025_18_TEN_JAX,18,JAX,Q1,TEN,00-0040719,B.Tuten,00-0040719,Bhayshul Tuten,RB,0,0.0,H,3,8.0,0.0,0.0
2025_18_TEN_JAX,18,TEN,Q1,JAX,00-0039032,T.Spears,00-0039032,Tyjae Spears,RB,0,0.0,A,6,23.0,0.0,0.0
2025_18_WAS_PHI,18,PHI,Q1,WAS,00-0038555,T.Bigsby,00-0038555,Tank Bigsby,RB,2,22.0,H,4,25.0,0.5,0.88
2025_18_WAS_PHI,18,WAS,Q1,PHI,00-0040242,J.Croskey-Merritt,00-0040242,Jacory Croskey-Merritt,RB,7,14.0,A,9,30.0,0.7777777777777778,0.4666666666666667
2025_18_WAS_PHI,18,WAS,Q1,PHI,00-0038611,C.Rodriguez,00-0038611,Chris Rodriguez Jr.,RB,0,0.0,A,9,30.0,0.0,0.0
2025_18_WAS_PHI,18,WAS,Q1,PHI,00-0033955,J.McNichols,00-0033955,Jeremy McNichols,RB,0,0.0,A,9,30.0,0.0,0.0
2025_18_WAS_PHI,18,PHI,Q1,WAS,00-0039746,W.Shipley,00-0039746,Will Shipley,RB,0,0.0,H,4,25.0,0.0,0.0
2025_01_ARI_NO,1,ARI,1H,NO,00-0033553,J.Conner,00-0033553,James Conner,RB,7,24.0,A,13,51.0,0.5384615384615384,0.47058823529411764
2025_01_ARI_NO,1,ARI,1H,NO,00-0039921,T.Benson,00-0039921,Trey Benson,RB,3,9.0,A,13,51.0,0.23076923076923078,0.17647058823529413
2025_01_ARI_NO,1,NO,1H,ARI,00-0033906,A.Kamara,00-0033906,Alvin Kamara,RB,5,38.0,H,12,75.0,0.4166666666666667,0.5066666666666667
2025_01_ARI_NO,1,NO,1H,ARI,00-0038551,K.Miller,00-0038551,Kendre Miller,RB,3,20.0,H,12,75.0,0.25,0.26666666666666666
2025_01_ARI_NO,1,NO,1H,ARI,00-0040202,D.Neal,00-0040202,Devin Neal,RB,2,9.0,H,12,75.0,0.16666666666666666,0.12
2025_01_BAL_BUF,1,BUF,1H,BAL,00-0037248,J.Cook,00-0037248,James Cook,RB,7,19.0,H,11,54.0,0.6363636363636364,0.35185185185185186
2025_01_BAL_BUF,1,BUF,1H,BAL,00-0035537,Ty.Johnson,00-0035537,Ty Johnson,RB,2,24.0,H,11,54.0,0.18181818181818182,0.4444444444444444
2025_01_BAL_BUF,1,BAL,1H,BUF,00-0032764,D.Henry,00-0032764,Derrick Henry,RB,9,123.0,A,17,160.0,0.5294117647058824,0.76875
2025_01_BAL_BUF,1,BAL,1H,BUF,00-0034975,J.Hill,00-0034975,Justice Hill,RB,2,-14.0,A,17,160.0,0.11764705882352941,-0.0875
2025_01_BAL_BUF,1,BAL,1H,BUF,00-0039796,R.Ali,00-0039796,Rasheen Ali,RB,1,5.0,A,17,160.0,0.058823529411764705,0.03125
2025_01_BAL_BUF,1,BUF,1H,BAL,00-0039875,R.Davis,00-0039875,Ray Davis,RB,0,0.0,H,11,54.0,0.0,0.0
2025_01_CAR_JAX,1,JAX,1H,CAR,00-0036973,T.Etienne,00-0036973,Travis Etienne,RB,7,99.0,H,13,134.0,0.5384615384615384,0.7388059701492538
2025_01_CAR_JAX,1,CAR,1H,JAX,00-0036555,C.Hubbard,00-0036555,Chuba Hubbard,RB,10,43.0,A,14,74.0,0.7142857142857143,0.581081081081081
2025_01_CAR_JAX,1,JAX,1H,CAR,00-0040238,L.Allen,00-0040238,LeQuint Allen Jr.,RB,1,7.0,H,13,134.0,0.07692307692307693,0.05223880597014925
2025_01_CAR_JAX,1,JAX,1H,CAR,00-0040719,B.Tuten,00-0040719,Bhayshul Tuten,RB,2,11.0,H,13,134.0,0.15384615384615385,0.08208955223880597
2025_01_CAR_JAX,1,CAR,1H,JAX,00-0040644,T.Etienne,00-0040644,Trevor Etienne,RB,0,0.0,A,14,74.0,0.0,0.0
2025_01_CAR_JAX,1,CAR,1H,JAX,00-0036139,R.Dowdle,00-0036139,Rico Dowdle,RB,0,0.0,A,14,74.0,0.0,0.0
2025_01_CAR_JAX,1,JAX,1H,CAR,00-0038555,T.Bigsby,00-0038555,Tank Bigsby,RB,0,0.0,H,13,134.0,0.0,0.0
2025_01_CIN_CLE,1,CIN,1H,CLE,00-0038597,C.Brown,00-0038597,Chase Brown,RB,12,43.0,A,14,46.0,0.8571428571428571,0.9347826086956522
2025_01_CIN_CLE,1,CLE,1H,CIN,00-0040162,D.Sampson,00-0040162,Dylan Sampson,RB,5,9.0,H,14,24.0,0.35714285714285715,0.375
2025_01_CIN_CLE,1,CLE,1H,CIN,00-0037267,J.Ford,00-0037267,Jerome Ford,RB,4,7.0,H,14,24.0,0.2857142857142857,0.2916666666666667
2025_01_CIN_CLE,1,CLE,1H,CIN,00-0040466,R.Sanders,00-0040466,Raheim Sanders,RB,3,3.0,H,14,24.0,0.21428571428571427,0.125
2025_01_DAL_PHI,1,DAL,1H,PHI,00-0036997,J.Williams,00-0036997,Javonte Williams,RB,9,38.0,A,13,50.0,0.6923076923076923,0.76
2025_01_DAL_PHI,1,PHI,1H,DAL,00-0034844,S.Barkley,00-0034844,Saquon Barkley,RB,10,49.0,H,19,123.0,0.5263157894736842,0.3983739837398374
2025_01_DAL_PHI,1,PHI,1H,DAL,00-0039746,W.Shipley,00-0039746,Will Shipley,RB,3,26.0,H,19,123.0,0.15789473684210525,0.21138211382113822
2025_01_DAL_PHI,1,DAL,1H,PHI,00-0035243,M.Sanders,00-0035243,Miles Sanders,RB,1,0.0,A,13,50.0,0.07692307692307693,0.0
2025_01_DAL_PHI,1,PHI,1H,DAL,00-0036265,A.Dillon,00-0036265,AJ Dillon,RB,0,0.0,H,19,123.0,0.0,0.0
2025_01_DET_GB,1,GB,1H,DET,00-0035700,J.Jacobs,00-0035700,Josh Jacobs,RB,6,8.0,H,7,11.0,0.8571428571428571,0.7272727272727273
2025_01_DET_GB,1,DET,1H,GB,00-0039139,J.Gibbs,00-0039139,Jahmyr Gibbs,RB,6,22.0,A,16,48.0,0.375,0.4583333333333333
2025_01_DET_GB,1,DET,1H,GB,00-0035685,D.Montgomery,00-0035685,David Montgomery,RB,8,24.0,A,16,48.0,0.5,0.5
2025_01_DET_GB,1,GB,1H,DET,00-0038685,C.Brooks,00-0038685,Chris Brooks,RB,0,0.0,H,7,11.0,0.0,0.0
2025_01_DET_GB,1,GB,1H,DET,00-0038797,E.Wilson,00-0038797,Emanuel Wilson,RB,0,0.0,H,7,11.0,0.0,0.0
2025_01_HOU_LA,1,HOU,1H,LA,00-0034791,N.Chubb,00-0034791,Nick Chubb,RB,7,31.0,A,16,73.0,0.4375,0.4246575342465753
2025_01_HOU_LA,1,HOU,1H,LA,00-0033854,D.Ogunbowale,00-0033854,Dare Ogunbowale,RB,2,9.0,A,16,73.0,0.125,0.1232876712328767
2025_01_HOU_LA,1,LA,1H,HOU,00-0037840,K.Williams,00-0037840,Kyren Williams,RB,9,31.0,H,13,37.0,0.6923076923076923,0.8378378378378378
2025_01_HOU_LA,1,HOU,1H,LA,00-0037258,D.Pierce,00-0037258,Dameon Pierce,RB,2,4.0,A,16,73.0,0.125,0.0547945205479452
2025_01_HOU_LA,1,HOU,1H,LA,00-0040583,W.Marks,00-0040583,Woody Marks,RB,1,2.0,A,16,73.0,0.0625,0.0273972602739726
2025_01_HOU_LA,1,LA,1H,HOU,00-0039738,B.Corum,00-0039738,Blake Corum,RB,0,0.0,H,13,37.0,0.0,0.0
2025_01_KC_LAC,1,KC,1H,LAC,00-0037197,I.Pacheco,00-0037197,Isiah Pacheco,RB,4,21.0,A,9,43.0,0.4444444444444444,0.4883720930232558
2025_01_KC_LAC,1,LAC,1H,KC,00-0040666,O.Hampton,00-0040666,Omarion Hampton,RB,8,31.0,H,10,41.0,0.8,0.7560975609756098
2025_01_KC_LAC,1,KC,1H,LAC,00-0033923,K.Hunt,00-0033923,Kareem Hunt,RB,2,7.0,A,9,43.0,0.2222222222222222,0.16279069767441862
2025_01_KC_LAC,1,LAC,1H,KC,00-0036893,N.Harris,00-0036893,Najee Harris,RB,0,0.0,H,10,41.0,0.0,0.0
2025_01_LV_NE,1,LV,1H,NE,00-0040122,A.Jeanty,00-0040122,Ashton Jeanty,RB,6,24.0,A,8,35.0,0.75,0.6857142857142857
2025_01_LV_NE,1,NE,1H,LV,00-0036875,R.Stevenson,00-0036875,Rhamondre Stevenson,RB,7,15.0,H,15,50.0,0.4666666666666667,0.3
2025_01_LV_NE,1,LV,1H,NE,00-0038040,Z.White,00-0038040,Zamir White,RB,1,0.0,A,8,35.0,0.125,0.0
2025_01_LV_NE,1,NE,1H,LV,00-0040734,T.Henderson,00-0040734,TreVeyon Henderson,RB,5,27.0,H,15,50.0,0.3333333333333333,0.54
2025_01_LV_NE,1,NE,1H,LV,00-0036328,A.Gibson,00-0036328,Antonio Gibson,RB,0,0.0,H,15,50.0,0.0,0.0
2025_01_MIA_IND,1,IND,1H,MIA,00-0036223,J.Taylor,00-0036223,Jonathan Taylor,RB,15,52.0,H,20,68.0,0.75,0.7647058823529411
2025_01_MIA_IND,1,MIA,1H,IND,00-0039040,D.Achane,00-0039040,De'Von Achane,RB,5,14.0,A,5,14.0,1.0,1.0
2025_01_MIA_IND,1,MIA,1H,IND,00-0040198,O.Gordon,00-0040198,Ollie Gordon II,RB,0,0.0,A,5,14.0,0.0,0.0
2025_01_MIA_IND,1,IND,1H,MIA,00-0040179,D.Giddens,00-0040179,DJ Giddens,RB,0,0.0,H,20,68.0,0.0,0.0
2025_01_MIA_IND,1,IND,1H,MIA,00-0040476,U.Bentley,00-0040476,Ulysses Bentley IV,RB,0,0.0,H,20,68.0,0.0,0.0
2025_01_MIN_CHI,1,MIN,1H,CHI,00-0033293,A.Jones,00-0033293,Aaron Jones,RB,3,6.0,A,9,35.0,0.3333333333333333,0.17142857142857143
2025_01_MIN_CHI,1,CHI,1H,MIN,00-0036275,D.Swift,00-0036275,D'Andre Swift,RB,9,22.0,H,15,60.0,0.6,0.36666666666666664
2025_01_MIN_CHI,1,MIN,1H,CHI,00-0037525,J.Mason,00-0037525,Jordan Mason,RB,4,14.0,A,9,35.0,0.4444444444444444,0.4
2025_01_NYG_WAS,1,WAS,1H,NYG,00-0033699,A.Ekeler,00-0033699,Austin Ekeler,RB,5,23.0,H,14,87.0,0.35714285714285715,0.26436781609195403
2025_01_NYG_WAS,1,NYG,1H,WAS,00-0039384,T.Tracy,00-0039384,Tyrone Tracy Jr.,RB,5,14.0,A,11,30.0,0.45454545454545453,0.4666666666666667
2025_01_NYG_WAS,1,NYG,1H,WAS,00-0040715,C.Skattebo,00-0040715,Cam Skattebo,RB,2,-3.0,A,11,30.0,0.18181818181818182,-0.1
2025_01_NYG_WAS,1,WAS,1H,NYG,00-0040242,J.Croskey-Merritt,00-0040242,Jacory Croskey-Merritt,RB,4,24.0,H,14,87.0,0.2857142857142857,0.27586206896551724
2025_01_NYG_WAS,1,NYG,1H,WAS,00-0035250,D.Singletary,00-0035250,Devin Singletary,RB,2,9.0,A,11,30.0,0.18181818181818182,0.3
2025_01_NYG_WAS,1,WAS,1H,NYG,00-0033955,J.McNichols,00-0033955,Jeremy McNichols,RB,0,0.0,H,14,87.0,0.0,0.0
2025_01_PIT_NYJ,1,NYJ,1H,PIT,00-0038120,B.Hall,00-0038120,Breece Hall,RB,9,49.0,H,21,106.0,0.42857142857142855,0.46226415094339623
2025_01_PIT_NYJ,1,NYJ,1H,PIT,00-0039794,B.Allen,00-0039794,Braelon Allen,RB,4,9.0,H,21,106.0,0.19047619047619047,0.08490566037735849
2025_01_PIT_NYJ,1,NYJ,1H,PIT,00-0039798,I.Davis,00-0039798,Isaiah Davis,RB,2,18.0,H,21,106.0,0.09523809523809523,0.16981132075471697
2025_01_PIT_NYJ,1,PIT,1H,NYJ,00-0036919,K.Gainwell,00-0036919,Kenneth Gainwell,RB,6,13.0,A,10,22.0,0.6,0.5909090909090909
2025_01_PIT_NYJ,1,PIT,1H,NYJ,00-0037228,J.Warren,00-0037228,Jaylen Warren,RB,4,9.0,A,10,22.0,0.4,0.4090909090909091
2025_01_PIT_NYJ,1,PIT,1H,NYJ,00-0040142,K.Johnson,00-0040142,Kaleb Johnson,RB,0,0.0,A,10,22.0,0.0,0.0
2025_01_SF_SEA,1,SEA,1H,SF,00-0038134,K.Walker,00-0038134,Kenneth Walker III,RB,4,4.0,H,16,50.0,0.25,0.08
2025_01_SF_SEA,1,SF,1H,SEA,00-0033280,C.McCaffrey,00-0033280,Christian McCaffrey,RB,11,37.0,A,17,53.0,0.6470588235294118,0.6981132075471698
2025_01_SF_SEA,1,SF,1H,SEA,00-0037746,B.Robinson,00-0037746,Brian Robinson,RB,2,-2.0,A,17,53.0,0.11764705882352941,-0.03773584905660377
2025_01_SF_SEA,1,SEA,1H,SF,00-0039165,Z.Charbonnet,00-0039165,Zach Charbonnet,RB,9,34.0,H,16,50.0,0.5625,0.68
2025_01_TB_ATL,1,ATL,1H,TB,00-0037263,T.Allgeier,00-0037263,Tyler Allgeier,RB,6,17.0,H,13,26.0,0.46153846153846156,0.6538461538461539
2025_01_TB_ATL,1,TB,1H,ATL,00-0039361,B.Irving,00-0039361,Bucky Irving,RB,8,25.0,A,13,51.0,0.6153846153846154,0.49019607843137253
2025_01_TB_ATL,1,ATL,1H,TB,00-0038542,B.Robinson,00-0038542,Bijan Robinson,RB,4,6.0,H,13,26.0,0.3076923076923077,0.23076923076923078
2025_01_TB_ATL,1,TB,1H,ATL,00-0038951,S.Tucker,00-0038951,Sean Tucker,RB,1,2.0,A,13,51.0,0.07692307692307693,0.0392156862745098
2025_01_TB_ATL,1,TB,1H,ATL,00-0037256,R.White,00-0037256,Rachaad White,RB,2,14.0,A,13,51.0,0.15384615384615385,0.27450980392156865
2025_01_TEN_DEN,1,TEN,1H,DEN,00-0035261,T.Pollard,00-0035261,Tony Pollard,RB,12,47.0,A,14,57.0,0.8571428571428571,0.8245614035087719
2025_01_TEN_DEN,1,DEN,1H,TEN,00-0036158,J.Dobbins,00-0036158,J.K. Dobbins,RB,4,11.0,H,9,25.0,0.4444444444444444,0.44
2025_01_TEN_DEN,1,DEN,1H,TEN,00-0040730,R.Harvey,00-0040730,RJ Harvey,RB,3,13.0,H,9,25.0,0.3333333333333333,0.52
2025_01_TEN_DEN,1,TEN,1H,DEN,00-0037594,J.Chestnut,00-0037594,Julius Chestnut,RB,1,1.0,A,14,57.0,0.07142857142857142,0.017543859649122806
2025_02_ATL_MIN,2,ATL,1H,MIN,00-0038542,B.Robinson,00-0038542,Bijan Robinson,RB,9,72.0,A,13,97.0,0.6923076923076923,0.7422680412371134
2025_02_ATL_MIN,2,MIN,1H,ATL,00-0033293,A.Jones,00-0033293,Aaron Jones,RB,4,15.0,H,12,41.0,0.3333333333333333,0.36585365853658536
2025_02_ATL_MIN,2,ATL,1H,MIN,00-0037263,T.Allgeier,00-0037263,Tyler Allgeier,RB,4,25.0,A,13,97.0,0.3076923076923077,0.25773195876288657
2025_02_ATL_MIN,2,MIN,1H,ATL,00-0037525,J.Mason,00-0037525,Jordan Mason,RB,5,18.0,H,12,41.0,0.4166666666666667,0.43902439024390244
2025_02_BUF_NYJ,2,NYJ,1H,BUF,00-0038120,B.Hall,00-0038120,Breece Hall,RB,7,16.0,H,14,63.0,0.5,0.25396825396825395
2025_02_BUF_NYJ,2,BUF,1H,NYJ,00-0037248,J.Cook,00-0037248,James Cook,RB,10,83.0,A,20,146.0,0.5,0.5684931506849316
2025_02_BUF_NYJ,2,BUF,1H,NYJ,00-0039875,R.Davis,00-0039875,Ray Davis,RB,3,9.0,A,20,146.0,0.15,0.06164383561643835
2025_02_BUF_NYJ,2,BUF,1H,NYJ,00-0035537,Ty.Johnson,00-0035537,Ty Johnson,RB,2,6.0,A,20,146.0,0.1,0.0410958904109589
2025_02_BUF_NYJ,2,NYJ,1H,BUF,00-0039794,B.Allen,00-0039794,Braelon Allen,RB,1,8.0,H,14,63.0,0.07142857142857142,0.12698412698412698
2025_02_CAR_ARI,2,CAR,1H,ARI,00-0036555,C.Hubbard,00-0036555,Chuba Hubbard,RB,5,8.0,A,11,12.0,0.45454545454545453,0.6666666666666666
2025_02_CAR_ARI,2,ARI,1H,CAR,00-0033553,J.Conner,00-0033553,James Conner,RB,5,18.0,H,10,36.0,0.5,0.5
2025_02_CAR_ARI,2,CAR,1H,ARI,00-0036139,R.Dowdle,00-0036139,Rico Dowdle,RB,3,2.0,A,11,12.0,0.2727272727272727,0.16666666666666666
2025_02_CAR_ARI,2,ARI,1H,CAR,00-0039921,T.Benson,00-0039921,Trey Benson,RB,1,11.0,H,10,36.0,0.1,0.3055555555555556
2025_02_CHI_DET,2,DET,1H,CHI,00-0039139,J.Gibbs,00-0039139,Jahmyr Gibbs,RB,7,35.0,H,14,83.0,0.5,0.42168674698795183
2025_02_CHI_DET,2,CHI,1H,DET,00-0036275,D.Swift,00-0036275,D'Andre Swift,RB,8,50.0,A,13,66.0,0.6153846153846154,0.7575757575757576
2025_02_CHI_DET,2,DET,1H,CHI,00-0035685,D.Montgomery,00-0035685,David Montgomery,RB,5,33.0,H,14,83.0,0.35714285714285715,0.39759036144578314
2025_02_CHI_DET,2,CHI,1H,DET,00-0040236,K.Monangai,00-0040236,Kyle Monangai,RB,1,-1.0,A,13,66.0,0.07692307692307693,-0.015151515151515152
2025_02_CHI_DET,2,DET,1H,CHI,00-0035567,C.Reynolds,00-0035567,Craig Reynolds,RB,0,0.0,H,14,83.0,0.0,0.0
2025_02_CLE_BAL,2,CLE,1H,BAL,00-0040784,Q.Judkins,00-0040784,Quinshon Judkins,RB,6,20.0,A,10,34.0,0.6,0.5882352941176471
2025_02_CLE_BAL,2,BAL,1H,CLE,00-0032764,D.Henry,00-0032764,Derrick Henry,RB,5,5.0,H,9,14.0,0.5555555555555556,0.35714285714285715
2025_02_CLE_BAL,2,BAL,1H,CLE,00-0034975,J.Hill,00-0034975,Justice Hill,RB,3,7.0,H,9,14.0,0.3333333333333333,0.5
2025_02_CLE_BAL,2,CLE,1H,BAL,00-0040162,D.Sampson,00-0040162,Dylan Sampson,RB,2,1.0,A,10,34.0,0.2,0.029411764705882353
2025_02_CLE_BAL,2,CLE,1H,BAL,00-0037267,J.Ford,00-0037267,Jerome Ford,RB,1,4.0,A,10,34.0,0.1,0.11764705882352941
2025_02_DEN_IND,2,IND,1H,DEN,00-0036223,J.Taylor,00-0036223,Jonathan Taylor,RB,11,38.0,H,16,36.0,0.6875,1.0555555555555556
2025_02_DEN_IND,2,DEN,1H,IND,00-0036158,J.Dobbins,00-0036158,J.K. Dobbins,RB,7,34.0,A,11,52.0,0.6363636363636364,0.6538461538461539
2025_02_DEN_IND,2,DEN,1H,IND,00-0040730,R.Harvey,00-0040730,RJ Harvey,RB,3,7.0,A,11,52.0,0.2727272727272727,0.1346153846153846
2025_02_DEN_IND,2,DEN,1H,IND,00-0037085,T.Badie,00-0037085,Tyler Badie,RB,0,0.0,A,11,52.0,0.0,0.0
2025_02_JAX_CIN,2,JAX,1H,CIN,00-0036973,T.Etienne,00-0036973,Travis Etienne,RB,7,49.0,A,12,76.0,0.5833333333333334,0.6447368421052632
2025_02_JAX_CIN,2,CIN,1H,JAX,00-0038597,C.Brown,00-0038597,Chase Brown,RB,7,25.0,H,7,25.0,1.0,1.0
2025_02_JAX_CIN,2,JAX,1H,CIN,00-0040719,B.Tuten,00-0040719,Bhayshul Tuten,RB,3,15.0,A,12,76.0,0.25,0.19736842105263158
2025_02_JAX_CIN,2,JAX,1H,CIN,00-0040238,L.Allen,00-0040238,LeQuint Allen Jr.,RB,0,0.0,A,12,76.0,0.0,0.0
2025_02_LAC_LV,2,LV,1H,LAC,00-0040122,A.Jeanty,00-0040122,Ashton Jeanty,RB,7,30.0,H,12,50.0,0.5833333333333334,0.6
2025_02_LAC_LV,2,LV,1H,LAC,00-0038040,Z.White,00-0038040,Zamir White,RB,2,-2.0,H,12,50.0,0.16666666666666666,-0.04
2025_02_LAC_LV,2,LAC,1H,LV,00-0036893,N.Harris,00-0036893,Najee Harris,RB,2,6.0,A,11,54.0,0.18181818181818182,0.1111111111111111
2025_02_LAC_LV,2,LAC,1H,LV,00-0040666,O.Hampton,00-0040666,Omarion Hampton,RB,4,22.0,A,11,54.0,0.36363636363636365,0.4074074074074074
2025_02_LA_TEN,2,LA,1H,TEN,00-0037840,K.Williams,00-0037840,Kyren Williams,RB,7,18.0,A,9,67.0,0.7777777777777778,0.26865671641791045
2025_02_LA_TEN,2,TEN,1H,LA,00-0035261,T.Pollard,00-0035261,Tony Pollard,RB,12,53.0,H,16,63.0,0.75,0.8412698412698413
2025_02_LA_TEN,2,LA,1H,TEN,00-0039738,B.Corum,00-0039738,Blake Corum,RB,1,4.0,A,9,67.0,0.1111111111111111,0.05970149253731343
2025_02_NE_MIA,2,NE,1H,MIA,00-0036875,R.Stevenson,00-0036875,Rhamondre Stevenson,RB,8,55.0,A,20,102.0,0.4,0.5392156862745098
2025_02_NE_MIA,2,NE,1H,MIA,00-0036328,A.Gibson,00-0036328,Antonio Gibson,RB,4,12.0,A,20,102.0,0.2,0.11764705882352941
2025_02_NE_MIA,2,MIA,1H,NE,00-0039040,D.Achane,00-0039040,De'Von Achane,RB,5,22.0,H,7,48.0,0.7142857142857143,0.4583333333333333
2025_02_NE_MIA,2,NE,1H,MIA,00-0040734,T.Henderson,00-0040734,TreVeyon Henderson,RB,2,8.0,A,20,102.0,0.1,0.0784313725490196
2025_02_NE_MIA,2,MIA,1H,NE,00-0040198,O.Gordon,00-0040198,Ollie Gordon II,RB,1,8.0,H,7,48.0,0.14285714285714285,0.16666666666666666
2025_02_NYG_DAL,2,NYG,1H,DAL,00-0035250,D.Singletary,00-0035250,Devin Singletary,RB,1,4.0,A,11,30.0,0.09090909090909091,0.13333333333333333
2025_02_NYG_DAL,2,NYG,1H,DAL,00-0040715,C.Skattebo,00-0040715,Cam Skattebo,RB,5,12.0,A,11,30.0,0.45454545454545453,0.4
2025_02_NYG_DAL,2,NYG,1H,DAL,00-0039384,T.Tracy,00-0039384,Tyrone Tracy Jr.,RB,4,12.0,A,11,30.0,0.36363636363636365,0.4
2025_02_NYG_DAL,2,DAL,1H,NYG,00-0036997,J.Williams,00-0036997,Javonte Williams,RB,6,16.0,H,6,16.0,1.0,1.0
2025_02_NYG_DAL,2,DAL,1H,NYG,00-0035243,M.Sanders,00-0035243,Miles Sanders,RB,0,0.0,H,6,16.0,0.0,0.0
2025_02_PHI_KC,2,PHI,1H,KC,00-0034844,S.Barkley,00-0034844,Saquon Barkley,RB,6,30.0,A,10,54.0,0.6,0.5555555555555556
2025_02_PHI_KC,2,KC,1H,PHI,00-0037197,I.Pacheco,00-0037197,Isiah Pacheco,RB,5,12.0,H,15,97.0,0.3333333333333333,0.12371134020618557
2025_02_PHI_KC,2,KC,1H,PHI,00-0033923,K.Hunt,00-0033923,Kareem Hunt,RB,4,23.0,H,15,97.0,0.26666666666666666,0.23711340206185566
2025_02_PHI_KC,2,PHI,1H,KC,00-0036265,A.Dillon,00-0036265,AJ Dillon,RB,2,11.0,A,10,54.0,0.2,0.2037037037037037
2025_02_PHI_KC,2,KC,1H,PHI,00-0040078,B.Smith,00-0040078,Brashard Smith,RB,1,2.0,H,15,97.0,0.06666666666666667,0.020618556701030927
2025_02_SEA_PIT,2,SEA,1H,PIT,00-0038134,K.Walker,00-0038134,Kenneth Walker III,RB,5,26.0,A,13,39.0,0.38461538461538464,0.6666666666666666
2025_02_SEA_PIT,2,SEA,1H,PIT,00-0039165,Z.Charbonnet,00-0039165,Zach Charbonnet,RB,7,11.0,A,13,39.0,0.5384615384615384,0.28205128205128205
2025_02_SEA_PIT,2,PIT,1H,SEA,00-0037228,J.Warren,00-0037228,Jaylen Warren,RB,10,41.0,H,13,43.0,0.7692307692307693,0.9534883720930233
2025_02_SEA_PIT,2,PIT,1H,SEA,00-0036919,K.Gainwell,00-0036919,Kenneth Gainwell,RB,2,1.0,H,13,43.0,0.15384615384615385,0.023255813953488372
2025_02_SEA_PIT,2,PIT,1H,SEA,00-0040142,K.Johnson,00-0040142,Kaleb Johnson,RB,1,1.0,H,13,43.0,0.07692307692307693,0.023255813953488372
2025_02_SF_NO,2,NO,1H,SF,00-0033906,A.Kamara,00-0033906,Alvin Kamara,RB,8,46.0,H,13,58.0,0.6153846153846154,0.7931034482758621
2025_02_SF_NO,2,SF,1H,NO,00-0033280,C.McCaffrey,00-0033280,Christian McCaffrey,RB,8,39.0,A,13,48.0,0.6153846153846154,0.8125
2025_02_SF_NO,2,SF,1H,NO,00-0037746,B.Robinson,00-0037746,Brian Robinson,RB,2,5.0,A,13,48.0,0.15384615384615385,0.10416666666666667
2025_02_SF_NO,2,NO,1H,SF,00-0038551,K.Miller,00-0038551,Kendre Miller,RB,3,3.0,H,13,58.0,0.23076923076923078,0.05172413793103448
2025_02_TB_HOU,2,HOU,1H,TB,00-0034791,N.Chubb,00-0034791,Nick Chubb,RB,4,5.0,H,9,37.0,0.4444444444444444,0.13513513513513514
2025_02_TB_HOU,2,TB,1H,HOU,00-0037256,R.White,00-0037256,Rachaad White,RB,5,25.0,A,13,68.0,0.38461538461538464,0.36764705882352944
2025_02_TB_HOU,2,TB,1H,HOU,00-0039361,B.Irving,00-0039361,Bucky Irving,RB,7,41.0,A,13,68.0,0.5384615384615384,0.6029411764705882
2025_02_TB_HOU,2,HOU,1H,TB,00-0040583,W.Marks,00-0040583,Woody Marks,RB,2,11.0,H,9,37.0,0.2222222222222222,0.2972972972972973
2025_02_WAS_GB,2,GB,1H,WAS,00-0035700,J.Jacobs,00-0035700,Josh Jacobs,RB,12,42.0,H,15,70.0,0.8,0.6
2025_02_WAS_GB,2,WAS,1H,GB,00-0033699,A.Ekeler,00-0033699,Austin Ekeler,RB,4,11.0,A,9,34.0,0.4444444444444444,0.3235294117647059
2025_02_WAS_GB,2,WAS,1H,GB,00-0040242,J.Croskey-Merritt,00-0040242,Jacory Croskey-Merritt,RB,2,9.0,A,9,34.0,0.2222222222222222,0.2647058823529412
2025_03_ARI_SF,3,ARI,1H,SF,00-0033553,J.Conner,00-0033553,James Conner,RB,7,12.0,A,14,41.0,0.5,0.2926829268292683
2025_03_ARI_SF,3,ARI,1H,SF,00-0039921,T.Benson,00-0039921,Trey Benson,RB,4,6.0,A,14,41.0,0.2857142857142857,0.14634146341463414
2025_03_ARI_SF,3,SF,1H,ARI,00-0033280,C.McCaffrey,00-0033280,Christian McCaffrey,RB,5,9.0,H,5,9.0,1.0,1.0
2025_03_ARI_SF,3,ARI,1H,SF,00-0038705,E.Demercado,00-0038705,Emari Demercado,RB,0,0.0,A,14,41.0,0.0,0.0
2025_03_ARI_SF,3,SF,1H,ARI,00-0037746,B.Robinson,00-0037746,Brian Robinson,RB,0,0.0,H,5,9.0,0.0,0.0
2025_03_ATL_CAR,3,ATL,1H,CAR,00-0038542,B.Robinson,00-0038542,Bijan Robinson,RB,9,40.0,A,11,47.0,0.8181818181818182,0.851063829787234
2025_03_ATL_CAR,3,CAR,1H,ATL,00-0036555,C.Hubbard,00-0036555,Chuba Hubbard,RB,6,33.0,H,12,52.0,0.5,0.6346153846153846
2025_03_ATL_CAR,3,ATL,1H,CAR,00-0037263,T.Allgeier,00-0037263,Tyler Allgeier,RB,1,4.0,A,11,47.0,0.09090909090909091,0.0851063829787234
2025_03_ATL_CAR,3,CAR,1H,ATL,00-0036139,R.Dowdle,00-0036139,Rico Dowdle,RB,4,11.0,H,12,52.0,0.3333333333333333,0.21153846153846154
2025_03_ATL_CAR,3,ATL,1H,CAR,00-0040547,N.Carter,00-0040547,Nate Carter,RB,0,0.0,A,11,47.0,0.0,0.0
2025_03_CIN_MIN,3,MIN,1H,CIN,00-0037525,J.Mason,00-0037525,Jordan Mason,RB,8,41.0,H,13,58.0,0.6153846153846154,0.7068965517241379
2025_03_CIN_MIN,3,CIN,1H,MIN,00-0038597,C.Brown,00-0038597,Chase Brown,RB,7,3.0,A,13,36.0,0.5384615384615384,0.08333333333333333
2025_03_CIN_MIN,3,CIN,1H,MIN,00-0033526,S.Perine,00-0033526,Samaje Perine,RB,4,21.0,A,13,36.0,0.3076923076923077,0.5833333333333334
2025_03_CIN_MIN,3,MIN,1H,CIN,00-0038440,Z.Scott,00-0038440,Zavier Scott,RB,4,16.0,H,13,58.0,0.3076923076923077,0.27586206896551724
2025_03_CIN_MIN,3,CIN,1H,MIN,00-0040208,T.Brooks,00-0040208,Tahj Brooks,RB,0,0.0,A,13,36.0,0.0,0.0
2025_03_CIN_MIN,3,MIN,1H,CIN,00-0036414,C.Akers,00-0036414,Cam Akers,RB,0,0.0,H,13,58.0,0.0,0.0
2025_03_DAL_CHI,3,CHI,1H,DAL,00-0036275,D.Swift,00-0036275,D'Andre Swift,RB,4,5.0,H,10,36.0,0.4,0.1388888888888889
2025_03_DAL_CHI,3,DAL,1H,CHI,00-0036997,J.Williams,00-0036997,Javonte Williams,RB,9,67.0,A,13,85.0,0.6923076923076923,0.788235294117647
2025_03_DAL_CHI,3,DAL,1H,CHI,00-0035243,M.Sanders,00-0035243,Miles Sanders,RB,3,14.0,A,13,85.0,0.23076923076923078,0.16470588235294117
2025_03_DAL_CHI,3,CHI,1H,DAL,00-0040236,K.Monangai,00-0040236,Kyle Monangai,RB,3,14.0,H,10,36.0,0.3,0.3888888888888889
2025_03_DEN_LAC,3,LAC,1H,DEN,00-0040666,O.Hampton,00-0040666,Omarion Hampton,RB,10,33.0,H,18,67.0,0.5555555555555556,0.4925373134328358
2025_03_DEN_LAC,3,DEN,1H,LAC,00-0040730,R.Harvey,00-0040730,RJ Harvey,RB,1,4.0,A,8,11.0,0.125,0.36363636363636365
2025_03_DEN_LAC,3,LAC,1H,DEN,00-0036893,N.Harris,00-0036893,Najee Harris,RB,6,28.0,H,18,67.0,0.3333333333333333,0.417910447761194
2025_03_DEN_LAC,3,DEN,1H,LAC,00-0036158,J.Dobbins,00-0036158,J.K. Dobbins,RB,4,-4.0,A,8,11.0,0.5,-0.36363636363636365
2025_03_DET_BAL,3,DET,1H,BAL,00-0039139,J.Gibbs,00-0039139,Jahmyr Gibbs,RB,11,19.0,A,21,57.0,0.5238095238095238,0.3333333333333333
2025_03_DET_BAL,3,BAL,1H,DET,00-0032764,D.Henry,00-0032764,Derrick Henry,RB,8,41.0,H,11,66.0,0.7272727272727273,0.6212121212121212
2025_03_DET_BAL,3,DET,1H,BAL,00-0035685,D.Montgomery,00-0035685,David Montgomery,RB,7,31.0,A,21,57.0,0.3333333333333333,0.543859649122807
2025_03_GB_CLE,3,CLE,1H,GB,00-0040784,Q.Judkins,00-0040784,Quinshon Judkins,RB,8,24.0,H,9,26.0,0.8888888888888888,0.9230769230769231
2025_03_GB_CLE,3,CLE,1H,GB,00-0040162,D.Sampson,00-0040162,Dylan Sampson,RB,1,2.0,H,9,26.0,0.1111111111111111,0.07692307692307693
2025_03_GB_CLE,3,GB,1H,CLE,00-0035700,J.Jacobs,00-0035700,Josh Jacobs,RB,6,21.0,A,12,43.0,0.5,0.4883720930232558
2025_03_GB_CLE,3,GB,1H,CLE,00-0038797,E.Wilson,00-0038797,Emanuel Wilson,RB,2,7.0,A,12,43.0,0.16666666666666666,0.16279069767441862
2025_03_HOU_JAX,3,JAX,1H,HOU,00-0036973,T.Etienne,00-0036973,Travis Etienne,RB,4,5.0,H,6,11.0,0.6666666666666666,0.45454545454545453
2025_03_HOU_JAX,3,HOU,1H,JAX,00-0034791,N.Chubb,00-0034791,Nick Chubb,RB,5,26.0,A,11,50.0,0.45454545454545453,0.52
2025_03_HOU_JAX,3,JAX,1H,HOU,00-0040719,B.Tuten,00-0040719,Bhayshul Tuten,RB,2,6.0,H,6,11.0,0.3333333333333333,0.5454545454545454
2025_03_HOU_JAX,3,HOU,1H,JAX,00-0040583,W.Marks,00-0040583,Woody Marks,RB,4,19.0,A,11,50.0,0.36363636363636365,0.38
2025_03_IND_TEN,3,TEN,1H,IND,00-0035261,T.Pollard,00-0035261,Tony Pollard,RB,9,31.0,H,12,42.0,0.75,0.7380952380952381
2025_03_IND_TEN,3,IND,1H,TEN,00-0036223,J.Taylor,00-0036223,Jonathan Taylor,RB,9,28.0,A,12,53.0,0.75,0.5283018867924528
2025_03_IND_TEN,3,TEN,1H,IND,00-0037594,J.Chestnut,00-0037594,Julius Chestnut,RB,0,0.0,H,12,42.0,0.0,0.0
2025_03_IND_TEN,3,IND,1H,TEN,00-0037120,T.Goodson,00-0037120,Tyler Goodson,RB,0,0.0,A,12,53.0,0.0,0.0
2025_03_IND_TEN,3,IND,1H,TEN,00-0040179,D.Giddens,00-0040179,DJ Giddens,RB,0,0.0,A,12,53.0,0.0,0.0
2025_03_KC_NYG,3,NYG,1H,KC,00-0039384,T.Tracy,00-0039384,Tyrone Tracy Jr.,RB,7,29.0,H,16,75.0,0.4375,0.38666666666666666
2025_03_KC_NYG,3,NYG,1H,KC,00-0040715,C.Skattebo,00-0040715,Cam Skattebo,RB,6,39.0,H,16,75.0,0.375,0.52
2025_03_KC_NYG,3,KC,1H,NYG,00-0033923,K.Hunt,00-0033923,Kareem Hunt,RB,4,15.0,A,10,48.0,0.4,0.3125
2025_03_KC_NYG,3,NYG,1H,KC,00-0035250,D.Singletary,00-0035250,Devin Singletary,RB,3,7.0,H,16,75.0,0.1875,0.09333333333333334
2025_03_KC_NYG,3,KC,1H,NYG,00-0037197,I.Pacheco,00-0037197,Isiah Pacheco,RB,3,17.0,A,10,48.0,0.3,0.3541666666666667
2025_03_KC_NYG,3,KC,1H,NYG,00-0040078,B.Smith,00-0040078,Brashard Smith,RB,0,0.0,A,10,48.0,0.0,0.0
2025_03_LA_PHI,3,LA,1H,PHI,00-0037840,K.Williams,00-0037840,Kyren Williams,RB,13,69.0,A,20,115.0,0.65,0.6
2025_03_LA_PHI,3,PHI,1H,LA,00-0034844,S.Barkley,00-0034844,Saquon Barkley,RB,7,13.0,H,12,34.0,0.5833333333333334,0.38235294117647056
2025_03_LA_PHI,3,LA,1H,PHI,00-0039738,B.Corum,00-0039738,Blake Corum,RB,6,40.0,A,20,115.0,0.3,0.34782608695652173
2025_03_LV_WAS,3,WAS,1H,LV,00-0038611,C.Rodriguez,00-0038611,Chris Rodriguez Jr.,RB,6,33.0,H,17,174.0,0.35294117647058826,0.1896551724137931
2025_03_LV_WAS,3,LV,1H,WAS,00-0040122,A.Jeanty,00-0040122,Ashton Jeanty,RB,11,41.0,A,14,49.0,0.7857142857142857,0.8367346938775511
2025_03_LV_WAS,3,WAS,1H,LV,00-0040242,J.Croskey-Merritt,00-0040242,Jacory Croskey-Merritt,RB,3,22.0,H,17,174.0,0.17647058823529413,0.12643678160919541
2025_03_LV_WAS,3,WAS,1H,LV,00-0033955,J.McNichols,00-0033955,Jeremy McNichols,RB,1,60.0,H,17,174.0,0.058823529411764705,0.3448275862068966
2025_03_LV_WAS,3,LV,1H,WAS,00-0039407,D.Laube,00-0039407,Dylan Laube,RB,1,2.0,A,14,49.0,0.07142857142857142,0.04081632653061224
2025_03_LV_WAS,3,LV,1H,WAS,00-0038040,Z.White,00-0038040,Zamir White,RB,0,0.0,A,14,49.0,0.0,0.0
2025_03_MIA_BUF,3,MIA,1H,BUF,00-0039040,D.Achane,00-0039040,De'Von Achane,RB,6,35.0,A,14,65.0,0.42857142857142855,0.5384615384615384
2025_03_MIA_BUF,3,MIA,1H,BUF,00-0040198,O.Gordon,00-0040198,Ollie Gordon II,RB,6,20.0,A,14,65.0,0.42857142857142855,0.3076923076923077
2025_03_MIA_BUF,3,BUF,1H,MIA,00-0037248,J.Cook,00-0037248,James Cook,RB,8,73.0,H,12,90.0,0.6666666666666666,0.8111111111111111
2025_03_MIA_BUF,3,BUF,1H,MIA,00-0035537,Ty.Johnson,00-0035537,Ty Johnson,RB,2,6.0,H,12,90.0,0.16666666666666666,0.06666666666666667
2025_03_NO_SEA,3,NO,1H,SEA,00-0033906,A.Kamara,00-0033906,Alvin Kamara,RB,14,41.0,A,17,51.0,0.8235294117647058,0.803921568627451
2025_03_NO_SEA,3,SEA,1H,NO,00-0038134,K.Walker,00-0038134,Kenneth Walker III,RB,8,7.0,H,9,8.0,0.8888888888888888,0.875
2025_03_NO_SEA,3,SEA,1H,NO,00-0039299,G.Holani,00-0039299,George Holani,RB,1,1.0,H,9,8.0,0.1111111111111111,0.125
2025_03_NO_SEA,3,NO,1H,SEA,00-0038551,K.Miller,00-0038551,Kendre Miller,RB,1,0.0,A,17,51.0,0.058823529411764705,0.0
2025_03_NO_SEA,3,SEA,1H,NO,00-0040067,J.Wright,00-0040067,Jacardia Wright,RB,0,0.0,H,9,8.0,0.0,0.0
2025_03_NYJ_TB,3,NYJ,1H,TB,00-0038120,B.Hall,00-0038120,Breece Hall,RB,6,22.0,A,14,53.0,0.42857142857142855,0.41509433962264153
2025_03_NYJ_TB,3,NYJ,1H,TB,00-0039794,B.Allen,00-0039794,Braelon Allen,RB,3,9.0,A,14,53.0,0.21428571428571427,0.16981132075471697
2025_03_NYJ_TB,3,TB,1H,NYJ,00-0039361,B.Irving,00-0039361,Bucky Irving,RB,9,13.0,H,13,26.0,0.6923076923076923,0.5
2025_03_NYJ_TB,3,TB,1H,NYJ,00-0037256,R.White,00-0037256,Rachaad White,RB,3,11.0,H,13,26.0,0.23076923076923078,0.4230769230769231
2025_03_PIT_NE,3,NE,1H,PIT,00-0036875,R.Stevenson,00-0036875,Rhamondre Stevenson,RB,3,17.0,H,11,56.0,0.2727272727272727,0.30357142857142855
2025_03_PIT_NE,3,PIT,1H,NE,00-0037228,J.Warren,00-0037228,Jaylen Warren,RB,10,35.0,A,14,52.0,0.7142857142857143,0.6730769230769231
2025_03_PIT_NE,3,PIT,1H,NE,00-0036919,K.Gainwell,00-0036919,Kenneth Gainwell,RB,3,18.0,A,14,52.0,0.21428571428571427,0.34615384615384615
2025_03_PIT_NE,3,NE,1H,PIT,00-0040734,T.Henderson,00-0040734,TreVeyon Henderson,RB,2,5.0,H,11,56.0,0.18181818181818182,0.08928571428571429
2025_03_PIT_NE,3,NE,1H,PIT,00-0036328,A.Gibson,00-0036328,Antonio Gibson,RB,5,19.0,H,11,56.0,0.45454545454545453,0.3392857142857143
2025_04_BAL_KC,4,BAL,1H,KC,00-0032764,D.Henry,00-0032764,Derrick Henry,RB,4,31.0,A,10,76.0,0.4,0.40789473684210525
2025_04_BAL_KC,4,BAL,1H,KC,00-0034975,J.Hill,00-0034975,Justice Hill,RB,1,4.0,A,10,76.0,0.1,0.05263157894736842
2025_04_BAL_KC,4,KC,1H,BAL,00-0037197,I.Pacheco,00-0037197,Isiah Pacheco,RB,2,5.0,H,12,58.0,0.16666666666666666,0.08620689655172414
2025_04_BAL_KC,4,KC,1H,BAL,00-0033923,K.Hunt,00-0033923,Kareem Hunt,RB,5,10.0,H,12,58.0,0.4166666666666667,0.1724137931034483
2025_04_BAL_KC,4,KC,1H,BAL,00-0040078,B.Smith,00-0040078,Brashard Smith,RB,1,3.0,H,12,58.0,0.08333333333333333,0.05172413793103448
2025_04_CAR_NE,4,CAR,1H,NE,00-0036555,C.Hubbard,00-0036555,Chuba Hubbard,RB,6,25.0,A,15,59.0,0.4,0.423728813559322
2025_04_CAR_NE,4,NE,1H,CAR,00-0036875,R.Stevenson,00-0036875,Rhamondre Stevenson,RB,5,29.0,H,15,71.0,0.3333333333333333,0.4084507042253521
2025_04_CAR_NE,4,NE,1H,CAR,00-0040734,T.Henderson,00-0040734,TreVeyon Henderson,RB,4,15.0,H,15,71.0,0.26666666666666666,0.2112676056338028
2025_04_CAR_NE,4,CAR,1H,NE,00-0036139,R.Dowdle,00-0036139,Rico Dowdle,RB,7,19.0,A,15,59.0,0.4666666666666667,0.3220338983050847
2025_04_CAR_NE,4,NE,1H,CAR,00-0036328,A.Gibson,00-0036328,Antonio Gibson,RB,4,24.0,H,15,71.0,0.26666666666666666,0.3380281690140845
2025_04_CAR_NE,4,CAR,1H,NE,00-0040644,T.Etienne,00-0040644,Trevor Etienne,RB,0,0.0,A,15,59.0,0.0,0.0
2025_04_CHI_LV,4,CHI,1H,LV,00-0036275,D.Swift,00-0036275,D'Andre Swift,RB,7,6.0,A,12,2.0,0.5833333333333334,3.0
2025_04_CHI_LV,4,LV,1H,CHI,00-0040122,A.Jeanty,00-0040122,Ashton Jeanty,RB,9,91.0,H,14,138.0,0.6428571428571429,0.6594202898550725
2025_04_CHI_LV,4,CHI,1H,LV,00-0040236,K.Monangai,00-0040236,Kyle Monangai,RB,2,2.0,A,12,2.0,0.16666666666666666,1.0
2025_04_CHI_LV,4,LV,1H,CHI,00-0031687,R.Mostert,00-0031687,Raheem Mostert,RB,1,13.0,H,14,138.0,0.07142857142857142,0.09420289855072464
2025_04_CIN_DEN,4,CIN,1H,DEN,00-0038597,C.Brown,00-0038597,Chase Brown,RB,8,30.0,A,11,34.0,0.7272727272727273,0.8823529411764706
2025_04_CIN_DEN,4,DEN,1H,CIN,00-0036158,J.Dobbins,00-0036158,J.K. Dobbins,RB,5,30.0,H,16,88.0,0.3125,0.3409090909090909
2025_04_CIN_DEN,4,DEN,1H,CIN,00-0040730,R.Harvey,00-0040730,RJ Harvey,RB,7,29.0,H,16,88.0,0.4375,0.32954545454545453
2025_04_CIN_DEN,4,DEN,1H,CIN,00-0036727,A.Prentice,00-0036727,Adam Prentice,RB,1,4.0,H,16,88.0,0.0625,0.045454545454545456
2025_04_CIN_DEN,4,CIN,1H,DEN,00-0033526,S.Perine,00-0033526,Samaje Perine,RB,0,0.0,A,11,34.0,0.0,0.0
2025_04_CLE_DET,4,DET,1H,CLE,00-0039139,J.Gibbs,00-0039139,Jahmyr Gibbs,RB,5,41.0,H,10,46.0,0.5,0.8913043478260869
2025_04_CLE_DET,4,CLE,1H,DET,00-0040784,Q.Judkins,00-0040784,Quinshon Judkins,RB,9,30.0,A,14,28.0,0.6428571428571429,1.0714285714285714
2025_04_CLE_DET,4,DET,1H,CLE,00-0035685,D.Montgomery,00-0035685,David Montgomery,RB,5,5.0,H,10,46.0,0.5,0.10869565217391304
2025_04_CLE_DET,4,CLE,1H,DET,00-0040162,D.Sampson,00-0040162,Dylan Sampson,RB,1,-2.0,A,14,28.0,0.07142857142857142,-0.07142857142857142
2025_04_CLE_DET,4,CLE,1H,DET,00-0037267,J.Ford,00-0037267,Jerome Ford,RB,0,0.0,A,14,28.0,0.0,0.0
2025_04_CLE_DET,4,DET,1H,CLE,00-0038896,J.Saylors,00-0038896,Jacob Saylors,RB,0,0.0,H,10,46.0,0.0,0.0
2025_04_GB_DAL,4,GB,1H,DAL,00-0035700,J.Jacobs,00-0035700,Josh Jacobs,RB,8,16.0,A,14,31.0,0.5714285714285714,0.5161290322580645
2025_04_GB_DAL,4,DAL,1H,GB,00-0036997,J.Williams,00-0036997,Javonte Williams,RB,6,16.0,H,10,32.0,0.6,0.5
2025_04_GB_DAL,4,GB,1H,DAL,00-0038797,E.Wilson,00-0038797,Emanuel Wilson,RB,2,6.0,A,14,31.0,0.14285714285714285,0.1935483870967742
2025_04_GB_DAL,4,DAL,1H,GB,00-0035243,M.Sanders,00-0035243,Miles Sanders,RB,2,8.0,H,10,32.0,0.2,0.25
2025_04_GB_DAL,4,DAL,1H,GB,00-0038738,H.Luepke,00-0038738,Hunter Luepke,RB,1,6.0,H,10,32.0,0.1,0.1875
2025_04_IND_LA,4,IND,1H,LA,00-0036223,J.Taylor,00-0036223,Jonathan Taylor,RB,5,25.0,A,9,34.0,0.5555555555555556,0.7352941176470589
2025_04_IND_LA,4,LA,1H,IND,00-0037840,K.Williams,00-0037840,Kyren Williams,RB,7,55.0,H,14,76.0,0.5,0.7236842105263158
2025_04_IND_LA,4,LA,1H,IND,00-0039738,B.Corum,00-0039738,Blake Corum,RB,6,21.0,H,14,76.0,0.42857142857142855,0.27631578947368424
2025_04_JAX_SF,4,SF,1H,JAX,00-0033280,C.McCaffrey,00-0033280,Christian McCaffrey,RB,10,31.0,H,13,51.0,0.7692307692307693,0.6078431372549019
2025_04_JAX_SF,4,SF,1H,JAX,00-0037746,B.Robinson,00-0037746,Brian Robinson,RB,1,7.0,H,13,51.0,0.07692307692307693,0.13725490196078433
2025_04_JAX_SF,4,JAX,1H,SF,00-0036973,T.Etienne,00-0036973,Travis Etienne,RB,8,77.0,A,14,99.0,0.5714285714285714,0.7777777777777778
2025_04_JAX_SF,4,JAX,1H,SF,00-0040719,B.Tuten,00-0040719,Bhayshul Tuten,RB,2,11.0,A,14,99.0,0.14285714285714285,0.1111111111111111
2025_04_LAC_NYG,4,LAC,1H,NYG,00-0040666,O.Hampton,00-0040666,Omarion Hampton,RB,4,14.0,A,5,38.0,0.8,0.3684210526315789
2025_04_LAC_NYG,4,NYG,1H,LAC,00-0040715,C.Skattebo,00-0040715,Cam Skattebo,RB,10,46.0,H,19,95.0,0.5263157894736842,0.4842105263157895
2025_04_LAC_NYG,4,NYG,1H,LAC,00-0035250,D.Singletary,00-0035250,Devin Singletary,RB,3,5.0,H,19,95.0,0.15789473684210525,0.05263157894736842
2025_04_MIN_PIT,4,MIN,1H,PIT,00-0037525,J.Mason,00-0037525,Jordan Mason,RB,9,28.0,A,11,28.0,0.8181818181818182,1.0
2025_04_MIN_PIT,4,PIT,1H,MIN,00-0036919,K.Gainwell,00-0036919,Kenneth Gainwell,RB,5,24.0,H,9,36.0,0.5555555555555556,0.6666666666666666
2025_04_MIN_PIT,4,PIT,1H,MIN,00-0040142,K.Johnson,00-0040142,Kaleb Johnson,RB,2,3.0,H,9,36.0,0.2222222222222222,0.08333333333333333
2025_04_MIN_PIT,4,MIN,1H,PIT,00-0038440,Z.Scott,00-0038440,Zavier Scott,RB,1,-1.0,A,11,28.0,0.09090909090909091,-0.03571428571428571
2025_04_NO_BUF,4,BUF,1H,NO,00-0037248,J.Cook,00-0037248,James Cook,RB,13,58.0,H,15,59.0,0.8666666666666667,0.9830508474576272
2025_04_NO_BUF,4,NO,1H,BUF,00-0033906,A.Kamara,00-0033906,Alvin Kamara,RB,9,37.0,A,21,118.0,0.42857142857142855,0.3135593220338983
2025_04_NO_BUF,4,NO,1H,BUF,00-0038551,K.Miller,00-0038551,Kendre Miller,RB,5,38.0,A,21,118.0,0.23809523809523808,0.3220338983050847
2025_04_NO_BUF,4,BUF,1H,NO,00-0039875,R.Davis,00-0039875,Ray Davis,RB,0,0.0,H,15,59.0,0.0,0.0
2025_04_NO_BUF,4,BUF,1H,NO,00-0035537,Ty.Johnson,00-0035537,Ty Johnson,RB,0,0.0,H,15,59.0,0.0,0.0
2025_04_NYJ_MIA,4,MIA,1H,NYJ,00-0039040,D.Achane,00-0039040,De'Von Achane,RB,6,26.0,H,12,42.0,0.5,0.6190476190476191
2025_04_NYJ_MIA,4,NYJ,1H,MIA,00-0038120,B.Hall,00-0038120,Breece Hall,RB,7,53.0,A,16,115.0,0.4375,0.4608695652173913
2025_04_NYJ_MIA,4,NYJ,1H,MIA,00-0039794,B.Allen,00-0039794,Braelon Allen,RB,4,26.0,A,16,115.0,0.25,0.22608695652173913
2025_04_NYJ_MIA,4,NYJ,1H,MIA,00-0039798,I.Davis,00-0039798,Isaiah Davis,RB,1,6.0,A,16,115.0,0.0625,0.05217391304347826
2025_04_NYJ_MIA,4,MIA,1H,NYJ,00-0040198,O.Gordon,00-0040198,Ollie Gordon II,RB,3,8.0,H,12,42.0,0.25,0.19047619047619047
2025_04_PHI_TB,4,TB,1H,PHI,00-0039361,B.Irving,00-0039361,Bucky Irving,RB,7,29.0,H,10,42.0,0.7,0.6904761904761905
2025_04_PHI_TB,4,PHI,1H,TB,00-0036265,A.Dillon,00-0036265,AJ Dillon,RB,1,11.0,A,12,71.0,0.08333333333333333,0.15492957746478872
2025_04_PHI_TB,4,TB,1H,PHI,00-0037256,R.White,00-0037256,Rachaad White,RB,2,7.0,H,10,42.0,0.2,0.16666666666666666
2025_04_PHI_TB,4,PHI,1H,TB,00-0034844,S.Barkley,00-0034844,Saquon Barkley,RB,7,18.0,A,12,71.0,0.5833333333333334,0.2535211267605634
2025_04_SEA_ARI,4,ARI,1H,SEA,00-0039921,T.Benson,00-0039921,Trey Benson,RB,4,23.0,H,9,39.0,0.4444444444444444,0.5897435897435898
2025_04_SEA_ARI,4,SEA,1H,ARI,00-0038134,K.Walker,00-0038134,Kenneth Walker III,RB,8,46.0,A,18,96.0,0.4444444444444444,0.4791666666666667
2025_04_SEA_ARI,4,SEA,1H,ARI,00-0039165,Z.Charbonnet,00-0039165,Zach Charbonnet,RB,8,24.0,A,18,96.0,0.4444444444444444,0.25
2025_04_SEA_ARI,4,ARI,1H,SEA,00-0036924,M.Carter,00-0036924,Michael Carter,RB,1,1.0,H,9,39.0,0.1111111111111111,0.02564102564102564
2025_04_SEA_ARI,4,ARI,1H,SEA,00-0038705,E.Demercado,00-0038705,Emari Demercado,RB,0,0.0,H,9,39.0,0.0,0.0
2025_04_TEN_HOU,4,TEN,1H,HOU,00-0035261,T.Pollard,00-0035261,Tony Pollard,RB,8,51.0,A,9,47.0,0.8888888888888888,1.0851063829787233
2025_04_TEN_HOU,4,HOU,1H,TEN,00-0034791,N.Chubb,00-0034791,Nick Chubb,RB,6,14.0,H,16,54.0,0.375,0.25925925925925924
2025_04_TEN_HOU,4,HOU,1H,TEN,00-0040583,W.Marks,00-0040583,Woody Marks,RB,8,34.0,H,16,54.0,0.5,0.6296296296296297
2025_04_TEN_HOU,4,TEN,1H,HOU,00-0037594,J.Chestnut,00-0037594,Julius Chestnut,RB,0,0.0,A,9,47.0,0.0,0.0
2025_04_WAS_ATL,4,ATL,1H,WAS,00-0038542,B.Robinson,00-0038542,Bijan Robinson,RB,12,54.0,H,18,61.0,0.6666666666666666,0.8852459016393442
2025_04_WAS_ATL,4,ATL,1H,WAS,00-0037263,T.Allgeier,00-0037263,Tyler Allgeier,RB,6,7.0,H,18,61.0,0.3333333333333333,0.11475409836065574
2025_04_WAS_ATL,4,WAS,1H,ATL,00-0038611,C.Rodriguez,00-0038611,Chris Rodriguez Jr.,RB,4,53.0,A,8,58.0,0.5,0.9137931034482759
2025_04_WAS_ATL,4,WAS,1H,ATL,00-0033955,J.McNichols,00-0033955,Jeremy McNichols,RB,2,3.0,A,8,58.0,0.25,0.05172413793103448
2025_04_WAS_ATL,4,WAS,1H,ATL,00-0040242,J.Croskey-Merritt,00-0040242,Jacory Croskey-Merritt,RB,1,5.0,A,8,58.0,0.125,0.08620689655172414
2025_05_DAL_NYJ,5,NYJ,1H,DAL,00-0038120,B.Hall,00-0038120,Breece Hall,RB,9,78.0,H,15,98.0,0.6,0.7959183673469388
2025_05_DAL_NYJ,5,NYJ,1H,DAL,00-0039798,I.Davis,00-0039798,Isaiah Davis,RB,1,5.0,H,15,98.0,0.06666666666666667,0.05102040816326531
2025_05_DAL_NYJ,5,DAL,1H,NYJ,00-0036997,J.Williams,00-0036997,Javonte Williams,RB,9,108.0,A,13,128.0,0.6923076923076923,0.84375
2025_05_DAL_NYJ,5,DAL,1H,NYJ,00-0040586,J.Blue,00-0040586,Jaydon Blue,RB,2,6.0,A,13,128.0,0.15384615384615385,0.046875
2025_05_DEN_PHI,5,DEN,1H,PHI,00-0036158,J.Dobbins,00-0036158,J.K. Dobbins,RB,7,28.0,A,10,36.0,0.7,0.7777777777777778
2025_05_DEN_PHI,5,DEN,1H,PHI,00-0040730,R.Harvey,00-0040730,RJ Harvey,RB,2,-1.0,A,10,36.0,0.2,-0.027777777777777776
2025_05_DEN_PHI,5,PHI,1H,DEN,00-0034844,S.Barkley,00-0034844,Saquon Barkley,RB,5,30.0,H,9,41.0,0.5555555555555556,0.7317073170731707
2025_05_DEN_PHI,5,PHI,1H,DEN,00-0036265,A.Dillon,00-0036265,AJ Dillon,RB,2,12.0,H,9,41.0,0.2222222222222222,0.2926829268292683
2025_05_DEN_PHI,5,PHI,1H,DEN,00-0039746,W.Shipley,00-0039746,Will Shipley,RB,1,0.0,H,9,41.0,0.1111111111111111,0.0
2025_05_DEN_PHI,5,DEN,1H,PHI,00-0036727,A.Prentice,00-0036727,Adam Prentice,RB,0,0.0,A,10,36.0,0.0,0.0
2025_05_DET_CIN,5,DET,1H,CIN,00-0039139,J.Gibbs,00-0039139,Jahmyr Gibbs,RB,8,35.0,A,15,40.0,0.5333333333333333,0.875
2025_05_DET_CIN,5,CIN,1H,DET,00-0038597,C.Brown,00-0038597,Chase Brown,RB,4,13.0,H,7,30.0,0.5714285714285714,0.43333333333333335
2025_05_DET_CIN,5,DET,1H,CIN,00-0035685,D.Montgomery,00-0035685,David Montgomery,RB,6,4.0,A,15,40.0,0.4,0.1
2025_05_DET_CIN,5,CIN,1H,DET,00-0033526,S.Perine,00-0033526,Samaje Perine,RB,1,10.0,H,7,30.0,0.14285714285714285,0.3333333333333333
2025_05_HOU_BAL,5,HOU,1H,BAL,00-0034791,N.Chubb,00-0034791,Nick Chubb,RB,8,33.0,A,15,99.0,0.5333333333333333,0.3333333333333333
2025_05_HOU_BAL,5,HOU,1H,BAL,00-0039603,B.Brooks,00-0039603,British Brooks,RB,1,9.0,A,15,99.0,0.06666666666666667,0.09090909090909091
2025_05_HOU_BAL,5,HOU,1H,BAL,00-0040583,W.Marks,00-0040583,Woody Marks,RB,4,19.0,A,15,99.0,0.26666666666666666,0.1919191919191919
2025_05_HOU_BAL,5,BAL,1H,HOU,00-0032764,D.Henry,00-0032764,Derrick Henry,RB,6,8.0,H,8,15.0,0.75,0.5333333333333333
2025_05_HOU_BAL,5,BAL,1H,HOU,00-0038454,K.Mitchell,00-0038454,Keaton Mitchell,RB,2,7.0,H,8,15.0,0.25,0.4666666666666667
2025_05_HOU_BAL,5,HOU,1H,BAL,00-0037258,D.Pierce,00-0037258,Dameon Pierce,RB,0,0.0,A,15,99.0,0.0,0.0
2025_05_HOU_BAL,5,BAL,1H,HOU,00-0034975,J.Hill,00-0034975,Justice Hill,RB,0,0.0,H,8,15.0,0.0,0.0
2025_05_KC_JAX,5,JAX,1H,KC,00-0036973,T.Etienne,00-0036973,Travis Etienne,RB,8,29.0,H,16,63.0,0.5,0.4603174603174603
2025_05_KC_JAX,5,KC,1H,JAX,00-0037197,I.Pacheco,00-0037197,Isiah Pacheco,RB,1,16.0,A,6,72.0,0.16666666666666666,0.2222222222222222
2025_05_KC_JAX,5,KC,1H,JAX,00-0033923,K.Hunt,00-0033923,Kareem Hunt,RB,2,34.0,A,6,72.0,0.3333333333333333,0.4722222222222222
2025_05_KC_JAX,5,KC,1H,JAX,00-0040078,B.Smith,00-0040078,Brashard Smith,RB,1,4.0,A,6,72.0,0.16666666666666666,0.05555555555555555
2025_05_KC_JAX,5,JAX,1H,KC,00-0040719,B.Tuten,00-0040719,Bhayshul Tuten,RB,2,0.0,H,16,63.0,0.125,0.0
2025_05_LV_IND,5,IND,1H,LV,00-0036223,J.Taylor,00-0036223,Jonathan Taylor,RB,8,24.0,H,9,26.0,0.8888888888888888,0.9230769230769231
2025_05_LV_IND,5,LV,1H,IND,00-0040122,A.Jeanty,00-0040122,Ashton Jeanty,RB,8,42.0,A,10,54.0,0.8,0.7777777777777778
2025_05_LV_IND,5,IND,1H,LV,00-0032104,A.Abdullah,00-0032104,Ameer Abdullah,RB,0,0.0,H,9,26.0,0.0,0.0
2025_05_LV_IND,5,LV,1H,IND,00-0031687,R.Mostert,00-0031687,Raheem Mostert,RB,0,0.0,A,10,54.0,0.0,0.0
2025_05_LV_IND,5,IND,1H,LV,00-0040179,D.Giddens,00-0040179,DJ Giddens,RB,0,0.0,H,9,26.0,0.0,0.0
2025_05_MIA_CAR,5,MIA,1H,CAR,00-0039040,D.Achane,00-0039040,De'Von Achane,RB,7,13.0,A,9,14.0,0.7777777777777778,0.9285714285714286
2025_05_MIA_CAR,5,CAR,1H,MIA,00-0036139,R.Dowdle,00-0036139,Rico Dowdle,RB,10,73.0,H,13,83.0,0.7692307692307693,0.8795180722891566
2025_05_MIA_CAR,5,MIA,1H,CAR,00-0040198,O.Gordon,00-0040198,Ollie Gordon II,RB,2,1.0,A,9,14.0,0.2222222222222222,0.07142857142857142
2025_05_MIA_CAR,5,CAR,1H,MIA,00-0040644,T.Etienne,00-0040644,Trevor Etienne,RB,2,5.0,H,13,83.0,0.15384615384615385,0.060240963855421686
2025_05_MIN_CLE,5,CLE,1H,MIN,00-0040784,Q.Judkins,00-0040784,Quinshon Judkins,RB,8,51.0,H,15,69.0,0.5333333333333333,0.7391304347826086
2025_05_MIN_CLE,5,MIN,1H,CLE,00-0037525,J.Mason,00-0037525,Jordan Mason,RB,6,17.0,A,14,63.0,0.42857142857142855,0.2698412698412698
2025_05_MIN_CLE,5,CLE,1H,MIN,00-0037267,J.Ford,00-0037267,Jerome Ford,RB,3,6.0,H,15,69.0,0.2,0.08695652173913043
2025_05_MIN_CLE,5,MIN,1H,CLE,00-0038440,Z.Scott,00-0038440,Zavier Scott,RB,4,21.0,A,14,63.0,0.2857142857142857,0.3333333333333333
2025_05_MIN_CLE,5,CLE,1H,MIN,00-0040162,D.Sampson,00-0040162,Dylan Sampson,RB,1,-4.0,H,15,69.0,0.06666666666666667,-0.057971014492753624
2025_05_NE_BUF,5,NE,1H,BUF,00-0036875,R.Stevenson,00-0036875,Rhamondre Stevenson,RB,1,-2.0,A,13,50.0,0.07692307692307693,-0.04
2025_05_NE_BUF,5,BUF,1H,NE,00-0037248,J.Cook,00-0037248,James Cook,RB,9,32.0,H,14,67.0,0.6428571428571429,0.47761194029850745
2025_05_NE_BUF,5,NE,1H,BUF,00-0036328,A.Gibson,00-0036328,Antonio Gibson,RB,6,21.0,A,13,50.0,0.46153846153846156,0.42
2025_05_NE_BUF,5,BUF,1H,NE,00-0035537,Ty.Johnson,00-0035537,Ty Johnson,RB,1,3.0,H,14,67.0,0.07142857142857142,0.04477611940298507
2025_05_NE_BUF,5,NE,1H,BUF,00-0040734,T.Henderson,00-0040734,TreVeyon Henderson,RB,3,19.0,A,13,50.0,0.23076923076923078,0.38
2025_05_NE_BUF,5,BUF,1H,NE,00-0039875,R.Davis,00-0039875,Ray Davis,RB,0,0.0,H,14,67.0,0.0,0.0
2025_05_NYG_NO,5,NO,1H,NYG,00-0033906,A.Kamara,00-0033906,Alvin Kamara,RB,6,21.0,H,16,47.0,0.375,0.44680851063829785
2025_05_NYG_NO,5,NYG,1H,NO,00-0040715,C.Skattebo,00-0040715,Cam Skattebo,RB,7,35.0,A,13,77.0,0.5384615384615384,0.45454545454545453
2025_05_NYG_NO,5,NO,1H,NYG,00-0038551,K.Miller,00-0038551,Kendre Miller,RB,3,6.0,H,16,47.0,0.1875,0.1276595744680851
2025_05_NYG_NO,5,NYG,1H,NO,00-0035250,D.Singletary,00-0035250,Devin Singletary,RB,2,4.0,A,13,77.0,0.15384615384615385,0.05194805194805195
2025_05_SF_LA,5,SF,1H,LA,00-0033280,C.McCaffrey,00-0033280,Christian McCaffrey,RB,13,45.0,A,18,54.0,0.7222222222222222,0.8333333333333334
2025_05_SF_LA,5,LA,1H,SF,00-0037840,K.Williams,00-0037840,Kyren Williams,RB,7,26.0,H,9,39.0,0.7777777777777778,0.6666666666666666
2025_05_SF_LA,5,SF,1H,LA,00-0037746,B.Robinson,00-0037746,Brian Robinson,RB,3,6.0,A,18,54.0,0.16666666666666666,0.1111111111111111
2025_05_SF_LA,5,LA,1H,SF,00-0039738,B.Corum,00-0039738,Blake Corum,RB,1,13.0,H,9,39.0,0.1111111111111111,0.3333333333333333
2025_05_SF_LA,5,SF,1H,LA,00-0029892,K.Juszczyk,00-0029892,Kyle Juszczyk,RB,0,0.0,A,18,54.0,0.0,0.0
2025_05_TB_SEA,5,TB,1H,SEA,00-0037256,R.White,00-0037256,Rachaad White,RB,6,21.0,A,13,35.0,0.46153846153846156,0.6
2025_05_TB_SEA,5,SEA,1H,TB,00-0038134,K.Walker,00-0038134,Kenneth Walker III,RB,4,20.0,H,7,22.0,0.5714285714285714,0.9090909090909091
2025_05_TB_SEA,5,SEA,1H,TB,00-0039165,Z.Charbonnet,00-0039165,Zach Charbonnet,RB,2,2.0,H,7,22.0,0.2857142857142857,0.09090909090909091
2025_05_TB_SEA,5,TB,1H,SEA,00-0038951,S.Tucker,00-0038951,Sean Tucker,RB,1,1.0,A,13,35.0,0.07692307692307693,0.02857142857142857
2025_05_TEN_ARI,5,ARI,1H,TEN,00-0036924,M.Carter,00-0036924,Michael Carter,RB,8,27.0,H,14,62.0,0.5714285714285714,0.43548387096774194
2025_05_TEN_ARI,5,TEN,1H,ARI,00-0035261,T.Pollard,00-0035261,Tony Pollard,RB,7,32.0,A,14,50.0,0.5,0.64
2025_05_TEN_ARI,5,TEN,1H,ARI,00-0037594,J.Chestnut,00-0037594,Julius Chestnut,RB,1,3.0,A,14,50.0,0.07142857142857142,0.06
2025_05_TEN_ARI,5,TEN,1H,ARI,00-0039032,T.Spears,00-0039032,Tyjae Spears,RB,4,14.0,A,14,50.0,0.2857142857142857,0.28
2025_05_TEN_ARI,5,ARI,1H,TEN,00-0037157,Z.Knight,00-0037157,Bam Knight,RB,3,10.0,H,14,62.0,0.21428571428571427,0.16129032258064516
2025_05_TEN_ARI,5,ARI,1H,TEN,00-0038705,E.Demercado,00-0038705,Emari Demercado,RB,1,10.0,H,14,62.0,0.07142857142857142,0.16129032258064516
2025_05_WAS_LAC,5,LAC,1H,WAS,00-0040666,O.Hampton,00-0040666,Omarion Hampton,RB,10,37.0,H,17,98.0,0.5882352941176471,0.37755102040816324
2025_05_WAS_LAC,5,LAC,1H,WAS,00-0037617,H.Haskins,00-0037617,Hassan Haskins,RB,2,8.0,H,17,98.0,0.11764705882352941,0.08163265306122448
2025_05_WAS_LAC,5,WAS,1H,LAC,00-0040242,J.Croskey-Merritt,00-0040242,Jacory Croskey-Merritt,RB,5,45.0,A,10,59.0,0.5,0.7627118644067796
2025_05_WAS_LAC,5,LAC,1H,WAS,00-0039391,K.Vidal,00-0039391,Kimani Vidal,RB,1,2.0,H,17,98.0,0.058823529411764705,0.02040816326530612
2025_05_WAS_LAC,5,WAS,1H,LAC,00-0033955,J.McNichols,00-0033955,Jeremy McNichols,RB,1,6.0,A,10,59.0,0.1,0.1016949152542373
2025_05_WAS_LAC,5,WAS,1H,LAC,00-0038611,C.Rodriguez,00-0038611,Chris Rodriguez Jr.,RB,0,0.0,A,10,59.0,0.0,0.0
2025_06_ARI_IND,6,IND,1H,ARI,00-0036223,J.Taylor,00-0036223,Jonathan Taylor,RB,9,63.0,H,11,73.0,0.8181818181818182,0.863013698630137
2025_06_ARI_IND,6,ARI,1H,IND,00-0036924,M.Carter,00-0036924,Michael Carter,RB,7,26.0,A,14,52.0,0.5,0.5
2025_06_ARI_IND,6,ARI,1H,IND,00-0038705,E.Demercado,00-0038705,Emari Demercado,RB,1,1.0,A,14,52.0,0.07142857142857142,0.019230769230769232
2025_06_ARI_IND,6,ARI,1H,IND,00-0037157,Z.Knight,00-0037157,Bam Knight,RB,5,21.0,A,14,52.0,0.35714285714285715,0.40384615384615385
2025_06_ARI_IND,6,IND,1H,ARI,00-0032104,A.Abdullah,00-0032104,Ameer Abdullah,RB,1,7.0,H,11,73.0,0.09090909090909091,0.0958904109589041
2025_06_BUF_ATL,6,ATL,1H,BUF,00-0038542,B.Robinson,00-0038542,Bijan Robinson,RB,12,138.0,H,17,168.0,0.7058823529411765,0.8214285714285714
2025_06_BUF_ATL,6,ATL,1H,BUF,00-0037263,T.Allgeier,00-0037263,Tyler Allgeier,RB,3,21.0,H,17,168.0,0.17647058823529413,0.125
2025_06_BUF_ATL,6,BUF,1H,ATL,00-0037248,J.Cook,00-0037248,James Cook,RB,7,30.0,A,11,48.0,0.6363636363636364,0.625
2025_06_BUF_ATL,6,BUF,1H,ATL,00-0035537,Ty.Johnson,00-0035537,Ty Johnson,RB,0,0.0,A,11,48.0,0.0,0.0
2025_06_CHI_WAS,6,CHI,1H,WAS,00-0036275,D.Swift,00-0036275,D'Andre Swift,RB,7,54.0,A,14,85.0,0.5,0.6352941176470588
2025_06_CHI_WAS,6,CHI,1H,WAS,00-0040236,K.Monangai,00-0040236,Kyle Monangai,RB,2,10.0,A,14,85.0,0.14285714285714285,0.11764705882352941
2025_06_CHI_WAS,6,WAS,1H,CHI,00-0040242,J.Croskey-Merritt,00-0040242,Jacory Croskey-Merritt,RB,8,30.0,H,14,46.0,0.5714285714285714,0.6521739130434783
2025_06_CHI_WAS,6,WAS,1H,CHI,00-0033955,J.McNichols,00-0033955,Jeremy McNichols,RB,1,4.0,H,14,46.0,0.07142857142857142,0.08695652173913043
2025_06_CHI_WAS,6,CHI,1H,WAS,00-0039021,R.Johnson,00-0039021,Roschon Johnson,RB,1,6.0,A,14,85.0,0.07142857142857142,0.07058823529411765
2025_06_CIN_GB,6,GB,1H,CIN,00-0035700,J.Jacobs,00-0035700,Josh Jacobs,RB,10,33.0,H,21,82.0,0.47619047619047616,0.4024390243902439
2025_06_CIN_GB,6,GB,1H,CIN,00-0038797,E.Wilson,00-0038797,Emanuel Wilson,RB,3,11.0,H,21,82.0,0.14285714285714285,0.13414634146341464
2025_06_CIN_GB,6,CIN,1H,GB,00-0033526,S.Perine,00-0033526,Samaje Perine,RB,2,4.0,A,7,25.0,0.2857142857142857,0.16
2025_06_CIN_GB,6,GB,1H,CIN,00-0038685,C.Brooks,00-0038685,Chris Brooks,RB,1,1.0,H,21,82.0,0.047619047619047616,0.012195121951219513
2025_06_CIN_GB,6,CIN,1H,GB,00-0038597,C.Brown,00-0038597,Chase Brown,RB,4,24.0,A,7,25.0,0.5714285714285714,0.96
2025_06_CLE_PIT,6,PIT,1H,CLE,00-0037228,J.Warren,00-0037228,Jaylen Warren,RB,6,23.0,H,13,46.0,0.46153846153846156,0.5
2025_06_CLE_PIT,6,PIT,1H,CLE,00-0036919,K.Gainwell,00-0036919,Kenneth Gainwell,RB,3,9.0,H,13,46.0,0.23076923076923078,0.1956521739130435
2025_06_CLE_PIT,6,CLE,1H,PIT,00-0040784,Q.Judkins,00-0040784,Quinshon Judkins,RB,6,14.0,A,9,31.0,0.6666666666666666,0.45161290322580644
2025_06_CLE_PIT,6,CLE,1H,PIT,00-0040162,D.Sampson,00-0040162,Dylan Sampson,RB,2,5.0,A,9,31.0,0.2222222222222222,0.16129032258064516
2025_06_CLE_PIT,6,PIT,1H,CLE,00-0040142,K.Johnson,00-0040142,Kaleb Johnson,RB,3,13.0,H,13,46.0,0.23076923076923078,0.2826086956521739
2025_06_CLE_PIT,6,CLE,1H,PIT,00-0037267,J.Ford,00-0037267,Jerome Ford,RB,1,12.0,A,9,31.0,0.1111111111111111,0.3870967741935484
2025_06_DAL_CAR,6,DAL,1H,CAR,00-0036997,J.Williams,00-0036997,Javonte Williams,RB,7,21.0,A,12,23.0,0.5833333333333334,0.9130434782608695
2025_06_DAL_CAR,6,CAR,1H,DAL,00-0036139,R.Dowdle,00-0036139,Rico Dowdle,RB,13,80.0,H,15,88.0,0.8666666666666667,0.9090909090909091
2025_06_DAL_CAR,6,CAR,1H,DAL,00-0036425,D.Dallas,00-0036425,DeeJay Dallas,RB,1,0.0,H,15,88.0,0.06666666666666667,0.0
2025_06_DAL_CAR,6,DAL,1H,CAR,00-0040586,J.Blue,00-0040586,Jaydon Blue,RB,3,0.0,A,12,23.0,0.25,0.0
2025_06_DAL_CAR,6,CAR,1H,DAL,00-0040644,T.Etienne,00-0040644,Trevor Etienne,RB,0,0.0,H,15,88.0,0.0,0.0
2025_06_DEN_NYJ,6,DEN,1H,NYJ,00-0036158,J.Dobbins,00-0036158,J.K. Dobbins,RB,7,15.0,A,12,50.0,0.5833333333333334,0.3
2025_06_DEN_NYJ,6,NYJ,1H,DEN,00-0038120,B.Hall,00-0038120,Breece Hall,RB,9,24.0,H,11,30.0,0.8181818181818182,0.8
2025_06_DEN_NYJ,6,NYJ,1H,DEN,00-0039798,I.Davis,00-0039798,Isaiah Davis,RB,1,0.0,H,11,30.0,0.09090909090909091,0.0
2025_06_DEN_NYJ,6,DEN,1H,NYJ,00-0040730,R.Harvey,00-0040730,RJ Harvey,RB,0,0.0,A,12,50.0,0.0,0.0
2025_06_DEN_NYJ,6,DEN,1H,NYJ,00-0036727,A.Prentice,00-0036727,Adam Prentice,RB,0,0.0,A,12,50.0,0.0,0.0
2025_06_DEN_NYJ,6,DEN,1H,NYJ,00-0038794,J.McLaughlin,00-0038794,Jaleel McLaughlin,RB,0,0.0,A,12,50.0,0.0,0.0
2025_06_DET_KC,6,DET,1H,KC,00-0039139,J.Gibbs,00-0039139,Jahmyr Gibbs,RB,13,59.0,A,19,92.0,0.6842105263157895,0.6413043478260869
2025_06_DET_KC,6,KC,1H,DET,00-0037197,I.Pacheco,00-0037197,Isiah Pacheco,RB,5,18.0,H,11,38.0,0.45454545454545453,0.47368421052631576
2025_06_DET_KC,6,DET,1H,KC,00-0035685,D.Montgomery,00-0035685,David Montgomery,RB,4,24.0,A,19,92.0,0.21052631578947367,0.2608695652173913
2025_06_DET_KC,6,KC,1H,DET,00-0033923,K.Hunt,00-0033923,Kareem Hunt,RB,2,5.0,H,11,38.0,0.18181818181818182,0.13157894736842105
2025_06_LAC_MIA,6,MIA,1H,LAC,00-0039040,D.Achane,00-0039040,De'Von Achane,RB,7,89.0,H,9,88.0,0.7777777777777778,1.0113636363636365
2025_06_LAC_MIA,6,LAC,1H,MIA,00-0039391,K.Vidal,00-0039391,Kimani Vidal,RB,9,72.0,A,13,76.0,0.6923076923076923,0.9473684210526315
2025_06_LAC_MIA,6,LAC,1H,MIA,00-0037617,H.Haskins,00-0037617,Hassan Haskins,RB,3,2.0,A,13,76.0,0.23076923076923078,0.02631578947368421
2025_06_LAC_MIA,6,MIA,1H,LAC,00-0040198,O.Gordon,00-0040198,Ollie Gordon II,RB,1,-2.0,H,9,88.0,0.1111111111111111,-0.022727272727272728
2025_06_LAC_MIA,6,MIA,1H,LAC,00-0035125,A.Ingold,00-0035125,Alec Ingold,RB,0,0.0,H,9,88.0,0.0,0.0
2025_06_LA_BAL,6,BAL,1H,LA,00-0032764,D.Henry,00-0032764,Derrick Henry,RB,18,90.0,H,24,106.0,0.75,0.8490566037735849
2025_06_LA_BAL,6,BAL,1H,LA,00-0034975,J.Hill,00-0034975,Justice Hill,RB,4,16.0,H,24,106.0,0.16666666666666666,0.1509433962264151
2025_06_LA_BAL,6,LA,1H,BAL,00-0037840,K.Williams,00-0037840,Kyren Williams,RB,5,18.0,A,10,31.0,0.5,0.5806451612903226
2025_06_LA_BAL,6,LA,1H,BAL,00-0039738,B.Corum,00-0039738,Blake Corum,RB,4,14.0,A,10,31.0,0.4,0.45161290322580644
2025_06_NE_NO,6,NO,1H,NE,00-0033906,A.Kamara,00-0033906,Alvin Kamara,RB,8,29.0,H,17,60.0,0.47058823529411764,0.48333333333333334
2025_06_NE_NO,6,NE,1H,NO,00-0036875,R.Stevenson,00-0036875,Rhamondre Stevenson,RB,7,18.0,A,11,32.0,0.6363636363636364,0.5625
2025_06_NE_NO,6,NO,1H,NE,00-0038551,K.Miller,00-0038551,Kendre Miller,RB,4,10.0,H,17,60.0,0.23529411764705882,0.16666666666666666
2025_06_NE_NO,6,NE,1H,NO,00-0040734,T.Henderson,00-0040734,TreVeyon Henderson,RB,2,11.0,A,11,32.0,0.18181818181818182,0.34375
2025_06_PHI_NYG,6,PHI,1H,NYG,00-0034844,S.Barkley,00-0034844,Saquon Barkley,RB,8,56.0,A,15,68.0,0.5333333333333333,0.8235294117647058
2025_06_PHI_NYG,6,PHI,1H,NYG,00-0036265,A.Dillon,00-0036265,AJ Dillon,RB,1,2.0,A,15,68.0,0.06666666666666667,0.029411764705882353
2025_06_PHI_NYG,6,NYG,1H,PHI,00-0040715,C.Skattebo,00-0040715,Cam Skattebo,RB,8,31.0,H,14,71.0,0.5714285714285714,0.43661971830985913
2025_06_PHI_NYG,6,NYG,1H,PHI,00-0035250,D.Singletary,00-0035250,Devin Singletary,RB,1,1.0,H,14,71.0,0.07142857142857142,0.014084507042253521
2025_06_PHI_NYG,6,NYG,1H,PHI,00-0039384,T.Tracy,00-0039384,Tyrone Tracy Jr.,RB,1,1.0,H,14,71.0,0.07142857142857142,0.014084507042253521
2025_06_SEA_JAX,6,JAX,1H,SEA,00-0040238,L.Allen,00-0040238,LeQuint Allen Jr.,RB,1,2.0,H,13,34.0,0.07692307692307693,0.058823529411764705
2025_06_SEA_JAX,6,SEA,1H,JAX,00-0038134,K.Walker,00-0038134,Kenneth Walker III,RB,3,8.0,A,10,32.0,0.3,0.25
2025_06_SEA_JAX,6,JAX,1H,SEA,00-0036973,T.Etienne,00-0036973,Travis Etienne,RB,7,6.0,H,13,34.0,0.5384615384615384,0.17647058823529413
2025_06_SEA_JAX,6,JAX,1H,SEA,00-0040719,B.Tuten,00-0040719,Bhayshul Tuten,RB,2,14.0,H,13,34.0,0.15384615384615385,0.4117647058823529
2025_06_SEA_JAX,6,SEA,1H,JAX,00-0039165,Z.Charbonnet,00-0039165,Zach Charbonnet,RB,6,18.0,A,10,32.0,0.6,0.5625
2025_06_SF_TB,6,TB,1H,SF,00-0037256,R.White,00-0037256,Rachaad White,RB,10,50.0,H,11,59.0,0.9090909090909091,0.847457627118644
2025_06_SF_TB,6,SF,1H,TB,00-0033280,C.McCaffrey,00-0033280,Christian McCaffrey,RB,10,30.0,A,12,35.0,0.8333333333333334,0.8571428571428571
2025_06_SF_TB,6,TB,1H,SF,00-0038951,S.Tucker,00-0038951,Sean Tucker,RB,1,9.0,H,11,59.0,0.09090909090909091,0.15254237288135594
2025_06_TEN_LV,6,TEN,1H,LV,00-0035261,T.Pollard,00-0035261,Tony Pollard,RB,6,12.0,A,10,39.0,0.6,0.3076923076923077
2025_06_TEN_LV,6,LV,1H,TEN,00-0040122,A.Jeanty,00-0040122,Ashton Jeanty,RB,11,32.0,H,14,26.0,0.7857142857142857,1.2307692307692308
2025_06_TEN_LV,6,LV,1H,TEN,00-0031687,R.Mostert,00-0031687,Raheem Mostert,RB,2,-5.0,H,14,26.0,0.14285714285714285,-0.19230769230769232
2025_06_TEN_LV,6,TEN,1H,LV,00-0039032,T.Spears,00-0039032,Tyjae Spears,RB,4,27.0,A,10,39.0,0.4,0.6923076923076923
2025_07_ATL_SF,7,ATL,1H,SF,00-0038542,B.Robinson,00-0038542,Bijan Robinson,RB,7,22.0,A,10,31.0,0.7,0.7096774193548387
2025_07_ATL_SF,7,SF,1H,ATL,00-0033280,C.McCaffrey,00-0033280,Christian McCaffrey,RB,12,76.0,H,17,100.0,0.7058823529411765,0.76
2025_07_ATL_SF,7,SF,1H,ATL,00-0037746,B.Robinson,00-0037746,Brian Robinson,RB,5,24.0,H,17,100.0,0.29411764705882354,0.24
2025_07_ATL_SF,7,ATL,1H,SF,00-0037263,T.Allgeier,00-0037263,Tyler Allgeier,RB,1,3.0,A,10,31.0,0.1,0.0967741935483871
2025_07_ATL_SF,7,SF,1H,ATL,00-0029892,K.Juszczyk,00-0029892,Kyle Juszczyk,RB,0,0.0,H,17,100.0,0.0,0.0
2025_07_CAR_NYJ,7,NYJ,1H,CAR,00-0038120,B.Hall,00-0038120,Breece Hall,RB,9,35.0,H,16,72.0,0.5625,0.4861111111111111
2025_07_CAR_NYJ,7,NYJ,1H,CAR,00-0039798,I.Davis,00-0039798,Isaiah Davis,RB,2,10.0,H,16,72.0,0.125,0.1388888888888889
2025_07_CAR_NYJ,7,CAR,1H,NYJ,00-0036555,C.Hubbard,00-0036555,Chuba Hubbard,RB,9,26.0,A,15,57.0,0.6,0.45614035087719296
2025_07_CAR_NYJ,7,CAR,1H,NYJ,00-0036139,R.Dowdle,00-0036139,Rico Dowdle,RB,4,18.0,A,15,57.0,0.26666666666666666,0.3157894736842105
2025_07_GB_ARI,7,ARI,1H,GB,00-0037157,Z.Knight,00-0037157,Bam Knight,RB,8,36.0,H,15,57.0,0.5333333333333333,0.631578947368421
2025_07_GB_ARI,7,GB,1H,ARI,00-0035700,J.Jacobs,00-0035700,Josh Jacobs,RB,4,21.0,A,8,33.0,0.5,0.6363636363636364
2025_07_GB_ARI,7,GB,1H,ARI,00-0038797,E.Wilson,00-0038797,Emanuel Wilson,RB,3,6.0,A,8,33.0,0.375,0.18181818181818182
2025_07_GB_ARI,7,ARI,1H,GB,00-0036924,M.Carter,00-0036924,Michael Carter,RB,3,6.0,H,15,57.0,0.2,0.10526315789473684
2025_07_GB_ARI,7,ARI,1H,GB,00-0035628,D.Johnson,00-0035628,D'Ernest Johnson,RB,1,0.0,H,15,57.0,0.06666666666666667,0.0
2025_07_HOU_SEA,7,SEA,1H,HOU,00-0038134,K.Walker,00-0038134,Kenneth Walker III,RB,7,10.0,H,15,54.0,0.4666666666666667,0.18518518518518517
2025_07_HOU_SEA,7,HOU,1H,SEA,00-0034791,N.Chubb,00-0034791,Nick Chubb,RB,3,7.0,A,7,20.0,0.42857142857142855,0.35
2025_07_HOU_SEA,7,SEA,1H,HOU,00-0039165,Z.Charbonnet,00-0039165,Zach Charbonnet,RB,6,39.0,H,15,54.0,0.4,0.7222222222222222
2025_07_HOU_SEA,7,HOU,1H,SEA,00-0040583,W.Marks,00-0040583,Woody Marks,RB,4,13.0,A,7,20.0,0.5714285714285714,0.65
2025_07_IND_LAC,7,IND,1H,LAC,00-0036223,J.Taylor,00-0036223,Jonathan Taylor,RB,10,45.0,A,14,74.0,0.7142857142857143,0.6081081081081081
2025_07_IND_LAC,7,LAC,1H,IND,00-0039391,K.Vidal,00-0039391,Kimani Vidal,RB,5,7.0,H,6,10.0,0.8333333333333334,0.7
2025_07_IND_LAC,7,LAC,1H,IND,00-0037617,H.Haskins,00-0037617,Hassan Haskins,RB,1,3.0,H,6,10.0,0.16666666666666666,0.3
2025_07_IND_LAC,7,IND,1H,LAC,00-0032104,A.Abdullah,00-0032104,Ameer Abdullah,RB,2,19.0,A,14,74.0,0.14285714285714285,0.25675675675675674
2025_07_LA_JAX,7,JAX,1H,LA,00-0036973,T.Etienne,00-0036973,Travis Etienne,RB,4,10.0,H,10,26.0,0.4,0.38461538461538464
2025_07_LA_JAX,7,LA,1H,JAX,00-0037840,K.Williams,00-0037840,Kyren Williams,RB,7,32.0,A,10,39.0,0.7,0.8205128205128205
2025_07_LA_JAX,7,LA,1H,JAX,00-0039738,B.Corum,00-0039738,Blake Corum,RB,2,8.0,A,10,39.0,0.2,0.20512820512820512
2025_07_LA_JAX,7,JAX,1H,LA,00-0040719,B.Tuten,00-0040719,Bhayshul Tuten,RB,2,4.0,H,10,26.0,0.2,0.15384615384615385
2025_07_LV_KC,7,LV,1H,KC,00-0040122,A.Jeanty,00-0040122,Ashton Jeanty,RB,4,19.0,A,6,20.0,0.6666666666666666,0.95
2025_07_LV_KC,7,KC,1H,LV,00-0037197,I.Pacheco,00-0037197,Isiah Pacheco,RB,8,26.0,H,17,73.0,0.47058823529411764,0.3561643835616438
2025_07_LV_KC,7,KC,1H,LV,00-0033923,K.Hunt,00-0033923,Kareem Hunt,RB,4,18.0,H,17,73.0,0.23529411764705882,0.2465753424657534
2025_07_LV_KC,7,KC,1H,LV,00-0040078,B.Smith,00-0040078,Brashard Smith,RB,1,1.0,H,17,73.0,0.058823529411764705,0.0136986301369863
2025_07_LV_KC,7,LV,1H,KC,00-0039407,D.Laube,00-0039407,Dylan Laube,RB,0,0.0,A,6,20.0,0.0,0.0
2025_07_MIA_CLE,7,CLE,1H,MIA,00-0040784,Q.Judkins,00-0040784,Quinshon Judkins,RB,18,75.0,H,23,92.0,0.782608695652174,0.8152173913043478
2025_07_MIA_CLE,7,CLE,1H,MIA,00-0037267,J.Ford,00-0037267,Jerome Ford,RB,1,0.0,H,23,92.0,0.043478260869565216,0.0
2025_07_MIA_CLE,7,MIA,1H,CLE,00-0039040,D.Achane,00-0039040,De'Von Achane,RB,7,80.0,A,11,85.0,0.6363636363636364,0.9411764705882353
2025_07_MIA_CLE,7,CLE,1H,MIA,00-0040162,D.Sampson,00-0040162,Dylan Sampson,RB,1,4.0,H,23,92.0,0.043478260869565216,0.043478260869565216
2025_07_MIA_CLE,7,MIA,1H,CLE,00-0040198,O.Gordon,00-0040198,Ollie Gordon II,RB,1,-1.0,A,11,85.0,0.09090909090909091,-0.011764705882352941
2025_07_NE_TEN,7,TEN,1H,NE,00-0035261,T.Pollard,00-0035261,Tony Pollard,RB,5,12.0,H,10,30.0,0.5,0.4
2025_07_NE_TEN,7,NE,1H,TEN,00-0036875,R.Stevenson,00-0036875,Rhamondre Stevenson,RB,10,73.0,A,15,118.0,0.6666666666666666,0.6186440677966102
2025_07_NE_TEN,7,TEN,1H,NE,00-0039032,T.Spears,00-0039032,Tyjae Spears,RB,4,19.0,H,10,30.0,0.4,0.6333333333333333
2025_07_NE_TEN,7,NE,1H,TEN,00-0040734,T.Henderson,00-0040734,TreVeyon Henderson,RB,1,2.0,A,15,118.0,0.06666666666666667,0.01694915254237288
2025_07_NE_TEN,7,NE,1H,TEN,00-0039757,T.Jennings,00-0039757,Terrell Jennings,RB,0,0.0,A,15,118.0,0.0,0.0
2025_07_NO_CHI,7,CHI,1H,NO,00-0036275,D.Swift,00-0036275,D'Andre Swift,RB,10,48.0,H,20,94.0,0.5,0.5106382978723404
2025_07_NO_CHI,7,NO,1H,CHI,00-0033906,A.Kamara,00-0033906,Alvin Kamara,RB,6,11.0,A,9,14.0,0.6666666666666666,0.7857142857142857
2025_07_NO_CHI,7,CHI,1H,NO,00-0040236,K.Monangai,00-0040236,Kyle Monangai,RB,6,36.0,H,20,94.0,0.3,0.3829787234042553
2025_07_NO_CHI,7,NO,1H,CHI,00-0038551,K.Miller,00-0038551,Kendre Miller,RB,1,7.0,A,9,14.0,0.1111111111111111,0.5
2025_07_NO_CHI,7,CHI,1H,NO,00-0039021,R.Johnson,00-0039021,Roschon Johnson,RB,1,11.0,H,20,94.0,0.05,0.11702127659574468
2025_07_NO_CHI,7,NO,1H,CHI,00-0040202,D.Neal,00-0040202,Devin Neal,RB,0,0.0,A,9,14.0,0.0,0.0
2025_07_NYG_DEN,7,NYG,1H,DEN,00-0040715,C.Skattebo,00-0040715,Cam Skattebo,RB,5,18.0,A,13,37.0,0.38461538461538464,0.4864864864864865
2025_07_NYG_DEN,7,NYG,1H,DEN,00-0039384,T.Tracy,00-0039384,Tyrone Tracy Jr.,RB,3,7.0,A,13,37.0,0.23076923076923078,0.1891891891891892
2025_07_NYG_DEN,7,DEN,1H,NYG,00-0036158,J.Dobbins,00-0036158,J.K. Dobbins,RB,7,18.0,H,13,34.0,0.5384615384615384,0.5294117647058824
2025_07_NYG_DEN,7,DEN,1H,NYG,00-0040730,R.Harvey,00-0040730,RJ Harvey,RB,4,0.0,H,13,34.0,0.3076923076923077,0.0
2025_07_NYG_DEN,7,NYG,1H,DEN,00-0035250,D.Singletary,00-0035250,Devin Singletary,RB,2,2.0,A,13,37.0,0.15384615384615385,0.05405405405405406
2025_07_PHI_MIN,7,PHI,1H,MIN,00-0034844,S.Barkley,00-0034844,Saquon Barkley,RB,8,30.0,A,11,41.0,0.7272727272727273,0.7317073170731707
2025_07_PHI_MIN,7,PHI,1H,MIN,00-0038555,T.Bigsby,00-0038555,Tank Bigsby,RB,1,11.0,A,11,41.0,0.09090909090909091,0.2682926829268293
2025_07_PHI_MIN,7,MIN,1H,PHI,00-0037525,J.Mason,00-0037525,Jordan Mason,RB,7,16.0,H,10,15.0,0.7,1.0666666666666667
2025_07_PHI_MIN,7,MIN,1H,PHI,00-0038440,Z.Scott,00-0038440,Zavier Scott,RB,1,-1.0,H,10,15.0,0.1,-0.06666666666666667
2025_07_PIT_CIN,7,PIT,1H,CIN,00-0037228,J.Warren,00-0037228,Jaylen Warren,RB,8,45.0,A,12,65.0,0.6666666666666666,0.6923076923076923
2025_07_PIT_CIN,7,CIN,1H,PIT,00-0038597,C.Brown,00-0038597,Chase Brown,RB,5,74.0,H,9,97.0,0.5555555555555556,0.7628865979381443
2025_07_PIT_CIN,7,CIN,1H,PIT,00-0033526,S.Perine,00-0033526,Samaje Perine,RB,4,23.0,H,9,97.0,0.4444444444444444,0.23711340206185566
2025_07_PIT_CIN,7,PIT,1H,CIN,00-0036919,K.Gainwell,00-0036919,Kenneth Gainwell,RB,3,14.0,A,12,65.0,0.25,0.2153846153846154
2025_07_TB_DET,7,DET,1H,TB,00-0039139,J.Gibbs,00-0039139,Jahmyr Gibbs,RB,11,107.0,H,17,118.0,0.6470588235294118,0.9067796610169492
2025_07_TB_DET,7,TB,1H,DET,00-0037256,R.White,00-0037256,Rachaad White,RB,4,14.0,A,5,18.0,0.8,0.7777777777777778
2025_07_TB_DET,7,DET,1H,TB,00-0035685,D.Montgomery,00-0035685,David Montgomery,RB,4,4.0,H,17,118.0,0.23529411764705882,0.03389830508474576
2025_07_TB_DET,7,TB,1H,DET,00-0038951,S.Tucker,00-0038951,Sean Tucker,RB,1,4.0,A,5,18.0,0.2,0.2222222222222222
2025_07_WAS_DAL,7,DAL,1H,WAS,00-0036997,J.Williams,00-0036997,Javonte Williams,RB,9,62.0,H,13,70.0,0.6923076923076923,0.8857142857142857
2025_07_WAS_DAL,7,WAS,1H,DAL,00-0040242,J.Croskey-Merritt,00-0040242,Jacory Croskey-Merritt,RB,9,28.0,A,17,79.0,0.5294117647058824,0.35443037974683544
2025_07_WAS_DAL,7,DAL,1H,WAS,00-0040586,J.Blue,00-0040586,Jaydon Blue,RB,2,7.0,H,13,70.0,0.15384615384615385,0.1
2025_07_WAS_DAL,7,WAS,1H,DAL,00-0033955,J.McNichols,00-0033955,Jeremy McNichols,RB,1,19.0,A,17,79.0,0.058823529411764705,0.24050632911392406
2025_07_WAS_DAL,7,WAS,1H,DAL,00-0038611,C.Rodriguez,00-0038611,Chris Rodriguez Jr.,RB,0,0.0,A,17,79.0,0.0,0.0
2025_08_BUF_CAR,8,CAR,1H,BUF,00-0036555,C.Hubbard,00-0036555,Chuba Hubbard,RB,7,17.0,H,17,79.0,0.4117647058823529,0.21518987341772153
2025_08_BUF_CAR,8,BUF,1H,CAR,00-0037248,J.Cook,00-0037248,James Cook,RB,12,153.0,A,15,158.0,0.8,0.9683544303797469
2025_08_BUF_CAR,8,BUF,1H,CAR,00-0035537,Ty.Johnson,00-0035537,Ty Johnson,RB,1,0.0,A,15,158.0,0.06666666666666667,0.0
2025_08_BUF_CAR,8,CAR,1H,BUF,00-0036139,R.Dowdle,00-0036139,Rico Dowdle,RB,7,52.0,H,17,79.0,0.4117647058823529,0.6582278481012658
2025_08_BUF_CAR,8,BUF,1H,CAR,00-0039875,R.Davis,00-0039875,Ray Davis,RB,1,4.0,A,15,158.0,0.06666666666666667,0.02531645569620253
2025_08_BUF_CAR,8,CAR,1H,BUF,00-0040644,T.Etienne,00-0040644,Trevor Etienne,RB,0,0.0,H,17,79.0,0.0,0.0
2025_08_CHI_BAL,8,CHI,1H,BAL,00-0040236,K.Monangai,00-0040236,Kyle Monangai,RB,4,13.0,A,12,63.0,0.3333333333333333,0.20634920634920634
2025_08_CHI_BAL,8,CHI,1H,BAL,00-0036275,D.Swift,00-0036275,D'Andre Swift,RB,4,23.0,A,12,63.0,0.3333333333333333,0.36507936507936506
2025_08_CHI_BAL,8,BAL,1H,CHI,00-0032764,D.Henry,00-0032764,Derrick Henry,RB,9,38.0,H,12,44.0,0.75,0.8636363636363636
2025_08_CHI_BAL,8,BAL,1H,CHI,00-0038454,K.Mitchell,00-0038454,Keaton Mitchell,RB,0,0.0,H,12,44.0,0.0,0.0
2025_08_CHI_BAL,8,BAL,1H,CHI,00-0034975,J.Hill,00-0034975,Justice Hill,RB,0,0.0,H,12,44.0,0.0,0.0
2025_08_CLE_NE,8,NE,1H,CLE,00-0036875,R.Stevenson,00-0036875,Rhamondre Stevenson,RB,10,24.0,H,15,71.0,0.6666666666666666,0.3380281690140845
2025_08_CLE_NE,8,NE,1H,CLE,00-0040734,T.Henderson,00-0040734,TreVeyon Henderson,RB,3,28.0,H,15,71.0,0.2,0.39436619718309857
2025_08_CLE_NE,8,CLE,1H,NE,00-0040784,Q.Judkins,00-0040784,Quinshon Judkins,RB,7,16.0,A,9,50.0,0.7777777777777778,0.32
2025_08_CLE_NE,8,CLE,1H,NE,00-0040162,D.Sampson,00-0040162,Dylan Sampson,RB,0,0.0,A,9,50.0,0.0,0.0
2025_08_CLE_NE,8,NE,1H,CLE,00-0039757,T.Jennings,00-0039757,Terrell Jennings,RB,0,0.0,H,15,71.0,0.0,0.0
2025_08_DAL_DEN,8,DEN,1H,DAL,00-0036158,J.Dobbins,00-0036158,J.K. Dobbins,RB,7,51.0,H,12,95.0,0.5833333333333334,0.5368421052631579
2025_08_DAL_DEN,8,DAL,1H,DEN,00-0036997,J.Williams,00-0036997,Javonte Williams,RB,8,25.0,A,16,68.0,0.5,0.36764705882352944
2025_08_DAL_DEN,8,DEN,1H,DAL,00-0040730,R.Harvey,00-0040730,RJ Harvey,RB,3,43.0,H,12,95.0,0.25,0.45263157894736844
2025_08_DAL_DEN,8,DAL,1H,DEN,00-0040586,J.Blue,00-0040586,Jaydon Blue,RB,3,21.0,A,16,68.0,0.1875,0.3088235294117647
2025_08_DAL_DEN,8,DAL,1H,DEN,00-0038738,H.Luepke,00-0038738,Hunter Luepke,RB,1,2.0,A,16,68.0,0.0625,0.029411764705882353
2025_08_DAL_DEN,8,DEN,1H,DAL,00-0037085,T.Badie,00-0037085,Tyler Badie,RB,0,0.0,H,12,95.0,0.0,0.0
2025_08_DAL_DEN,8,DAL,1H,DEN,00-0037563,M.Davis,00-0037563,Malik Davis,RB,0,0.0,A,16,68.0,0.0,0.0
2025_08_GB_PIT,8,GB,1H,PIT,00-0035700,J.Jacobs,00-0035700,Josh Jacobs,RB,5,16.0,A,7,19.0,0.7142857142857143,0.8421052631578947
2025_08_GB_PIT,8,PIT,1H,GB,00-0037228,J.Warren,00-0037228,Jaylen Warren,RB,10,50.0,H,15,81.0,0.6666666666666666,0.6172839506172839
2025_08_GB_PIT,8,GB,1H,PIT,00-0038797,E.Wilson,00-0038797,Emanuel Wilson,RB,1,2.0,A,7,19.0,0.14285714285714285,0.10526315789473684
2025_08_GB_PIT,8,PIT,1H,GB,00-0036919,K.Gainwell,00-0036919,Kenneth Gainwell,RB,5,31.0,H,15,81.0,0.3333333333333333,0.38271604938271603
2025_08_MIA_ATL,8,MIA,1H,ATL,00-0039040,D.Achane,00-0039040,De'Von Achane,RB,7,33.0,A,16,66.0,0.4375,0.5
2025_08_MIA_ATL,8,ATL,1H,MIA,00-0038542,B.Robinson,00-0038542,Bijan Robinson,RB,5,12.0,H,9,10.0,0.5555555555555556,1.2
2025_08_MIA_ATL,8,MIA,1H,ATL,00-0040198,O.Gordon,00-0040198,Ollie Gordon II,RB,7,25.0,A,16,66.0,0.4375,0.3787878787878788
2025_08_MIA_ATL,8,MIA,1H,ATL,00-0039874,J.Wright,00-0039874,Jaylen Wright,RB,2,8.0,A,16,66.0,0.125,0.12121212121212122
2025_08_MIA_ATL,8,ATL,1H,MIA,00-0037263,T.Allgeier,00-0037263,Tyler Allgeier,RB,2,-4.0,H,9,10.0,0.2222222222222222,-0.4
2025_08_MIA_ATL,8,ATL,1H,MIA,00-0040547,N.Carter,00-0040547,Nate Carter,RB,0,0.0,H,9,10.0,0.0,0.0
2025_08_MIN_LAC,8,MIN,1H,LAC,00-0033293,A.Jones,00-0033293,Aaron Jones,RB,3,9.0,A,5,10.0,0.6,0.9
2025_08_MIN_LAC,8,MIN,1H,LAC,00-0037525,J.Mason,00-0037525,Jordan Mason,RB,2,1.0,A,5,10.0,0.4,0.1
2025_08_MIN_LAC,8,LAC,1H,MIN,00-0039391,K.Vidal,00-0039391,Kimani Vidal,RB,11,24.0,H,18,82.0,0.6111111111111112,0.2926829268292683
2025_08_MIN_LAC,8,LAC,1H,MIN,00-0036755,J.Patterson,00-0036755,Jaret Patterson,RB,2,7.0,H,18,82.0,0.1111111111111111,0.08536585365853659
2025_08_MIN_LAC,8,LAC,1H,MIN,00-0034367,N.Miller-Hines,00-0034367,Nyheim Hines,RB,0,0.0,H,18,82.0,0.0,0.0
2025_08_MIN_LAC,8,MIN,1H,LAC,00-0038440,Z.Scott,00-0038440,Zavier Scott,RB,0,0.0,A,5,10.0,0.0,0.0
2025_08_NYG_PHI,8,PHI,1H,NYG,00-0034844,S.Barkley,00-0034844,Saquon Barkley,RB,10,107.0,H,16,147.0,0.625,0.7278911564625851
2025_08_NYG_PHI,8,NYG,1H,PHI,00-0040715,C.Skattebo,00-0040715,Cam Skattebo,RB,3,12.0,A,12,48.0,0.25,0.25
2025_08_NYG_PHI,8,PHI,1H,NYG,00-0038555,T.Bigsby,00-0038555,Tank Bigsby,RB,2,18.0,H,16,147.0,0.125,0.12244897959183673
2025_08_NYG_PHI,8,NYG,1H,PHI,00-0039384,T.Tracy,00-0039384,Tyrone Tracy Jr.,RB,5,22.0,A,12,48.0,0.4166666666666667,0.4583333333333333
2025_08_NYG_PHI,8,PHI,1H,NYG,00-0039746,W.Shipley,00-0039746,Will Shipley,RB,0,0.0,H,16,147.0,0.0,0.0
2025_08_NYG_PHI,8,NYG,1H,PHI,00-0035250,D.Singletary,00-0035250,Devin Singletary,RB,0,0.0,A,12,48.0,0.0,0.0
2025_08_NYJ_CIN,8,CIN,1H,NYJ,00-0038597,C.Brown,00-0038597,Chase Brown,RB,7,45.0,H,11,64.0,0.6363636363636364,0.703125
2025_08_NYJ_CIN,8,CIN,1H,NYJ,00-0033526,S.Perine,00-0033526,Samaje Perine,RB,3,18.0,H,11,64.0,0.2727272727272727,0.28125
2025_08_NYJ_CIN,8,NYJ,1H,CIN,00-0038120,B.Hall,00-0038120,Breece Hall,RB,8,21.0,A,18,73.0,0.4444444444444444,0.2876712328767123
2025_08_NYJ_CIN,8,NYJ,1H,CIN,00-0039798,I.Davis,00-0039798,Isaiah Davis,RB,4,10.0,A,18,73.0,0.2222222222222222,0.136986301369863
2025_08_SF_HOU,8,HOU,1H,SF,00-0034791,N.Chubb,00-0034791,Nick Chubb,RB,8,28.0,H,17,64.0,0.47058823529411764,0.4375
2025_08_SF_HOU,8,HOU,1H,SF,00-0040583,W.Marks,00-0040583,Woody Marks,RB,5,16.0,H,17,64.0,0.29411764705882354,0.25
2025_08_SF_HOU,8,SF,1H,HOU,00-0033280,C.McCaffrey,00-0033280,Christian McCaffrey,RB,2,8.0,A,3,21.0,0.6666666666666666,0.38095238095238093
2025_08_SF_HOU,8,HOU,1H,SF,00-0033854,D.Ogunbowale,00-0033854,Dare Ogunbowale,RB,0,0.0,H,17,64.0,0.0,0.0
2025_08_TB_NO,8,NO,1H,TB,00-0033906,A.Kamara,00-0033906,Alvin Kamara,RB,3,12.0,H,7,21.0,0.42857142857142855,0.5714285714285714
2025_08_TB_NO,8,TB,1H,NO,00-0037256,R.White,00-0037256,Rachaad White,RB,11,30.0,A,16,59.0,0.6875,0.5084745762711864
2025_08_TB_NO,8,TB,1H,NO,00-0038951,S.Tucker,00-0038951,Sean Tucker,RB,5,29.0,A,16,59.0,0.3125,0.4915254237288136
2025_08_TB_NO,8,TB,1H,NO,00-0040429,J.Williams,00-0040429,Josh Williams,RB,0,0.0,A,16,59.0,0.0,0.0
2025_08_TEN_IND,8,IND,1H,TEN,00-0036223,J.Taylor,00-0036223,Jonathan Taylor,RB,8,72.0,H,9,75.0,0.8888888888888888,0.96
2025_08_TEN_IND,8,TEN,1H,IND,00-0035261,T.Pollard,00-0035261,Tony Pollard,RB,5,20.0,A,11,71.0,0.45454545454545453,0.28169014084507044
2025_08_TEN_IND,8,TEN,1H,IND,00-0039032,T.Spears,00-0039032,Tyjae Spears,RB,4,47.0,A,11,71.0,0.36363636363636365,0.6619718309859155
2025_08_TEN_IND,8,IND,1H,TEN,00-0032104,A.Abdullah,00-0032104,Ameer Abdullah,RB,0,0.0,H,9,75.0,0.0,0.0
2025_08_TEN_IND,8,IND,1H,TEN,00-0037120,T.Goodson,00-0037120,Tyler Goodson,RB,0,0.0,H,9,75.0,0.0,0.0
2025_08_TEN_IND,8,TEN,1H,IND,00-0037594,J.Chestnut,00-0037594,Julius Chestnut,RB,0,0.0,A,11,71.0,0.0,0.0
2025_08_WAS_KC,8,WAS,1H,KC,00-0040242,J.Croskey-Merritt,00-0040242,Jacory Croskey-Merritt,RB,7,18.0,A,14,42.0,0.5,0.42857142857142855
2025_08_WAS_KC,8,KC,1H,WAS,00-0037197,I.Pacheco,00-0037197,Isiah Pacheco,RB,4,17.0,H,13,70.0,0.3076923076923077,0.24285714285714285
2025_08_WAS_KC,8,KC,1H,WAS,00-0033923,K.Hunt,00-0033923,Kareem Hunt,RB,3,11.0,H,13,70.0,0.23076923076923078,0.15714285714285714
2025_08_WAS_KC,8,KC,1H,WAS,00-0040078,B.Smith,00-0040078,Brashard Smith,RB,2,4.0,H,13,70.0,0.15384615384615385,0.05714285714285714
2025_08_WAS_KC,8,WAS,1H,KC,00-0038611,C.Rodriguez,00-0038611,Chris Rodriguez Jr.,RB,1,2.0,A,14,42.0,0.07142857142857142,0.047619047619047616
2025_08_WAS_KC,8,WAS,1H,KC,00-0033955,J.McNichols,00-0033955,Jeremy McNichols,RB,0,0.0,A,14,42.0,0.0,0.0
2025_09_ARI_DAL,9,DAL,1H,ARI,00-0036997,J.Williams,00-0036997,Javonte Williams,RB,9,42.0,H,11,54.0,0.8181818181818182,0.7777777777777778
2025_09_ARI_DAL,9,ARI,1H,DAL,00-0038705,E.Demercado,00-0038705,Emari Demercado,RB,5,27.0,A,14,48.0,0.35714285714285715,0.5625
2025_09_ARI_DAL,9,ARI,1H,DAL,00-0037157,Z.Knight,00-0037157,Bam Knight,RB,6,11.0,A,14,48.0,0.42857142857142855,0.22916666666666666
2025_09_ARI_DAL,9,DAL,1H,ARI,00-0037563,M.Davis,00-0037563,Malik Davis,RB,0,0.0,H,11,54.0,0.0,0.0
2025_09_ATL_NE,9,NE,1H,ATL,00-0040734,T.Henderson,00-0040734,TreVeyon Henderson,RB,7,30.0,H,18,71.0,0.3888888888888889,0.4225352112676056
2025_09_ATL_NE,9,NE,1H,ATL,00-0039757,T.Jennings,00-0039757,Terrell Jennings,RB,7,28.0,H,18,71.0,0.3888888888888889,0.39436619718309857
2025_09_ATL_NE,9,ATL,1H,NE,00-0038542,B.Robinson,00-0038542,Bijan Robinson,RB,4,20.0,A,6,26.0,0.6666666666666666,0.7692307692307693
2025_09_ATL_NE,9,ATL,1H,NE,00-0037263,T.Allgeier,00-0037263,Tyler Allgeier,RB,1,2.0,A,6,26.0,0.16666666666666666,0.07692307692307693
2025_09_BAL_MIA,9,MIA,1H,BAL,00-0039040,D.Achane,00-0039040,De'Von Achane,RB,12,67.0,H,16,83.0,0.75,0.8072289156626506
2025_09_BAL_MIA,9,BAL,1H,MIA,00-0032764,D.Henry,00-0032764,Derrick Henry,RB,9,30.0,A,10,30.0,0.9,1.0
2025_09_BAL_MIA,9,MIA,1H,BAL,00-0040198,O.Gordon,00-0040198,Ollie Gordon II,RB,2,6.0,H,16,83.0,0.125,0.07228915662650602
2025_09_BAL_MIA,9,BAL,1H,MIA,00-0038454,K.Mitchell,00-0038454,Keaton Mitchell,RB,0,0.0,A,10,30.0,0.0,0.0
2025_09_BAL_MIA,9,BAL,1H,MIA,00-0034975,J.Hill,00-0034975,Justice Hill,RB,0,0.0,A,10,30.0,0.0,0.0
2025_09_CAR_GB,9,CAR,1H,GB,00-0036139,R.Dowdle,00-0036139,Rico Dowdle,RB,12,66.0,A,17,83.0,0.7058823529411765,0.7951807228915663
2025_09_CAR_GB,9,GB,1H,CAR,00-0035700,J.Jacobs,00-0035700,Josh Jacobs,RB,7,49.0,H,9,56.0,0.7777777777777778,0.875
2025_09_CAR_GB,9,GB,1H,CAR,00-0038797,E.Wilson,00-0038797,Emanuel Wilson,RB,1,7.0,H,9,56.0,0.1111111111111111,0.125
2025_09_CAR_GB,9,CAR,1H,GB,00-0036555,C.Hubbard,00-0036555,Chuba Hubbard,RB,3,6.0,A,17,83.0,0.17647058823529413,0.07228915662650602
2025_09_CHI_CIN,9,CHI,1H,CIN,00-0040236,K.Monangai,00-0040236,Kyle Monangai,RB,16,100.0,A,20,139.0,0.8,0.7194244604316546
2025_09_CHI_CIN,9,CIN,1H,CHI,00-0038597,C.Brown,00-0038597,Chase Brown,RB,5,23.0,H,7,27.0,0.7142857142857143,0.8518518518518519
2025_09_CHI_CIN,9,CIN,1H,CHI,00-0033526,S.Perine,00-0033526,Samaje Perine,RB,1,5.0,H,7,27.0,0.14285714285714285,0.18518518518518517
2025_09_CHI_CIN,9,CHI,1H,CIN,00-0037329,B.Brown,00-0037329,Brittain Brown,RB,0,0.0,A,20,139.0,0.0,0.0
2025_09_CHI_CIN,9,CIN,1H,CHI,00-0040208,T.Brooks,00-0040208,Tahj Brooks,RB,0,0.0,H,7,27.0,0.0,0.0
2025_09_DEN_HOU,9,HOU,1H,DEN,00-0034791,N.Chubb,00-0034791,Nick Chubb,RB,6,19.0,H,18,43.0,0.3333333333333333,0.4418604651162791
2025_09_DEN_HOU,9,HOU,1H,DEN,00-0040583,W.Marks,00-0040583,Woody Marks,RB,7,12.0,H,18,43.0,0.3888888888888889,0.27906976744186046
2025_09_DEN_HOU,9,DEN,1H,HOU,00-0036158,J.Dobbins,00-0036158,J.K. Dobbins,RB,4,24.0,A,6,29.0,0.6666666666666666,0.8275862068965517
2025_09_DEN_HOU,9,DEN,1H,HOU,00-0040730,R.Harvey,00-0040730,RJ Harvey,RB,2,5.0,A,6,29.0,0.3333333333333333,0.1724137931034483
2025_09_DEN_HOU,9,HOU,1H,DEN,00-0039603,B.Brooks,00-0039603,British Brooks,RB,2,0.0,H,18,43.0,0.1111111111111111,0.0
2025_09_DEN_HOU,9,DEN,1H,HOU,00-0036727,A.Prentice,00-0036727,Adam Prentice,RB,0,0.0,A,6,29.0,0.0,0.0
2025_09_IND_PIT,9,IND,1H,PIT,00-0036223,J.Taylor,00-0036223,Jonathan Taylor,RB,8,23.0,A,11,30.0,0.7272727272727273,0.7666666666666667
2025_09_IND_PIT,9,PIT,1H,IND,00-0037228,J.Warren,00-0037228,Jaylen Warren,RB,7,19.0,H,11,32.0,0.6363636363636364,0.59375
2025_09_IND_PIT,9,IND,1H,PIT,00-0032104,A.Abdullah,00-0032104,Ameer Abdullah,RB,1,3.0,A,11,30.0,0.09090909090909091,0.1
2025_09_IND_PIT,9,PIT,1H,IND,00-0036919,K.Gainwell,00-0036919,Kenneth Gainwell,RB,2,8.0,H,11,32.0,0.18181818181818182,0.25
2025_09_IND_PIT,9,PIT,1H,IND,00-0040142,K.Johnson,00-0040142,Kaleb Johnson,RB,0,0.0,H,11,32.0,0.0,0.0
2025_09_JAX_LV,9,JAX,1H,LV,00-0036973,T.Etienne,00-0036973,Travis Etienne,RB,7,19.0,A,13,36.0,0.5384615384615384,0.5277777777777778
2025_09_JAX_LV,9,LV,1H,JAX,00-0040122,A.Jeanty,00-0040122,Ashton Jeanty,RB,7,38.0,H,8,40.0,0.875,0.95
2025_09_JAX_LV,9,JAX,1H,LV,00-0040719,B.Tuten,00-0040719,Bhayshul Tuten,RB,3,8.0,A,13,36.0,0.23076923076923078,0.2222222222222222
2025_09_JAX_LV,9,JAX,1H,LV,00-0040238,L.Allen,00-0040238,LeQuint Allen Jr.,RB,0,0.0,A,13,36.0,0.0,0.0
2025_09_KC_BUF,9,BUF,1H,KC,00-0037248,J.Cook,00-0037248,James Cook,RB,11,64.0,H,15,72.0,0.7333333333333333,0.8888888888888888
2025_09_KC_BUF,9,KC,1H,BUF,00-0033923,K.Hunt,00-0033923,Kareem Hunt,RB,6,34.0,A,12,56.0,0.5,0.6071428571428571
2025_09_KC_BUF,9,KC,1H,BUF,00-0040078,B.Smith,00-0040078,Brashard Smith,RB,1,4.0,A,12,56.0,0.08333333333333333,0.07142857142857142
2025_09_KC_BUF,9,KC,1H,BUF,00-0036360,C.Edwards-Helaire,00-0036360,Clyde Edwards-Helaire,RB,2,5.0,A,12,56.0,0.16666666666666666,0.08928571428571429
2025_09_KC_BUF,9,BUF,1H,KC,00-0035537,Ty.Johnson,00-0035537,Ty Johnson,RB,2,8.0,H,15,72.0,0.13333333333333333,0.1111111111111111
2025_09_LAC_TEN,9,TEN,1H,LAC,00-0035261,T.Pollard,00-0035261,Tony Pollard,RB,3,35.0,H,10,63.0,0.3,0.5555555555555556
2025_09_LAC_TEN,9,LAC,1H,TEN,00-0039391,K.Vidal,00-0039391,Kimani Vidal,RB,8,17.0,A,11,53.0,0.7272727272727273,0.32075471698113206
2025_09_LAC_TEN,9,TEN,1H,LAC,00-0039032,T.Spears,00-0039032,Tyjae Spears,RB,5,22.0,H,10,63.0,0.5,0.3492063492063492
2025_09_LAC_TEN,9,LAC,1H,TEN,00-0036755,J.Patterson,00-0036755,Jaret Patterson,RB,2,7.0,A,11,53.0,0.18181818181818182,0.1320754716981132
2025_09_MIN_DET,9,DET,1H,MIN,00-0039139,J.Gibbs,00-0039139,Jahmyr Gibbs,RB,4,15.0,H,10,25.0,0.4,0.6
2025_09_MIN_DET,9,MIN,1H,DET,00-0033293,A.Jones,00-0033293,Aaron Jones,RB,7,69.0,A,11,66.0,0.6363636363636364,1.0454545454545454
2025_09_MIN_DET,9,DET,1H,MIN,00-0035685,D.Montgomery,00-0035685,David Montgomery,RB,6,10.0,H,10,25.0,0.6,0.4
2025_09_MIN_DET,9,MIN,1H,DET,00-0037525,J.Mason,00-0037525,Jordan Mason,RB,2,1.0,A,11,66.0,0.18181818181818182,0.015151515151515152
2025_09_NO_LA,9,NO,1H,LA,00-0033906,A.Kamara,00-0033906,Alvin Kamara,RB,4,9.0,A,9,48.0,0.4444444444444444,0.1875
2025_09_NO_LA,9,LA,1H,NO,00-0037840,K.Williams,00-0037840,Kyren Williams,RB,12,51.0,H,16,76.0,0.75,0.6710526315789473
2025_09_NO_LA,9,LA,1H,NO,00-0039738,B.Corum,00-0039738,Blake Corum,RB,3,26.0,H,16,76.0,0.1875,0.34210526315789475
2025_09_NO_LA,9,NO,1H,LA,00-0040202,D.Neal,00-0040202,Devin Neal,RB,2,7.0,A,9,48.0,0.2222222222222222,0.14583333333333334
2025_09_SEA_WAS,9,SEA,1H,WAS,00-0038134,K.Walker,00-0038134,Kenneth Walker III,RB,6,26.0,A,11,48.0,0.5454545454545454,0.5416666666666666
2025_09_SEA_WAS,9,WAS,1H,SEA,00-0040242,J.Croskey-Merritt,00-0040242,Jacory Croskey-Merritt,RB,5,15.0,H,17,76.0,0.29411764705882354,0.19736842105263158
2025_09_SEA_WAS,9,WAS,1H,SEA,00-0033955,J.McNichols,00-0033955,Jeremy McNichols,RB,1,0.0,H,17,76.0,0.058823529411764705,0.0
2025_09_SEA_WAS,9,SEA,1H,WAS,00-0039165,Z.Charbonnet,00-0039165,Zach Charbonnet,RB,4,11.0,A,11,48.0,0.36363636363636365,0.22916666666666666
2025_09_SEA_WAS,9,WAS,1H,SEA,00-0038611,C.Rodriguez,00-0038611,Chris Rodriguez Jr.,RB,4,24.0,H,17,76.0,0.23529411764705882,0.3157894736842105
2025_09_SEA_WAS,9,SEA,1H,WAS,00-0039299,G.Holani,00-0039299,George Holani,RB,0,0.0,A,11,48.0,0.0,0.0
2025_09_SF_NYG,9,NYG,1H,SF,00-0039384,T.Tracy,00-0039384,Tyrone Tracy Jr.,RB,3,5.0,H,11,38.0,0.2727272727272727,0.13157894736842105
2025_09_SF_NYG,9,NYG,1H,SF,00-0035250,D.Singletary,00-0035250,Devin Singletary,RB,6,26.0,H,11,38.0,0.5454545454545454,0.6842105263157895
2025_09_SF_NYG,9,SF,1H,NYG,00-0033280,C.McCaffrey,00-0033280,Christian McCaffrey,RB,11,43.0,A,15,61.0,0.7333333333333333,0.7049180327868853
2025_09_SF_NYG,9,SF,1H,NYG,00-0037746,B.Robinson,00-0037746,Brian Robinson,RB,1,16.0,A,15,61.0,0.06666666666666667,0.26229508196721313
2025_10_ARI_SEA,10,SEA,1H,ARI,00-0039165,Z.Charbonnet,00-0039165,Zach Charbonnet,RB,6,11.0,H,21,77.0,0.2857142857142857,0.14285714285714285
2025_10_ARI_SEA,10,SEA,1H,ARI,00-0038134,K.Walker,00-0038134,Kenneth Walker III,RB,8,38.0,H,21,77.0,0.38095238095238093,0.4935064935064935
2025_10_ARI_SEA,10,ARI,1H,SEA,00-0037157,Z.Knight,00-0037157,Bam Knight,RB,6,15.0,A,12,37.0,0.5,0.40540540540540543
2025_10_ARI_SEA,10,SEA,1H,ARI,00-0039299,G.Holani,00-0039299,George Holani,RB,1,9.0,H,21,77.0,0.047619047619047616,0.11688311688311688
2025_10_ARI_SEA,10,ARI,1H,SEA,00-0038705,E.Demercado,00-0038705,Emari Demercado,RB,1,4.0,A,12,37.0,0.08333333333333333,0.10810810810810811
2025_10_ARI_SEA,10,ARI,1H,SEA,00-0036924,M.Carter,00-0036924,Michael Carter,RB,0,0.0,A,12,37.0,0.0,0.0
2025_10_ATL_IND,10,IND,1H,ATL,00-0036223,J.Taylor,00-0036223,Jonathan Taylor,RB,10,57.0,H,14,104.0,0.7142857142857143,0.5480769230769231
2025_10_ATL_IND,10,ATL,1H,IND,00-0038542,B.Robinson,00-0038542,Bijan Robinson,RB,9,47.0,A,13,63.0,0.6923076923076923,0.746031746031746
2025_10_ATL_IND,10,ATL,1H,IND,00-0037263,T.Allgeier,00-0037263,Tyler Allgeier,RB,3,17.0,A,13,63.0,0.23076923076923078,0.2698412698412698
2025_10_ATL_IND,10,IND,1H,ATL,00-0037120,T.Goodson,00-0037120,Tyler Goodson,RB,0,0.0,H,14,104.0,0.0,0.0
2025_10_BAL_MIN,10,MIN,1H,BAL,00-0033293,A.Jones,00-0033293,Aaron Jones,RB,6,14.0,H,9,26.0,0.6666666666666666,0.5384615384615384
2025_10_BAL_MIN,10,BAL,1H,MIN,00-0032764,D.Henry,00-0032764,Derrick Henry,RB,9,33.0,A,15,74.0,0.6,0.44594594594594594
2025_10_BAL_MIN,10,MIN,1H,BAL,00-0037525,J.Mason,00-0037525,Jordan Mason,RB,1,-1.0,H,9,26.0,0.1111111111111111,-0.038461538461538464
2025_10_BAL_MIN,10,BAL,1H,MIN,00-0038454,K.Mitchell,00-0038454,Keaton Mitchell,RB,3,29.0,A,15,74.0,0.2,0.3918918918918919
2025_10_BAL_MIN,10,BAL,1H,MIN,00-0034975,J.Hill,00-0034975,Justice Hill,RB,0,0.0,A,15,74.0,0.0,0.0
2025_10_BAL_MIN,10,BAL,1H,MIN,00-0033376,P.Ricard,00-0033376,Patrick Ricard,RB,0,0.0,A,15,74.0,0.0,0.0
2025_10_BUF_MIA,10,BUF,1H,MIA,00-0037248,J.Cook,00-0037248,James Cook,RB,7,21.0,A,8,23.0,0.875,0.9130434782608695
2025_10_BUF_MIA,10,MIA,1H,BUF,00-0039040,D.Achane,00-0039040,De'Von Achane,RB,12,64.0,H,20,88.0,0.6,0.7272727272727273
2025_10_BUF_MIA,10,MIA,1H,BUF,00-0039874,J.Wright,00-0039874,Jaylen Wright,RB,5,17.0,H,20,88.0,0.25,0.19318181818181818
2025_10_BUF_MIA,10,MIA,1H,BUF,00-0035125,A.Ingold,00-0035125,Alec Ingold,RB,1,6.0,H,20,88.0,0.05,0.06818181818181818
2025_10_BUF_MIA,10,MIA,1H,BUF,00-0040198,O.Gordon,00-0040198,Ollie Gordon II,RB,1,-3.0,H,20,88.0,0.05,-0.03409090909090909
2025_10_BUF_MIA,10,BUF,1H,MIA,00-0035537,Ty.Johnson,00-0035537,Ty Johnson,RB,1,2.0,A,8,23.0,0.125,0.08695652173913043
2025_10_BUF_MIA,10,BUF,1H,MIA,00-0039875,R.Davis,00-0039875,Ray Davis,RB,0,0.0,A,8,23.0,0.0,0.0
2025_10_CLE_NYJ,10,CLE,1H,NYJ,00-0040784,Q.Judkins,00-0040784,Quinshon Judkins,RB,14,39.0,A,17,56.0,0.8235294117647058,0.6964285714285714
2025_10_CLE_NYJ,10,NYJ,1H,CLE,00-0038120,B.Hall,00-0038120,Breece Hall,RB,6,29.0,H,12,67.0,0.5,0.43283582089552236
2025_10_CLE_NYJ,10,CLE,1H,NYJ,00-0040162,D.Sampson,00-0040162,Dylan Sampson,RB,1,-7.0,A,17,56.0,0.058823529411764705,-0.125
2025_10_CLE_NYJ,10,NYJ,1H,CLE,00-0039798,I.Davis,00-0039798,Isaiah Davis,RB,2,0.0,H,12,67.0,0.16666666666666666,0.0
2025_10_CLE_NYJ,10,CLE,1H,NYJ,00-0037267,J.Ford,00-0037267,Jerome Ford,RB,0,0.0,A,17,56.0,0.0,0.0
2025_10_DET_WAS,10,WAS,1H,DET,00-0038611,C.Rodriguez,00-0038611,Chris Rodriguez Jr.,RB,6,16.0,H,13,38.0,0.46153846153846156,0.42105263157894735
2025_10_DET_WAS,10,DET,1H,WAS,00-0039139,J.Gibbs,00-0039139,Jahmyr Gibbs,RB,9,75.0,A,17,108.0,0.5294117647058824,0.6944444444444444
2025_10_DET_WAS,10,DET,1H,WAS,00-0035685,D.Montgomery,00-0035685,David Montgomery,RB,8,33.0,A,17,108.0,0.47058823529411764,0.3055555555555556
2025_10_DET_WAS,10,WAS,1H,DET,00-0033955,J.McNichols,00-0033955,Jeremy McNichols,RB,2,5.0,H,13,38.0,0.15384615384615385,0.13157894736842105
2025_10_DET_WAS,10,WAS,1H,DET,00-0040242,J.Croskey-Merritt,00-0040242,Jacory Croskey-Merritt,RB,2,7.0,H,13,38.0,0.15384615384615385,0.18421052631578946
2025_10_DET_WAS,10,DET,1H,WAS,00-0039364,S.Vaki,00-0039364,Sione Vaki,RB,0,0.0,A,17,108.0,0.0,0.0
2025_10_JAX_HOU,10,JAX,1H,HOU,00-0036973,T.Etienne,00-0036973,Travis Etienne,RB,9,44.0,A,13,52.0,0.6923076923076923,0.8461538461538461
2025_10_JAX_HOU,10,HOU,1H,JAX,00-0040583,W.Marks,00-0040583,Woody Marks,RB,7,32.0,H,10,41.0,0.7,0.7804878048780488
2025_10_JAX_HOU,10,HOU,1H,JAX,00-0034791,N.Chubb,00-0034791,Nick Chubb,RB,1,3.0,H,10,41.0,0.1,0.07317073170731707
2025_10_JAX_HOU,10,JAX,1H,HOU,00-0040719,B.Tuten,00-0040719,Bhayshul Tuten,RB,2,1.0,A,13,52.0,0.15384615384615385,0.019230769230769232
2025_10_LA_SF,10,LA,1H,SF,00-0037840,K.Williams,00-0037840,Kyren Williams,RB,9,50.0,A,13,63.0,0.6923076923076923,0.7936507936507936
2025_10_LA_SF,10,SF,1H,LA,00-0033280,C.McCaffrey,00-0033280,Christian McCaffrey,RB,7,14.0,H,10,31.0,0.7,0.45161290322580644
2025_10_LA_SF,10,LA,1H,SF,00-0039738,B.Corum,00-0039738,Blake Corum,RB,3,14.0,A,13,63.0,0.23076923076923078,0.2222222222222222
2025_10_LA_SF,10,SF,1H,LA,00-0037746,B.Robinson,00-0037746,Brian Robinson,RB,3,17.0,H,10,31.0,0.3,0.5483870967741935
2025_10_LV_DEN,10,LV,1H,DEN,00-0040122,A.Jeanty,00-0040122,Ashton Jeanty,RB,10,35.0,A,14,44.0,0.7142857142857143,0.7954545454545454
2025_10_LV_DEN,10,DEN,1H,LV,00-0036158,J.Dobbins,00-0036158,J.K. Dobbins,RB,4,22.0,H,6,24.0,0.6666666666666666,0.9166666666666666
2025_10_LV_DEN,10,DEN,1H,LV,00-0040730,R.Harvey,00-0040730,RJ Harvey,RB,2,2.0,H,6,24.0,0.3333333333333333,0.08333333333333333
2025_10_LV_DEN,10,LV,1H,DEN,00-0031687,R.Mostert,00-0031687,Raheem Mostert,RB,0,0.0,A,14,44.0,0.0,0.0
2025_10_NE_TB,10,TB,1H,NE,00-0037256,R.White,00-0037256,Rachaad White,RB,4,14.0,H,9,48.0,0.4444444444444444,0.2916666666666667
2025_10_NE_TB,10,TB,1H,NE,00-0038951,S.Tucker,00-0038951,Sean Tucker,RB,4,23.0,H,9,48.0,0.4444444444444444,0.4791666666666667
2025_10_NE_TB,10,NE,1H,TB,00-0039757,T.Jennings,00-0039757,Terrell Jennings,RB,4,5.0,A,14,34.0,0.2857142857142857,0.14705882352941177
2025_10_NE_TB,10,NE,1H,TB,00-0040734,T.Henderson,00-0040734,TreVeyon Henderson,RB,6,22.0,A,14,34.0,0.42857142857142855,0.6470588235294118
2025_10_NE_TB,10,NE,1H,TB,00-0035628,D.Johnson,00-0035628,D'Ernest Johnson,RB,0,0.0,A,14,34.0,0.0,0.0
2025_10_NO_CAR,10,CAR,1H,NO,00-0036139,R.Dowdle,00-0036139,Rico Dowdle,RB,11,39.0,H,13,51.0,0.8461538461538461,0.7647058823529411
2025_10_NO_CAR,10,NO,1H,CAR,00-0033906,A.Kamara,00-0033906,Alvin Kamara,RB,9,24.0,A,14,50.0,0.6428571428571429,0.48
2025_10_NO_CAR,10,NO,1H,CAR,00-0040202,D.Neal,00-0040202,Devin Neal,RB,2,20.0,A,14,50.0,0.14285714285714285,0.4
2025_10_NO_CAR,10,CAR,1H,NO,00-0036555,C.Hubbard,00-0036555,Chuba Hubbard,RB,1,6.0,H,13,51.0,0.07692307692307693,0.11764705882352941
2025_10_NYG_CHI,10,CHI,1H,NYG,00-0036275,D.Swift,00-0036275,D'Andre Swift,RB,8,61.0,H,15,80.0,0.5333333333333333,0.7625
2025_10_NYG_CHI,10,NYG,1H,CHI,00-0039384,T.Tracy,00-0039384,Tyrone Tracy Jr.,RB,5,0.0,A,10,23.0,0.5,0.0
2025_10_NYG_CHI,10,CHI,1H,NYG,00-0040236,K.Monangai,00-0040236,Kyle Monangai,RB,4,13.0,H,15,80.0,0.26666666666666666,0.1625
2025_10_NYG_CHI,10,NYG,1H,CHI,00-0035250,D.Singletary,00-0035250,Devin Singletary,RB,3,2.0,A,10,23.0,0.3,0.08695652173913043
2025_10_PHI_GB,10,GB,1H,PHI,00-0035700,J.Jacobs,00-0035700,Josh Jacobs,RB,10,38.0,H,15,63.0,0.6666666666666666,0.6031746031746031
2025_10_PHI_GB,10,PHI,1H,GB,00-0034844,S.Barkley,00-0034844,Saquon Barkley,RB,9,33.0,A,18,77.0,0.5,0.42857142857142855
2025_10_PHI_GB,10,PHI,1H,GB,00-0038555,T.Bigsby,00-0038555,Tank Bigsby,RB,2,10.0,A,18,77.0,0.1111111111111111,0.12987012987012986
2025_10_PHI_GB,10,PHI,1H,GB,00-0039746,W.Shipley,00-0039746,Will Shipley,RB,3,13.0,A,18,77.0,0.16666666666666666,0.16883116883116883
2025_10_PHI_GB,10,GB,1H,PHI,00-0038797,E.Wilson,00-0038797,Emanuel Wilson,RB,1,2.0,H,15,63.0,0.06666666666666667,0.031746031746031744
2025_10_PIT_LAC,10,LAC,1H,PIT,00-0039391,K.Vidal,00-0039391,Kimani Vidal,RB,8,49.0,H,12,55.0,0.6666666666666666,0.8909090909090909
2025_10_PIT_LAC,10,PIT,1H,LAC,00-0037228,J.Warren,00-0037228,Jaylen Warren,RB,7,28.0,A,9,31.0,0.7777777777777778,0.9032258064516129
2025_10_PIT_LAC,10,LAC,1H,PIT,00-0036755,J.Patterson,00-0036755,Jaret Patterson,RB,1,1.0,H,12,55.0,0.08333333333333333,0.01818181818181818
2025_10_PIT_LAC,10,PIT,1H,LAC,00-0040142,K.Johnson,00-0040142,Kaleb Johnson,RB,2,3.0,A,9,31.0,0.2222222222222222,0.0967741935483871
2025_11_BAL_CLE,11,CLE,1H,BAL,00-0040784,Q.Judkins,00-0040784,Quinshon Judkins,RB,11,39.0,H,15,62.0,0.7333333333333333,0.6290322580645161
2025_11_BAL_CLE,11,BAL,1H,CLE,00-0038454,K.Mitchell,00-0038454,Keaton Mitchell,RB,4,16.0,A,14,58.0,0.2857142857142857,0.27586206896551724
2025_11_BAL_CLE,11,BAL,1H,CLE,00-0032764,D.Henry,00-0032764,Derrick Henry,RB,8,30.0,A,14,58.0,0.5714285714285714,0.5172413793103449
2025_11_BAL_CLE,11,CLE,1H,BAL,00-0040162,D.Sampson,00-0040162,Dylan Sampson,RB,1,19.0,H,15,62.0,0.06666666666666667,0.3064516129032258
2025_11_BAL_CLE,11,CLE,1H,BAL,00-0037267,J.Ford,00-0037267,Jerome Ford,RB,1,2.0,H,15,62.0,0.06666666666666667,0.03225806451612903
2025_11_CAR_ATL,11,ATL,1H,CAR,00-0038542,B.Robinson,00-0038542,Bijan Robinson,RB,16,93.0,H,17,94.0,0.9411764705882353,0.9893617021276596
2025_11_CAR_ATL,11,CAR,1H,ATL,00-0036139,R.Dowdle,00-0036139,Rico Dowdle,RB,5,13.0,A,8,27.0,0.625,0.48148148148148145
2025_11_CAR_ATL,11,CAR,1H,ATL,00-0040644,T.Etienne,00-0040644,Trevor Etienne,RB,1,2.0,A,8,27.0,0.125,0.07407407407407407
2025_11_CAR_ATL,11,ATL,1H,CAR,00-0037263,T.Allgeier,00-0037263,Tyler Allgeier,RB,1,1.0,H,17,94.0,0.058823529411764705,0.010638297872340425
2025_11_CAR_ATL,11,CAR,1H,ATL,00-0036555,C.Hubbard,00-0036555,Chuba Hubbard,RB,2,12.0,A,8,27.0,0.25,0.4444444444444444
2025_11_CHI_MIN,11,MIN,1H,CHI,00-0033293,A.Jones,00-0033293,Aaron Jones,RB,10,43.0,H,12,54.0,0.8333333333333334,0.7962962962962963
2025_11_CHI_MIN,11,CHI,1H,MIN,00-0036275,D.Swift,00-0036275,D'Andre Swift,RB,9,34.0,A,17,56.0,0.5294117647058824,0.6071428571428571
2025_11_CHI_MIN,11,MIN,1H,CHI,00-0037525,J.Mason,00-0037525,Jordan Mason,RB,2,11.0,H,12,54.0,0.16666666666666666,0.2037037037037037
2025_11_CHI_MIN,11,CHI,1H,MIN,00-0040236,K.Monangai,00-0040236,Kyle Monangai,RB,4,9.0,A,17,56.0,0.23529411764705882,0.16071428571428573
2025_11_CHI_MIN,11,CHI,1H,MIN,00-0035594,T.Homer,00-0035594,Travis Homer,RB,0,0.0,A,17,56.0,0.0,0.0
2025_11_CIN_PIT,11,PIT,1H,CIN,00-0037228,J.Warren,00-0037228,Jaylen Warren,RB,8,54.0,H,17,83.0,0.47058823529411764,0.6506024096385542
2025_11_CIN_PIT,11,PIT,1H,CIN,00-0036919,K.Gainwell,00-0036919,Kenneth Gainwell,RB,6,18.0,H,17,83.0,0.35294117647058826,0.21686746987951808
2025_11_CIN_PIT,11,CIN,1H,PIT,00-0038597,C.Brown,00-0038597,Chase Brown,RB,8,35.0,A,10,39.0,0.8,0.8974358974358975
2025_11_CIN_PIT,11,CIN,1H,PIT,00-0040208,T.Brooks,00-0040208,Tahj Brooks,RB,1,5.0,A,10,39.0,0.1,0.1282051282051282
2025_11_CIN_PIT,11,PIT,1H,CIN,00-0040142,K.Johnson,00-0040142,Kaleb Johnson,RB,0,0.0,H,17,83.0,0.0,0.0
2025_11_CIN_PIT,11,CIN,1H,PIT,00-0039266,K.Milton,00-0039266,Kendall Milton,RB,0,0.0,A,10,39.0,0.0,0.0
2025_11_DAL_LV,11,DAL,1H,LV,00-0036997,J.Williams,00-0036997,Javonte Williams,RB,12,54.0,A,14,69.0,0.8571428571428571,0.782608695652174
2025_11_DAL_LV,11,LV,1H,DAL,00-0040122,A.Jeanty,00-0040122,Ashton Jeanty,RB,2,10.0,H,4,21.0,0.5,0.47619047619047616
2025_11_DAL_LV,11,DAL,1H,LV,00-0037563,M.Davis,00-0037563,Malik Davis,RB,2,15.0,A,14,69.0,0.14285714285714285,0.21739130434782608
2025_11_DAL_LV,11,LV,1H,DAL,00-0031687,R.Mostert,00-0031687,Raheem Mostert,RB,1,4.0,H,4,21.0,0.25,0.19047619047619047
2025_11_DAL_LV,11,DAL,1H,LV,00-0038738,H.Luepke,00-0038738,Hunter Luepke,RB,0,0.0,A,14,69.0,0.0,0.0
2025_11_DET_PHI,11,PHI,1H,DET,00-0038555,T.Bigsby,00-0038555,Tank Bigsby,RB,3,29.0,H,19,75.0,0.15789473684210525,0.38666666666666666
2025_11_DET_PHI,11,PHI,1H,DET,00-0034844,S.Barkley,00-0034844,Saquon Barkley,RB,12,32.0,H,19,75.0,0.631578947368421,0.4266666666666667
2025_11_DET_PHI,11,DET,1H,PHI,00-0039139,J.Gibbs,00-0039139,Jahmyr Gibbs,RB,5,8.0,A,12,30.0,0.4166666666666667,0.26666666666666666
2025_11_DET_PHI,11,DET,1H,PHI,00-0035685,D.Montgomery,00-0035685,David Montgomery,RB,4,14.0,A,12,30.0,0.3333333333333333,0.4666666666666667
2025_11_GB_NYG,11,NYG,1H,GB,00-0039384,T.Tracy,00-0039384,Tyrone Tracy Jr.,RB,8,27.0,H,16,52.0,0.5,0.5192307692307693
2025_11_GB_NYG,11,NYG,1H,GB,00-0035250,D.Singletary,00-0035250,Devin Singletary,RB,6,16.0,H,16,52.0,0.375,0.3076923076923077
2025_11_GB_NYG,11,GB,1H,NYG,00-0035700,J.Jacobs,00-0035700,Josh Jacobs,RB,7,40.0,A,16,106.0,0.4375,0.37735849056603776
2025_11_GB_NYG,11,GB,1H,NYG,00-0038685,C.Brooks,00-0038685,Chris Brooks,RB,1,8.0,A,16,106.0,0.0625,0.07547169811320754
2025_11_GB_NYG,11,GB,1H,NYG,00-0038797,E.Wilson,00-0038797,Emanuel Wilson,RB,4,18.0,A,16,106.0,0.25,0.16981132075471697
2025_11_HOU_TEN,11,HOU,1H,TEN,00-0040583,W.Marks,00-0040583,Woody Marks,RB,10,21.0,A,11,31.0,0.9090909090909091,0.6774193548387096
2025_11_HOU_TEN,11,TEN,1H,HOU,00-0035261,T.Pollard,00-0035261,Tony Pollard,RB,6,11.0,H,8,13.0,0.75,0.8461538461538461
2025_11_HOU_TEN,11,TEN,1H,HOU,00-0039032,T.Spears,00-0039032,Tyjae Spears,RB,2,2.0,H,8,13.0,0.25,0.15384615384615385
2025_11_HOU_TEN,11,HOU,1H,TEN,00-0034791,N.Chubb,00-0034791,Nick Chubb,RB,0,0.0,A,11,31.0,0.0,0.0
2025_11_KC_DEN,11,DEN,1H,KC,00-0040730,R.Harvey,00-0040730,RJ Harvey,RB,3,4.0,H,8,20.0,0.375,0.2
2025_11_KC_DEN,11,DEN,1H,KC,00-0038794,J.McLaughlin,00-0038794,Jaleel McLaughlin,RB,3,7.0,H,8,20.0,0.375,0.35
2025_11_KC_DEN,11,KC,1H,DEN,00-0033923,K.Hunt,00-0033923,Kareem Hunt,RB,8,39.0,A,9,42.0,0.8888888888888888,0.9285714285714286
2025_11_LAC_JAX,11,JAX,1H,LAC,00-0036973,T.Etienne,00-0036973,Travis Etienne,RB,6,32.0,H,17,86.0,0.35294117647058826,0.37209302325581395
2025_11_LAC_JAX,11,JAX,1H,LAC,00-0040719,B.Tuten,00-0040719,Bhayshul Tuten,RB,8,47.0,H,17,86.0,0.47058823529411764,0.5465116279069767
2025_11_LAC_JAX,11,LAC,1H,JAX,00-0039391,K.Vidal,00-0039391,Kimani Vidal,RB,4,11.0,A,11,37.0,0.36363636363636365,0.2972972972972973
2025_11_LAC_JAX,11,LAC,1H,JAX,00-0035291,T.Williams,00-0035291,Trayveon Williams,RB,3,-1.0,A,11,37.0,0.2727272727272727,-0.02702702702702703
2025_11_LAC_JAX,11,LAC,1H,JAX,00-0040039,A.Johnson,00-0040039,Amar Johnson,RB,1,6.0,A,11,37.0,0.09090909090909091,0.16216216216216217
2025_11_LAC_JAX,11,JAX,1H,LAC,00-0040238,L.Allen,00-0040238,LeQuint Allen Jr.,RB,0,0.0,H,17,86.0,0.0,0.0
2025_11_NYJ_NE,11,NYJ,1H,NE,00-0038120,B.Hall,00-0038120,Breece Hall,RB,8,31.0,A,15,70.0,0.5333333333333333,0.44285714285714284
2025_11_NYJ_NE,11,NYJ,1H,NE,00-0039798,I.Davis,00-0039798,Isaiah Davis,RB,2,11.0,A,15,70.0,0.13333333333333333,0.15714285714285714
2025_11_NYJ_NE,11,NE,1H,NYJ,00-0040734,T.Henderson,00-0040734,TreVeyon Henderson,RB,13,40.0,H,16,44.0,0.8125,0.9090909090909091
2025_11_NYJ_NE,11,NE,1H,NYJ,00-0035628,D.Johnson,00-0035628,D'Ernest Johnson,RB,1,-1.0,H,16,44.0,0.0625,-0.022727272727272728
2025_11_SEA_LA,11,LA,1H,SEA,00-0037840,K.Williams,00-0037840,Kyren Williams,RB,6,76.0,H,11,85.0,0.5454545454545454,0.8941176470588236
2025_11_SEA_LA,11,SEA,1H,LA,00-0038134,K.Walker,00-0038134,Kenneth Walker III,RB,6,37.0,A,18,79.0,0.3333333333333333,0.46835443037974683
2025_11_SEA_LA,11,LA,1H,SEA,00-0039738,B.Corum,00-0039738,Blake Corum,RB,5,9.0,H,11,85.0,0.45454545454545453,0.10588235294117647
2025_11_SEA_LA,11,SEA,1H,LA,00-0039165,Z.Charbonnet,00-0039165,Zach Charbonnet,RB,7,22.0,A,18,79.0,0.3888888888888889,0.27848101265822783
2025_11_SEA_LA,11,SEA,1H,LA,00-0039299,G.Holani,00-0039299,George Holani,RB,2,6.0,A,18,79.0,0.1111111111111111,0.0759493670886076
2025_11_SF_ARI,11,SF,1H,ARI,00-0033280,C.McCaffrey,00-0033280,Christian McCaffrey,RB,6,39.0,A,9,44.0,0.6666666666666666,0.8863636363636364
2025_11_SF_ARI,11,ARI,1H,SF,00-0037157,Z.Knight,00-0037157,Bam Knight,RB,4,20.0,H,11,26.0,0.36363636363636365,0.7692307692307693
2025_11_SF_ARI,11,ARI,1H,SF,00-0038705,E.Demercado,00-0038705,Emari Demercado,RB,5,8.0,H,11,26.0,0.45454545454545453,0.3076923076923077
2025_11_SF_ARI,11,SF,1H,ARI,00-0037746,B.Robinson,00-0037746,Brian Robinson,RB,3,5.0,A,9,44.0,0.3333333333333333,0.11363636363636363
2025_11_SF_ARI,11,ARI,1H,SF,00-0036924,M.Carter,00-0036924,Michael Carter,RB,0,0.0,H,11,26.0,0.0,0.0
2025_11_TB_BUF,11,TB,1H,BUF,00-0037256,R.White,00-0037256,Rachaad White,RB,9,48.0,A,23,136.0,0.391304347826087,0.35294117647058826
2025_11_TB_BUF,11,TB,1H,BUF,00-0038951,S.Tucker,00-0038951,Sean Tucker,RB,9,71.0,A,23,136.0,0.391304347826087,0.5220588235294118
2025_11_TB_BUF,11,BUF,1H,TB,00-0037248,J.Cook,00-0037248,James Cook,RB,5,10.0,H,9,33.0,0.5555555555555556,0.30303030303030304
2025_11_TB_BUF,11,BUF,1H,TB,00-0035537,Ty.Johnson,00-0035537,Ty Johnson,RB,1,9.0,H,9,33.0,0.1111111111111111,0.2727272727272727
2025_11_WAS_MIA,11,MIA,1H,WAS,00-0039040,D.Achane,00-0039040,De'Von Achane,RB,7,53.0,H,9,65.0,0.7777777777777778,0.8153846153846154
2025_11_WAS_MIA,11,MIA,1H,WAS,00-0039874,J.Wright,00-0039874,Jaylen Wright,RB,1,4.0,H,9,65.0,0.1111111111111111,0.06153846153846154
2025_11_WAS_MIA,11,WAS,1H,MIA,00-0038611,C.Rodriguez,00-0038611,Chris Rodriguez Jr.,RB,10,49.0,A,16,60.0,0.625,0.8166666666666667
2025_11_WAS_MIA,11,MIA,1H,WAS,00-0040198,O.Gordon,00-0040198,Ollie Gordon II,RB,1,8.0,H,9,65.0,0.1111111111111111,0.12307692307692308
2025_11_WAS_MIA,11,WAS,1H,MIA,00-0040242,J.Croskey-Merritt,00-0040242,Jacory Croskey-Merritt,RB,3,6.0,A,16,60.0,0.1875,0.1
2025_11_WAS_MIA,11,WAS,1H,MIA,00-0033955,J.McNichols,00-0033955,Jeremy McNichols,RB,0,0.0,A,16,60.0,0.0,0.0
2025_12_ATL_NO,12,ATL,1H,NO,00-0038542,B.Robinson,00-0038542,Bijan Robinson,RB,10,60.0,A,16,91.0,0.625,0.6593406593406593
2025_12_ATL_NO,12,NO,1H,ATL,00-0033906,A.Kamara,00-0033906,Alvin Kamara,RB,3,11.0,H,8,25.0,0.375,0.44
2025_12_ATL_NO,12,ATL,1H,NO,00-0037263,T.Allgeier,00-0037263,Tyler Allgeier,RB,4,23.0,A,16,91.0,0.25,0.25274725274725274
2025_12_ATL_NO,12,NO,1H,ATL,00-0040202,D.Neal,00-0040202,Devin Neal,RB,1,1.0,H,8,25.0,0.125,0.04
2025_12_BUF_HOU,12,HOU,1H,BUF,00-0040583,W.Marks,00-0040583,Woody Marks,RB,8,44.0,H,15,79.0,0.5333333333333333,0.5569620253164557
2025_12_BUF_HOU,12,BUF,1H,HOU,00-0037248,J.Cook,00-0037248,James Cook,RB,7,75.0,A,11,77.0,0.6363636363636364,0.974025974025974
2025_12_BUF_HOU,12,HOU,1H,BUF,00-0034791,N.Chubb,00-0034791,Nick Chubb,RB,4,16.0,H,15,79.0,0.26666666666666666,0.20253164556962025
2025_12_BUF_HOU,12,BUF,1H,HOU,00-0035537,Ty.Johnson,00-0035537,Ty Johnson,RB,1,-2.0,A,11,77.0,0.09090909090909091,-0.025974025974025976
2025_12_CAR_SF,12,SF,1H,CAR,00-0033280,C.McCaffrey,00-0033280,Christian McCaffrey,RB,12,43.0,H,16,66.0,0.75,0.6515151515151515
2025_12_CAR_SF,12,SF,1H,CAR,00-0037746,B.Robinson,00-0037746,Brian Robinson,RB,2,11.0,H,16,66.0,0.125,0.16666666666666666
2025_12_CAR_SF,12,CAR,1H,SF,00-0036139,R.Dowdle,00-0036139,Rico Dowdle,RB,4,19.0,A,9,44.0,0.4444444444444444,0.4318181818181818
2025_12_CAR_SF,12,CAR,1H,SF,00-0036555,C.Hubbard,00-0036555,Chuba Hubbard,RB,2,12.0,A,9,44.0,0.2222222222222222,0.2727272727272727
2025_12_CLE_LV,12,CLE,1H,LV,00-0040784,Q.Judkins,00-0040784,Quinshon Judkins,RB,7,18.0,A,10,8.0,0.7,2.25
2025_12_CLE_LV,12,LV,1H,CLE,00-0040122,A.Jeanty,00-0040122,Ashton Jeanty,RB,10,28.0,H,13,29.0,0.7692307692307693,0.9655172413793104
2025_12_CLE_LV,12,CLE,1H,LV,00-0040162,D.Sampson,00-0040162,Dylan Sampson,RB,1,-3.0,A,10,8.0,0.1,-0.375
2025_12_CLE_LV,12,LV,1H,CLE,00-0031687,R.Mostert,00-0031687,Raheem Mostert,RB,1,2.0,H,13,29.0,0.07692307692307693,0.06896551724137931
2025_12_CLE_LV,12,CLE,1H,LV,00-0037267,J.Ford,00-0037267,Jerome Ford,RB,0,0.0,A,10,8.0,0.0,0.0
2025_12_IND_KC,12,IND,1H,KC,00-0036223,J.Taylor,00-0036223,Jonathan Taylor,RB,7,22.0,A,9,25.0,0.7777777777777778,0.88
2025_12_IND_KC,12,KC,1H,IND,00-0033923,K.Hunt,00-0033923,Kareem Hunt,RB,11,50.0,H,16,63.0,0.6875,0.7936507936507936
2025_12_IND_KC,12,KC,1H,IND,00-0036360,C.Edwards-Helaire,00-0036360,Clyde Edwards-Helaire,RB,3,6.0,H,16,63.0,0.1875,0.09523809523809523
2025_12_IND_KC,12,KC,1H,IND,00-0040078,B.Smith,00-0040078,Brashard Smith,RB,0,0.0,H,16,63.0,0.0,0.0
2025_12_JAX_ARI,12,ARI,1H,JAX,00-0037157,Z.Knight,00-0037157,Bam Knight,RB,6,8.0,H,12,34.0,0.5,0.23529411764705882
2025_12_JAX_ARI,12,JAX,1H,ARI,00-0036973,T.Etienne,00-0036973,Travis Etienne,RB,6,57.0,A,10,86.0,0.6,0.6627906976744186
2025_12_JAX_ARI,12,JAX,1H,ARI,00-0040719,B.Tuten,00-0040719,Bhayshul Tuten,RB,1,3.0,A,10,86.0,0.1,0.03488372093023256
2025_12_JAX_ARI,12,ARI,1H,JAX,00-0036924,M.Carter,00-0036924,Michael Carter,RB,4,20.0,H,12,34.0,0.3333333333333333,0.5882352941176471
2025_12_JAX_ARI,12,JAX,1H,ARI,00-0040238,L.Allen,00-0040238,LeQuint Allen Jr.,RB,0,0.0,A,10,86.0,0.0,0.0
2025_12_MIN_GB,12,MIN,1H,GB,00-0033293,A.Jones,00-0033293,Aaron Jones,RB,8,42.0,A,17,86.0,0.47058823529411764,0.4883720930232558
2025_12_MIN_GB,12,GB,1H,MIN,00-0038797,E.Wilson,00-0038797,Emanuel Wilson,RB,13,55.0,H,16,56.0,0.8125,0.9821428571428571
2025_12_MIN_GB,12,MIN,1H,GB,00-0037525,J.Mason,00-0037525,Jordan Mason,RB,7,44.0,A,17,86.0,0.4117647058823529,0.5116279069767442
2025_12_MIN_GB,12,GB,1H,MIN,00-0038685,C.Brooks,00-0038685,Chris Brooks,RB,2,2.0,H,16,56.0,0.125,0.03571428571428571
2025_12_NE_CIN,12,NE,1H,CIN,00-0040734,T.Henderson,00-0040734,TreVeyon Henderson,RB,8,28.0,A,12,44.0,0.6666666666666666,0.6363636363636364
2025_12_NE_CIN,12,CIN,1H,NE,00-0038597,C.Brown,00-0038597,Chase Brown,RB,12,76.0,H,15,86.0,0.8,0.8837209302325582
2025_12_NE_CIN,12,CIN,1H,NE,00-0040208,T.Brooks,00-0040208,Tahj Brooks,RB,2,5.0,H,15,86.0,0.13333333333333333,0.05813953488372093
2025_12_NE_CIN,12,NE,1H,CIN,00-0036875,R.Stevenson,00-0036875,Rhamondre Stevenson,RB,2,5.0,A,12,44.0,0.16666666666666666,0.11363636363636363
2025_12_NE_CIN,12,NE,1H,CIN,00-0039757,T.Jennings,00-0039757,Terrell Jennings,RB,0,0.0,A,12,44.0,0.0,0.0
2025_12_NYG_DET,12,NYG,1H,DET,00-0039384,T.Tracy,00-0039384,Tyrone Tracy Jr.,RB,8,17.0,A,16,42.0,0.5,0.40476190476190477
2025_12_NYG_DET,12,DET,1H,NYG,00-0039139,J.Gibbs,00-0039139,Jahmyr Gibbs,RB,9,83.0,H,11,86.0,0.8181818181818182,0.9651162790697675
2025_12_NYG_DET,12,NYG,1H,DET,00-0035250,D.Singletary,00-0035250,Devin Singletary,RB,6,23.0,A,16,42.0,0.375,0.5476190476190477
2025_12_NYG_DET,12,DET,1H,NYG,00-0035685,D.Montgomery,00-0035685,David Montgomery,RB,2,3.0,H,11,86.0,0.18181818181818182,0.03488372093023256
2025_12_NYJ_BAL,12,NYJ,1H,BAL,00-0038120,B.Hall,00-0038120,Breece Hall,RB,13,32.0,A,19,55.0,0.6842105263157895,0.5818181818181818
2025_12_NYJ_BAL,12,BAL,1H,NYJ,00-0032764,D.Henry,00-0032764,Derrick Henry,RB,5,14.0,H,12,23.0,0.4166666666666667,0.6086956521739131
2025_12_NYJ_BAL,12,NYJ,1H,BAL,00-0039798,I.Davis,00-0039798,Isaiah Davis,RB,3,5.0,A,19,55.0,0.15789473684210525,0.09090909090909091
2025_12_NYJ_BAL,12,BAL,1H,NYJ,00-0038454,K.Mitchell,00-0038454,Keaton Mitchell,RB,0,0.0,H,12,23.0,0.0,0.0
2025_12_PHI_DAL,12,DAL,1H,PHI,00-0036997,J.Williams,00-0036997,Javonte Williams,RB,9,43.0,H,14,52.0,0.6428571428571429,0.8269230769230769
2025_12_PHI_DAL,12,PHI,1H,DAL,00-0034844,S.Barkley,00-0034844,Saquon Barkley,RB,6,13.0,A,10,33.0,0.6,0.3939393939393939
2025_12_PHI_DAL,12,PHI,1H,DAL,00-0038555,T.Bigsby,00-0038555,Tank Bigsby,RB,1,8.0,A,10,33.0,0.1,0.24242424242424243
2025_12_PHI_DAL,12,DAL,1H,PHI,00-0037563,M.Davis,00-0037563,Malik Davis,RB,1,2.0,H,14,52.0,0.07142857142857142,0.038461538461538464
2025_12_PIT_CHI,12,CHI,1H,PIT,00-0036275,D.Swift,00-0036275,D'Andre Swift,RB,6,12.0,H,15,65.0,0.4,0.18461538461538463
2025_12_PIT_CHI,12,PIT,1H,CHI,00-0036919,K.Gainwell,00-0036919,Kenneth Gainwell,RB,5,73.0,A,16,125.0,0.3125,0.584
2025_12_PIT_CHI,12,CHI,1H,PIT,00-0040236,K.Monangai,00-0040236,Kyle Monangai,RB,5,16.0,H,15,65.0,0.3333333333333333,0.24615384615384617
2025_12_PIT_CHI,12,PIT,1H,CHI,00-0037228,J.Warren,00-0037228,Jaylen Warren,RB,8,40.0,A,16,125.0,0.5,0.32
2025_12_SEA_TEN,12,TEN,1H,SEA,00-0035261,T.Pollard,00-0035261,Tony Pollard,RB,7,11.0,H,13,36.0,0.5384615384615384,0.3055555555555556
2025_12_SEA_TEN,12,TEN,1H,SEA,00-0039032,T.Spears,00-0039032,Tyjae Spears,RB,1,1.0,H,13,36.0,0.07692307692307693,0.027777777777777776
2025_12_SEA_TEN,12,TEN,1H,SEA,00-0037594,J.Chestnut,00-0037594,Julius Chestnut,RB,2,3.0,H,13,36.0,0.15384615384615385,0.08333333333333333
2025_12_SEA_TEN,12,SEA,1H,TEN,00-0038134,K.Walker,00-0038134,Kenneth Walker III,RB,5,12.0,A,10,45.0,0.5,0.26666666666666666
2025_12_SEA_TEN,12,SEA,1H,TEN,00-0039165,Z.Charbonnet,00-0039165,Zach Charbonnet,RB,3,24.0,A,10,45.0,0.3,0.5333333333333333
2025_12_TB_LA,12,TB,1H,LA,00-0037256,R.White,00-0037256,Rachaad White,RB,4,20.0,A,17,80.0,0.23529411764705882,0.25
2025_12_TB_LA,12,TB,1H,LA,00-0038951,S.Tucker,00-0038951,Sean Tucker,RB,7,29.0,A,17,80.0,0.4117647058823529,0.3625
2025_12_TB_LA,12,LA,1H,TB,00-0037840,K.Williams,00-0037840,Kyren Williams,RB,2,3.0,H,5,24.0,0.4,0.125
2025_12_TB_LA,12,LA,1H,TB,00-0039738,B.Corum,00-0039738,Blake Corum,RB,3,21.0,H,5,24.0,0.6,0.875
2025_12_TB_LA,12,TB,1H,LA,00-0038458,O.Wright,00-0038458,Owen Wright,RB,0,0.0,A,17,80.0,0.0,0.0
2025_13_ARI_TB,13,TB,1H,ARI,00-0037256,R.White,00-0037256,Rachaad White,RB,2,7.0,H,14,70.0,0.14285714285714285,0.1
2025_13_ARI_TB,13,ARI,1H,TB,00-0037157,Z.Knight,00-0037157,Bam Knight,RB,5,33.0,A,7,41.0,0.7142857142857143,0.8048780487804879
2025_13_ARI_TB,13,TB,1H,ARI,00-0039361,B.Irving,00-0039361,Bucky Irving,RB,9,35.0,H,14,70.0,0.6428571428571429,0.5
2025_13_ARI_TB,13,TB,1H,ARI,00-0038951,S.Tucker,00-0038951,Sean Tucker,RB,1,2.0,H,14,70.0,0.07142857142857142,0.02857142857142857
2025_13_ARI_TB,13,ARI,1H,TB,00-0036924,M.Carter,00-0036924,Michael Carter,RB,0,0.0,A,7,41.0,0.0,0.0
2025_13_ATL_NYJ,13,ATL,1H,NYJ,00-0038542,B.Robinson,00-0038542,Bijan Robinson,RB,13,90.0,A,17,98.0,0.7647058823529411,0.9183673469387755
2025_13_ATL_NYJ,13,ATL,1H,NYJ,00-0037263,T.Allgeier,00-0037263,Tyler Allgeier,RB,3,3.0,A,17,98.0,0.17647058823529413,0.030612244897959183
2025_13_ATL_NYJ,13,NYJ,1H,ATL,00-0038120,B.Hall,00-0038120,Breece Hall,RB,8,32.0,H,12,38.0,0.6666666666666666,0.8421052631578947
2025_13_BUF_PIT,13,BUF,1H,PIT,00-0037248,J.Cook,00-0037248,James Cook,RB,17,81.0,A,26,125.0,0.6538461538461539,0.648
2025_13_BUF_PIT,13,PIT,1H,BUF,00-0037228,J.Warren,00-0037228,Jaylen Warren,RB,7,20.0,H,9,33.0,0.7777777777777778,0.6060606060606061
2025_13_BUF_PIT,13,BUF,1H,PIT,00-0039875,R.Davis,00-0039875,Ray Davis,RB,3,25.0,A,26,125.0,0.11538461538461539,0.2
2025_13_BUF_PIT,13,PIT,1H,BUF,00-0036919,K.Gainwell,00-0036919,Kenneth Gainwell,RB,2,13.0,H,9,33.0,0.2222222222222222,0.3939393939393939
2025_13_BUF_PIT,13,BUF,1H,PIT,00-0035537,Ty.Johnson,00-0035537,Ty Johnson,RB,1,3.0,A,26,125.0,0.038461538461538464,0.024
2025_13_BUF_PIT,13,PIT,1H,BUF,00-0040142,K.Johnson,00-0040142,Kaleb Johnson,RB,0,0.0,H,9,33.0,0.0,0.0
2025_13_CHI_PHI,13,CHI,1H,PHI,00-0036275,D.Swift,00-0036275,D'Andre Swift,RB,10,88.0,A,22,142.0,0.45454545454545453,0.6197183098591549
2025_13_CHI_PHI,13,CHI,1H,PHI,00-0040236,K.Monangai,00-0040236,Kyle Monangai,RB,8,41.0,A,22,142.0,0.36363636363636365,0.2887323943661972
2025_13_CHI_PHI,13,PHI,1H,CHI,00-0034844,S.Barkley,00-0034844,Saquon Barkley,RB,6,23.0,H,7,26.0,0.8571428571428571,0.8846153846153846
2025_13_CIN_BAL,13,CIN,1H,BAL,00-0038597,C.Brown,00-0038597,Chase Brown,RB,6,30.0,A,12,48.0,0.5,0.625
2025_13_CIN_BAL,13,BAL,1H,CIN,00-0032764,D.Henry,00-0032764,Derrick Henry,RB,5,33.0,H,9,50.0,0.5555555555555556,0.66
2025_13_CIN_BAL,13,CIN,1H,BAL,00-0033526,S.Perine,00-0033526,Samaje Perine,RB,4,13.0,A,12,48.0,0.3333333333333333,0.2708333333333333
2025_13_CIN_BAL,13,BAL,1H,CIN,00-0038454,K.Mitchell,00-0038454,Keaton Mitchell,RB,1,1.0,H,9,50.0,0.1111111111111111,0.02
2025_13_CIN_BAL,13,BAL,1H,CIN,00-0039796,R.Ali,00-0039796,Rasheen Ali,RB,0,0.0,H,9,50.0,0.0,0.0
2025_13_DEN_WAS,13,DEN,1H,WAS,00-0040730,R.Harvey,00-0040730,RJ Harvey,RB,7,24.0,A,11,39.0,0.6363636363636364,0.6153846153846154
2025_13_DEN_WAS,13,WAS,1H,DEN,00-0038611,C.Rodriguez,00-0038611,Chris Rodriguez Jr.,RB,7,30.0,H,17,76.0,0.4117647058823529,0.39473684210526316
2025_13_DEN_WAS,13,DEN,1H,WAS,00-0038794,J.McLaughlin,00-0038794,Jaleel McLaughlin,RB,2,7.0,A,11,39.0,0.18181818181818182,0.1794871794871795
2025_13_DEN_WAS,13,WAS,1H,DEN,00-0033955,J.McNichols,00-0033955,Jeremy McNichols,RB,1,16.0,H,17,76.0,0.058823529411764705,0.21052631578947367
2025_13_DEN_WAS,13,DEN,1H,WAS,00-0036727,A.Prentice,00-0036727,Adam Prentice,RB,1,3.0,A,11,39.0,0.09090909090909091,0.07692307692307693
2025_13_DEN_WAS,13,WAS,1H,DEN,00-0040242,J.Croskey-Merritt,00-0040242,Jacory Croskey-Merritt,RB,3,19.0,H,17,76.0,0.17647058823529413,0.25
2025_13_GB_DET,13,GB,1H,DET,00-0035700,J.Jacobs,00-0035700,Josh Jacobs,RB,8,59.0,A,16,80.0,0.5,0.7375
2025_13_GB_DET,13,GB,1H,DET,00-0038797,E.Wilson,00-0038797,Emanuel Wilson,RB,3,10.0,A,16,80.0,0.1875,0.125
2025_13_GB_DET,13,DET,1H,GB,00-0039139,J.Gibbs,00-0039139,Jahmyr Gibbs,RB,8,32.0,H,14,43.0,0.5714285714285714,0.7441860465116279
2025_13_GB_DET,13,DET,1H,GB,00-0035685,D.Montgomery,00-0035685,David Montgomery,RB,5,16.0,H,14,43.0,0.35714285714285715,0.37209302325581395
2025_13_HOU_IND,13,HOU,1H,IND,00-0040583,W.Marks,00-0040583,Woody Marks,RB,6,20.0,A,11,42.0,0.5454545454545454,0.47619047619047616
2025_13_HOU_IND,13,HOU,1H,IND,00-0034791,N.Chubb,00-0034791,Nick Chubb,RB,4,22.0,A,11,42.0,0.36363636363636365,0.5238095238095238
2025_13_HOU_IND,13,IND,1H,HOU,00-0036223,J.Taylor,00-0036223,Jonathan Taylor,RB,10,40.0,H,12,41.0,0.8333333333333334,0.975609756097561
2025_13_JAX_TEN,13,JAX,1H,TEN,00-0036973,T.Etienne,00-0036973,Travis Etienne,RB,7,14.0,A,11,34.0,0.6363636363636364,0.4117647058823529
2025_13_JAX_TEN,13,TEN,1H,JAX,00-0035261,T.Pollard,00-0035261,Tony Pollard,RB,6,43.0,H,8,46.0,0.75,0.9347826086956522
2025_13_JAX_TEN,13,TEN,1H,JAX,00-0039032,T.Spears,00-0039032,Tyjae Spears,RB,1,2.0,H,8,46.0,0.125,0.043478260869565216
2025_13_JAX_TEN,13,JAX,1H,TEN,00-0040719,B.Tuten,00-0040719,Bhayshul Tuten,RB,3,6.0,A,11,34.0,0.2727272727272727,0.17647058823529413
2025_13_KC_DAL,13,DAL,1H,KC,00-0036997,J.Williams,00-0036997,Javonte Williams,RB,7,18.0,H,11,72.0,0.6363636363636364,0.25
2025_13_KC_DAL,13,DAL,1H,KC,00-0037563,M.Davis,00-0037563,Malik Davis,RB,3,47.0,H,11,72.0,0.2727272727272727,0.6527777777777778
2025_13_KC_DAL,13,KC,1H,DAL,00-0033923,K.Hunt,00-0033923,Kareem Hunt,RB,8,45.0,A,15,90.0,0.5333333333333333,0.5
2025_13_KC_DAL,13,KC,1H,DAL,00-0037197,I.Pacheco,00-0037197,Isiah Pacheco,RB,2,10.0,A,15,90.0,0.13333333333333333,0.1111111111111111
2025_13_LA_CAR,13,LA,1H,CAR,00-0037840,K.Williams,00-0037840,Kyren Williams,RB,7,39.0,A,13,79.0,0.5384615384615384,0.4936708860759494
2025_13_LA_CAR,13,CAR,1H,LA,00-0036139,R.Dowdle,00-0036139,Rico Dowdle,RB,7,28.0,H,16,92.0,0.4375,0.30434782608695654
2025_13_LA_CAR,13,CAR,1H,LA,00-0036555,C.Hubbard,00-0036555,Chuba Hubbard,RB,7,37.0,H,16,92.0,0.4375,0.40217391304347827
2025_13_LA_CAR,13,LA,1H,CAR,00-0039738,B.Corum,00-0039738,Blake Corum,RB,5,41.0,A,13,79.0,0.38461538461538464,0.5189873417721519
2025_13_LV_LAC,13,LV,1H,LAC,00-0040122,A.Jeanty,00-0040122,Ashton Jeanty,RB,9,27.0,A,10,26.0,0.9,1.0384615384615385
2025_13_LV_LAC,13,LAC,1H,LV,00-0039391,K.Vidal,00-0039391,Kimani Vidal,RB,14,37.0,H,21,60.0,0.6666666666666666,0.6166666666666667
2025_13_LV_LAC,13,LAC,1H,LV,00-0036755,J.Patterson,00-0036755,Jaret Patterson,RB,3,13.0,H,21,60.0,0.14285714285714285,0.21666666666666667
2025_13_LV_LAC,13,LV,1H,LAC,00-0031687,R.Mostert,00-0031687,Raheem Mostert,RB,0,0.0,A,10,26.0,0.0,0.0
2025_13_MIN_SEA,13,MIN,1H,SEA,00-0033293,A.Jones,00-0033293,Aaron Jones,RB,4,7.0,A,7,10.0,0.5714285714285714,0.7
2025_13_MIN_SEA,13,SEA,1H,MIN,00-0038134,K.Walker,00-0038134,Kenneth Walker III,RB,6,13.0,H,14,41.0,0.42857142857142855,0.3170731707317073
2025_13_MIN_SEA,13,MIN,1H,SEA,00-0037525,J.Mason,00-0037525,Jordan Mason,RB,2,4.0,A,7,10.0,0.2857142857142857,0.4
2025_13_MIN_SEA,13,SEA,1H,MIN,00-0039165,Z.Charbonnet,00-0039165,Zach Charbonnet,RB,7,26.0,H,14,41.0,0.5,0.6341463414634146
2025_13_MIN_SEA,13,MIN,1H,SEA,00-0038440,Z.Scott,00-0038440,Zavier Scott,RB,0,0.0,A,7,10.0,0.0,0.0
2025_13_MIN_SEA,13,SEA,1H,MIN,00-0035311,M.Gaskin,00-0035311,Myles Gaskin,RB,0,0.0,H,14,41.0,0.0,0.0
2025_13_NO_MIA,13,MIA,1H,NO,00-0039040,D.Achane,00-0039040,De'Von Achane,RB,13,88.0,H,17,112.0,0.7647058823529411,0.7857142857142857
2025_13_NO_MIA,13,MIA,1H,NO,00-0039874,J.Wright,00-0039874,Jaylen Wright,RB,2,13.0,H,17,112.0,0.11764705882352941,0.11607142857142858
2025_13_NO_MIA,13,NO,1H,MIA,00-0040202,D.Neal,00-0040202,Devin Neal,RB,6,17.0,A,13,34.0,0.46153846153846156,0.5
2025_13_NO_MIA,13,MIA,1H,NO,00-0040198,O.Gordon,00-0040198,Ollie Gordon II,RB,2,11.0,H,17,112.0,0.11764705882352941,0.09821428571428571
2025_13_NO_MIA,13,NO,1H,MIA,00-0038397,E.Hull,00-0038397,Evan Hull,RB,3,8.0,A,13,34.0,0.23076923076923078,0.23529411764705882
2025_13_NYG_NE,13,NE,1H,NYG,00-0036875,R.Stevenson,00-0036875,Rhamondre Stevenson,RB,6,36.0,H,11,62.0,0.5454545454545454,0.5806451612903226
2025_13_NYG_NE,13,NE,1H,NYG,00-0040734,T.Henderson,00-0040734,TreVeyon Henderson,RB,4,23.0,H,11,62.0,0.36363636363636365,0.3709677419354839
2025_13_NYG_NE,13,NYG,1H,NE,00-0039384,T.Tracy,00-0039384,Tyrone Tracy Jr.,RB,2,3.0,A,13,42.0,0.15384615384615385,0.07142857142857142
2025_13_NYG_NE,13,NYG,1H,NE,00-0035250,D.Singletary,00-0035250,Devin Singletary,RB,9,40.0,A,13,42.0,0.6923076923076923,0.9523809523809523
2025_13_SF_CLE,13,CLE,1H,SF,00-0040784,Q.Judkins,00-0040784,Quinshon Judkins,RB,14,53.0,H,20,94.0,0.7,0.5638297872340425
2025_13_SF_CLE,13,SF,1H,CLE,00-0033280,C.McCaffrey,00-0033280,Christian McCaffrey,RB,6,9.0,A,10,19.0,0.6,0.47368421052631576
2025_13_SF_CLE,13,SF,1H,CLE,00-0037746,B.Robinson,00-0037746,Brian Robinson,RB,3,4.0,A,10,19.0,0.3,0.21052631578947367
2025_13_SF_CLE,13,CLE,1H,SF,00-0040162,D.Sampson,00-0040162,Dylan Sampson,RB,4,23.0,H,20,94.0,0.2,0.24468085106382978
2025_14_CHI_GB,14,CHI,1H,GB,00-0036275,D.Swift,00-0036275,D'Andre Swift,RB,4,18.0,A,13,48.0,0.3076923076923077,0.375
2025_14_CHI_GB,14,GB,1H,CHI,00-0035700,J.Jacobs,00-0035700,Josh Jacobs,RB,12,44.0,H,15,58.0,0.8,0.7586206896551724
2025_14_CHI_GB,14,GB,1H,CHI,00-0038797,E.Wilson,00-0038797,Emanuel Wilson,RB,2,7.0,H,15,58.0,0.13333333333333333,0.1206896551724138
2025_14_CHI_GB,14,CHI,1H,GB,00-0040236,K.Monangai,00-0040236,Kyle Monangai,RB,8,25.0,A,13,48.0,0.6153846153846154,0.5208333333333334
2025_14_CIN_BUF,14,CIN,1H,BUF,00-0038597,C.Brown,00-0038597,Chase Brown,RB,8,14.0,A,13,39.0,0.6153846153846154,0.358974358974359
2025_14_CIN_BUF,14,CIN,1H,BUF,00-0033526,S.Perine,00-0033526,Samaje Perine,RB,4,17.0,A,13,39.0,0.3076923076923077,0.4358974358974359
2025_14_CIN_BUF,14,BUF,1H,CIN,00-0037248,J.Cook,00-0037248,James Cook,RB,7,48.0,H,12,72.0,0.5833333333333334,0.6666666666666666
2025_14_CIN_BUF,14,BUF,1H,CIN,00-0035537,Ty.Johnson,00-0035537,Ty Johnson,RB,2,25.0,H,12,72.0,0.16666666666666666,0.3472222222222222
2025_14_DAL_DET,14,DET,1H,DAL,00-0039139,J.Gibbs,00-0039139,Jahmyr Gibbs,RB,3,18.0,H,6,62.0,0.5,0.2903225806451613
2025_14_DAL_DET,14,DAL,1H,DET,00-0036997,J.Williams,00-0036997,Javonte Williams,RB,9,29.0,A,13,39.0,0.6923076923076923,0.7435897435897436
2025_14_DAL_DET,14,DET,1H,DAL,00-0035685,D.Montgomery,00-0035685,David Montgomery,RB,2,37.0,H,6,62.0,0.3333333333333333,0.5967741935483871
2025_14_DAL_DET,14,DAL,1H,DET,00-0037563,M.Davis,00-0037563,Malik Davis,RB,2,5.0,A,13,39.0,0.15384615384615385,0.1282051282051282
2025_14_DEN_LV,14,DEN,1H,LV,00-0040730,R.Harvey,00-0040730,RJ Harvey,RB,8,49.0,A,12,62.0,0.6666666666666666,0.7903225806451613
2025_14_DEN_LV,14,DEN,1H,LV,00-0037085,T.Badie,00-0037085,Tyler Badie,RB,2,6.0,A,12,62.0,0.16666666666666666,0.0967741935483871
2025_14_DEN_LV,14,LV,1H,DEN,00-0040122,A.Jeanty,00-0040122,Ashton Jeanty,RB,7,24.0,H,7,24.0,1.0,1.0
2025_14_DEN_LV,14,DEN,1H,LV,00-0038794,J.McLaughlin,00-0038794,Jaleel McLaughlin,RB,1,-1.0,A,12,62.0,0.08333333333333333,-0.016129032258064516
2025_14_DEN_LV,14,DEN,1H,LV,00-0036727,A.Prentice,00-0036727,Adam Prentice,RB,0,0.0,A,12,62.0,0.0,0.0
2025_14_HOU_KC,14,KC,1H,HOU,00-0037197,I.Pacheco,00-0037197,Isiah Pacheco,RB,6,18.0,H,13,52.0,0.46153846153846156,0.34615384615384615
2025_14_HOU_KC,14,HOU,1H,KC,00-0040583,W.Marks,00-0040583,Woody Marks,RB,9,31.0,A,11,36.0,0.8181818181818182,0.8611111111111112
2025_14_HOU_KC,14,KC,1H,HOU,00-0033923,K.Hunt,00-0033923,Kareem Hunt,RB,4,11.0,H,13,52.0,0.3076923076923077,0.21153846153846154
2025_14_HOU_KC,14,HOU,1H,KC,00-0034791,N.Chubb,00-0034791,Nick Chubb,RB,1,3.0,A,11,36.0,0.09090909090909091,0.08333333333333333
2025_14_HOU_KC,14,KC,1H,HOU,00-0040078,B.Smith,00-0040078,Brashard Smith,RB,0,0.0,H,13,52.0,0.0,0.0
2025_14_HOU_KC,14,HOU,1H,KC,00-0033854,D.Ogunbowale,00-0033854,Dare Ogunbowale,RB,0,0.0,A,11,36.0,0.0,0.0
2025_14_IND_JAX,14,JAX,1H,IND,00-0036973,T.Etienne,00-0036973,Travis Etienne,RB,8,57.0,H,13,75.0,0.6153846153846154,0.76
2025_14_IND_JAX,14,IND,1H,JAX,00-0036223,J.Taylor,00-0036223,Jonathan Taylor,RB,15,45.0,A,19,54.0,0.7894736842105263,0.8333333333333334
2025_14_IND_JAX,14,IND,1H,JAX,00-0032104,A.Abdullah,00-0032104,Ameer Abdullah,RB,1,4.0,A,19,54.0,0.05263157894736842,0.07407407407407407
2025_14_IND_JAX,14,JAX,1H,IND,00-0040719,B.Tuten,00-0040719,Bhayshul Tuten,RB,2,5.0,H,13,75.0,0.15384615384615385,0.06666666666666667
2025_14_LA_ARI,14,ARI,1H,LA,00-0037157,Z.Knight,00-0037157,Bam Knight,RB,4,5.0,H,8,27.0,0.5,0.18518518518518517
2025_14_LA_ARI,14,LA,1H,ARI,00-0037840,K.Williams,00-0037840,Kyren Williams,RB,8,61.0,A,14,109.0,0.5714285714285714,0.5596330275229358
2025_14_LA_ARI,14,LA,1H,ARI,00-0039738,B.Corum,00-0039738,Blake Corum,RB,6,48.0,A,14,109.0,0.42857142857142855,0.44036697247706424
2025_14_LA_ARI,14,ARI,1H,LA,00-0036924,M.Carter,00-0036924,Michael Carter,RB,1,2.0,H,8,27.0,0.125,0.07407407407407407
2025_14_LA_ARI,14,LA,1H,ARI,00-0037557,R.Rivers,00-0037557,Ronnie Rivers,RB,0,0.0,A,14,109.0,0.0,0.0
2025_14_MIA_NYJ,14,MIA,1H,NYJ,00-0039040,D.Achane,00-0039040,De'Von Achane,RB,7,92.0,A,19,153.0,0.3684210526315789,0.6013071895424836
2025_14_MIA_NYJ,14,NYJ,1H,MIA,00-0038120,B.Hall,00-0038120,Breece Hall,RB,8,29.0,H,9,29.0,0.8888888888888888,1.0
2025_14_MIA_NYJ,14,MIA,1H,NYJ,00-0039874,J.Wright,00-0039874,Jaylen Wright,RB,10,36.0,A,19,153.0,0.5263157894736842,0.23529411764705882
2025_14_MIA_NYJ,14,NYJ,1H,MIA,00-0039798,I.Davis,00-0039798,Isaiah Davis,RB,0,0.0,H,9,29.0,0.0,0.0
2025_14_MIA_NYJ,14,MIA,1H,NYJ,00-0040198,O.Gordon,00-0040198,Ollie Gordon II,RB,0,0.0,A,19,153.0,0.0,0.0
2025_14_NO_TB,14,NO,1H,TB,00-0040202,D.Neal,00-0040202,Devin Neal,RB,4,7.0,A,8,21.0,0.5,0.3333333333333333
2025_14_NO_TB,14,TB,1H,NO,00-0039361,B.Irving,00-0039361,Bucky Irving,RB,11,18.0,H,22,64.0,0.5,0.28125
2025_14_NO_TB,14,TB,1H,NO,00-0037256,R.White,00-0037256,Rachaad White,RB,7,28.0,H,22,64.0,0.3181818181818182,0.4375
2025_14_NO_TB,14,TB,1H,NO,00-0038951,S.Tucker,00-0038951,Sean Tucker,RB,1,0.0,H,22,64.0,0.045454545454545456,0.0
2025_14_NO_TB,14,NO,1H,TB,00-0038397,E.Hull,00-0038397,Evan Hull,RB,1,4.0,A,8,21.0,0.125,0.19047619047619047
2025_14_NO_TB,14,NO,1H,TB,00-0039373,A.Estime,00-0039373,Audric Estimé,RB,0,0.0,A,8,21.0,0.0,0.0
2025_14_PHI_LAC,14,PHI,1H,LAC,00-0034844,S.Barkley,00-0034844,Saquon Barkley,RB,13,69.0,A,17,82.0,0.7647058823529411,0.8414634146341463
2025_14_PHI_LAC,14,LAC,1H,PHI,00-0039391,K.Vidal,00-0039391,Kimani Vidal,RB,3,17.0,H,9,46.0,0.3333333333333333,0.3695652173913043
2025_14_PHI_LAC,14,LAC,1H,PHI,00-0040666,O.Hampton,00-0040666,Omarion Hampton,RB,5,24.0,H,9,46.0,0.5555555555555556,0.5217391304347826
2025_14_PHI_LAC,14,PHI,1H,LAC,00-0038555,T.Bigsby,00-0038555,Tank Bigsby,RB,1,4.0,A,17,82.0,0.058823529411764705,0.04878048780487805
2025_14_PIT_BAL,14,BAL,1H,PIT,00-0032764,D.Henry,00-0032764,Derrick Henry,RB,11,34.0,H,19,73.0,0.5789473684210527,0.4657534246575342
2025_14_PIT_BAL,14,BAL,1H,PIT,00-0038454,K.Mitchell,00-0038454,Keaton Mitchell,RB,4,18.0,H,19,73.0,0.21052631578947367,0.2465753424657534
2025_14_PIT_BAL,14,PIT,1H,BAL,00-0037228,J.Warren,00-0037228,Jaylen Warren,RB,3,8.0,A,9,22.0,0.3333333333333333,0.36363636363636365
2025_14_PIT_BAL,14,PIT,1H,BAL,00-0036919,K.Gainwell,00-0036919,Kenneth Gainwell,RB,2,7.0,A,9,22.0,0.2222222222222222,0.3181818181818182
2025_14_PIT_BAL,14,PIT,1H,BAL,00-0040142,K.Johnson,00-0040142,Kaleb Johnson,RB,1,5.0,A,9,22.0,0.1111111111111111,0.22727272727272727
2025_14_PIT_BAL,14,BAL,1H,PIT,00-0039796,R.Ali,00-0039796,Rasheen Ali,RB,0,0.0,H,19,73.0,0.0,0.0
2025_14_SEA_ATL,14,ATL,1H,SEA,00-0038542,B.Robinson,00-0038542,Bijan Robinson,RB,13,61.0,H,18,74.0,0.7222222222222222,0.8243243243243243
2025_14_SEA_ATL,14,ATL,1H,SEA,00-0037263,T.Allgeier,00-0037263,Tyler Allgeier,RB,5,13.0,H,18,74.0,0.2777777777777778,0.17567567567567569
2025_14_SEA_ATL,14,SEA,1H,ATL,00-0038134,K.Walker,00-0038134,Kenneth Walker III,RB,5,16.0,A,9,57.0,0.5555555555555556,0.2807017543859649
2025_14_SEA_ATL,14,SEA,1H,ATL,00-0039165,Z.Charbonnet,00-0039165,Zach Charbonnet,RB,1,27.0,A,9,57.0,0.1111111111111111,0.47368421052631576
2025_14_SEA_ATL,14,SEA,1H,ATL,00-0037745,V.Jones,00-0037745,Velus Jones Jr.,RB,0,0.0,A,9,57.0,0.0,0.0
2025_14_TEN_CLE,14,TEN,1H,CLE,00-0035261,T.Pollard,00-0035261,Tony Pollard,RB,10,97.0,A,17,121.0,0.5882352941176471,0.8016528925619835
2025_14_TEN_CLE,14,CLE,1H,TEN,00-0040784,Q.Judkins,00-0040784,Quinshon Judkins,RB,6,3.0,H,10,31.0,0.6,0.0967741935483871
2025_14_TEN_CLE,14,TEN,1H,CLE,00-0039032,T.Spears,00-0039032,Tyjae Spears,RB,5,20.0,A,17,121.0,0.29411764705882354,0.1652892561983471
2025_14_TEN_CLE,14,CLE,1H,TEN,00-0040162,D.Sampson,00-0040162,Dylan Sampson,RB,1,4.0,H,10,31.0,0.1,0.12903225806451613
2025_14_WAS_MIN,14,MIN,1H,WAS,00-0033293,A.Jones,00-0033293,Aaron Jones,RB,9,34.0,H,19,79.0,0.47368421052631576,0.43037974683544306
2025_14_WAS_MIN,14,WAS,1H,MIN,00-0038611,C.Rodriguez,00-0038611,Chris Rodriguez Jr.,RB,5,36.0,A,8,47.0,0.625,0.7659574468085106
2025_14_WAS_MIN,14,MIN,1H,WAS,00-0037525,J.Mason,00-0037525,Jordan Mason,RB,8,39.0,H,19,79.0,0.42105263157894735,0.4936708860759494
2025_14_WAS_MIN,14,WAS,1H,MIN,00-0040242,J.Croskey-Merritt,00-0040242,Jacory Croskey-Merritt,RB,0,0.0,A,8,47.0,0.0,0.0
2025_14_WAS_MIN,14,MIN,1H,WAS,00-0038440,Z.Scott,00-0038440,Zavier Scott,RB,0,0.0,H,19,79.0,0.0,0.0
2025_15_ARI_HOU,15,HOU,1H,ARI,00-0040583,W.Marks,00-0040583,Woody Marks,RB,7,30.0,H,18,53.0,0.3888888888888889,0.5660377358490566
2025_15_ARI_HOU,15,ARI,1H,HOU,00-0037157,Z.Knight,00-0037157,Bam Knight,RB,1,-2.0,A,8,26.0,0.125,-0.07692307692307693
2025_15_ARI_HOU,15,HOU,1H,ARI,00-0039405,J.Jordan,00-0039405,Jawhar Jordan,RB,5,9.0,H,18,53.0,0.2777777777777778,0.16981132075471697
2025_15_ARI_HOU,15,HOU,1H,ARI,00-0033854,D.Ogunbowale,00-0033854,Dare Ogunbowale,RB,2,4.0,H,18,53.0,0.1111111111111111,0.07547169811320754
2025_15_ARI_HOU,15,ARI,1H,HOU,00-0036924,M.Carter,00-0036924,Michael Carter,RB,5,23.0,A,8,26.0,0.625,0.8846153846153846
2025_15_ARI_HOU,15,ARI,1H,HOU,00-0040556,C.Kiner,00-0040556,Corey Kiner,RB,1,4.0,A,8,26.0,0.125,0.15384615384615385
2025_15_ARI_HOU,15,ARI,1H,HOU,00-0038705,E.Demercado,00-0038705,Emari Demercado,RB,1,1.0,A,8,26.0,0.125,0.038461538461538464
2025_15_ATL_TB,15,TB,1H,ATL,00-0039361,B.Irving,00-0039361,Bucky Irving,RB,7,25.0,H,11,53.0,0.6363636363636364,0.4716981132075472
2025_15_ATL_TB,15,ATL,1H,TB,00-0038542,B.Robinson,00-0038542,Bijan Robinson,RB,10,63.0,A,11,66.0,0.9090909090909091,0.9545454545454546
2025_15_ATL_TB,15,ATL,1H,TB,00-0037263,T.Allgeier,00-0037263,Tyler Allgeier,RB,1,3.0,A,11,66.0,0.09090909090909091,0.045454545454545456
2025_15_ATL_TB,15,TB,1H,ATL,00-0037256,R.White,00-0037256,Rachaad White,RB,1,20.0,H,11,53.0,0.09090909090909091,0.37735849056603776
2025_15_ATL_TB,15,TB,1H,ATL,00-0038951,S.Tucker,00-0038951,Sean Tucker,RB,2,7.0,H,11,53.0,0.18181818181818182,0.1320754716981132
2025_15_BAL_CIN,15,BAL,1H,CIN,00-0032764,D.Henry,00-0032764,Derrick Henry,RB,6,17.0,A,12,68.0,0.5,0.25
2025_15_BAL_CIN,15,CIN,1H,BAL,00-0038597,C.Brown,00-0038597,Chase Brown,RB,7,32.0,H,14,63.0,0.5,0.5079365079365079
2025_15_BAL_CIN,15,CIN,1H,BAL,00-0033526,S.Perine,00-0033526,Samaje Perine,RB,6,28.0,H,14,63.0,0.42857142857142855,0.4444444444444444
2025_15_BAL_CIN,15,BAL,1H,CIN,00-0038454,K.Mitchell,00-0038454,Keaton Mitchell,RB,4,25.0,A,12,68.0,0.3333333333333333,0.36764705882352944
2025_15_BUF_NE,15,NE,1H,BUF,00-0036875,R.Stevenson,00-0036875,Rhamondre Stevenson,RB,6,50.0,H,22,177.0,0.2727272727272727,0.2824858757062147
2025_15_BUF_NE,15,NE,1H,BUF,00-0040734,T.Henderson,00-0040734,TreVeyon Henderson,RB,11,79.0,H,22,177.0,0.5,0.4463276836158192
2025_15_BUF_NE,15,BUF,1H,NE,00-0037248,J.Cook,00-0037248,James Cook,RB,7,32.0,A,11,53.0,0.6363636363636364,0.6037735849056604
2025_15_BUF_NE,15,BUF,1H,NE,00-0035537,Ty.Johnson,00-0035537,Ty Johnson,RB,1,9.0,A,11,53.0,0.09090909090909091,0.16981132075471697
2025_15_CAR_NO,15,NO,1H,CAR,00-0040202,D.Neal,00-0040202,Devin Neal,RB,7,28.0,H,15,45.0,0.4666666666666667,0.6222222222222222
2025_15_CAR_NO,15,CAR,1H,NO,00-0036139,R.Dowdle,00-0036139,Rico Dowdle,RB,8,31.0,A,16,74.0,0.5,0.4189189189189189
2025_15_CAR_NO,15,CAR,1H,NO,00-0036555,C.Hubbard,00-0036555,Chuba Hubbard,RB,6,26.0,A,16,74.0,0.375,0.35135135135135137
2025_15_CAR_NO,15,NO,1H,CAR,00-0039373,A.Estime,00-0039373,Audric Estimé,RB,2,7.0,H,15,45.0,0.13333333333333333,0.15555555555555556
2025_15_CAR_NO,15,NO,1H,CAR,00-0038397,E.Hull,00-0038397,Evan Hull,RB,1,2.0,H,15,45.0,0.06666666666666667,0.044444444444444446
2025_15_CLE_CHI,15,CHI,1H,CLE,00-0036275,D.Swift,00-0036275,D'Andre Swift,RB,9,42.0,H,18,69.0,0.5,0.6086956521739131
2025_15_CLE_CHI,15,CLE,1H,CHI,00-0040784,Q.Judkins,00-0040784,Quinshon Judkins,RB,4,9.0,A,6,20.0,0.6666666666666666,0.45
2025_15_CLE_CHI,15,CHI,1H,CLE,00-0040236,K.Monangai,00-0040236,Kyle Monangai,RB,8,29.0,H,18,69.0,0.4444444444444444,0.42028985507246375
2025_15_CLE_CHI,15,CLE,1H,CHI,00-0035291,T.Williams,00-0035291,Trayveon Williams,RB,0,0.0,A,6,20.0,0.0,0.0
2025_15_DET_LA,15,DET,1H,LA,00-0039139,J.Gibbs,00-0039139,Jahmyr Gibbs,RB,6,19.0,A,12,50.0,0.5,0.38
2025_15_DET_LA,15,LA,1H,DET,00-0037840,K.Williams,00-0037840,Kyren Williams,RB,6,36.0,H,10,54.0,0.6,0.6666666666666666
2025_15_DET_LA,15,LA,1H,DET,00-0039738,B.Corum,00-0039738,Blake Corum,RB,4,18.0,H,10,54.0,0.4,0.3333333333333333
2025_15_DET_LA,15,DET,1H,LA,00-0035685,D.Montgomery,00-0035685,David Montgomery,RB,6,31.0,A,12,50.0,0.5,0.62
2025_15_GB_DEN,15,DEN,1H,GB,00-0040730,R.Harvey,00-0040730,RJ Harvey,RB,8,32.0,H,13,48.0,0.6153846153846154,0.6666666666666666
2025_15_GB_DEN,15,GB,1H,DEN,00-0035700,J.Jacobs,00-0035700,Josh Jacobs,RB,5,21.0,A,10,36.0,0.5,0.5833333333333334
2025_15_GB_DEN,15,DEN,1H,GB,00-0038794,J.McLaughlin,00-0038794,Jaleel McLaughlin,RB,1,2.0,H,13,48.0,0.07692307692307693,0.041666666666666664
2025_15_GB_DEN,15,GB,1H,DEN,00-0038797,E.Wilson,00-0038797,Emanuel Wilson,RB,2,3.0,A,10,36.0,0.2,0.08333333333333333
2025_15_GB_DEN,15,GB,1H,DEN,00-0038685,C.Brooks,00-0038685,Chris Brooks,RB,1,7.0,A,10,36.0,0.1,0.19444444444444445
2025_15_GB_DEN,15,DEN,1H,GB,00-0036727,A.Prentice,00-0036727,Adam Prentice,RB,0,0.0,H,13,48.0,0.0,0.0
2025_15_IND_SEA,15,IND,1H,SEA,00-0036223,J.Taylor,00-0036223,Jonathan Taylor,RB,16,57.0,A,19,72.0,0.8421052631578947,0.7916666666666666
2025_15_IND_SEA,15,SEA,1H,IND,00-0038134,K.Walker,00-0038134,Kenneth Walker III,RB,5,6.0,H,9,3.0,0.5555555555555556,2.0
2025_15_IND_SEA,15,IND,1H,SEA,00-0032104,A.Abdullah,00-0032104,Ameer Abdullah,RB,3,15.0,A,19,72.0,0.15789473684210525,0.20833333333333334
2025_15_IND_SEA,15,SEA,1H,IND,00-0039165,Z.Charbonnet,00-0039165,Zach Charbonnet,RB,1,-2.0,H,9,3.0,0.1111111111111111,-0.6666666666666666
2025_15_LAC_KC,15,KC,1H,LAC,00-0037197,I.Pacheco,00-0037197,Isiah Pacheco,RB,7,14.0,H,15,36.0,0.4666666666666667,0.3888888888888889
2025_15_LAC_KC,15,KC,1H,LAC,00-0040078,B.Smith,00-0040078,Brashard Smith,RB,2,1.0,H,15,36.0,0.13333333333333333,0.027777777777777776
2025_15_LAC_KC,15,KC,1H,LAC,00-0033923,K.Hunt,00-0033923,Kareem Hunt,RB,4,6.0,H,15,36.0,0.26666666666666666,0.16666666666666666
2025_15_LAC_KC,15,LAC,1H,KC,00-0039391,K.Vidal,00-0039391,Kimani Vidal,RB,5,24.0,A,12,33.0,0.4166666666666667,0.7272727272727273
2025_15_LAC_KC,15,LAC,1H,KC,00-0040666,O.Hampton,00-0040666,Omarion Hampton,RB,6,8.0,A,12,33.0,0.5,0.24242424242424243
2025_15_LV_PHI,15,PHI,1H,LV,00-0034844,S.Barkley,00-0034844,Saquon Barkley,RB,15,34.0,H,23,75.0,0.6521739130434783,0.4533333333333333
2025_15_LV_PHI,15,LV,1H,PHI,00-0040122,A.Jeanty,00-0040122,Ashton Jeanty,RB,5,14.0,A,6,22.0,0.8333333333333334,0.6363636363636364
2025_15_LV_PHI,15,PHI,1H,LV,00-0038555,T.Bigsby,00-0038555,Tank Bigsby,RB,3,14.0,H,23,75.0,0.13043478260869565,0.18666666666666668
2025_15_LV_PHI,15,LV,1H,PHI,00-0039407,D.Laube,00-0039407,Dylan Laube,RB,0,0.0,A,6,22.0,0.0,0.0
2025_15_MIA_PIT,15,MIA,1H,PIT,00-0039040,D.Achane,00-0039040,De'Von Achane,RB,8,49.0,A,12,52.0,0.6666666666666666,0.9423076923076923
2025_15_MIA_PIT,15,PIT,1H,MIA,00-0036919,K.Gainwell,00-0036919,Kenneth Gainwell,RB,3,3.0,H,15,27.0,0.2,0.1111111111111111
2025_15_MIA_PIT,15,PIT,1H,MIA,00-0037228,J.Warren,00-0037228,Jaylen Warren,RB,8,20.0,H,15,27.0,0.5333333333333333,0.7407407407407407
2025_15_MIA_PIT,15,MIA,1H,PIT,00-0039874,J.Wright,00-0039874,Jaylen Wright,RB,1,2.0,A,12,52.0,0.08333333333333333,0.038461538461538464
2025_15_MIA_PIT,15,MIA,1H,PIT,00-0040198,O.Gordon,00-0040198,Ollie Gordon II,RB,2,0.0,A,12,52.0,0.16666666666666666,0.0
2025_15_MIA_PIT,15,PIT,1H,MIA,00-0040142,K.Johnson,00-0040142,Kaleb Johnson,RB,0,0.0,H,15,27.0,0.0,0.0
2025_15_MIN_DAL,15,MIN,1H,DAL,00-0033293,A.Jones,00-0033293,Aaron Jones,RB,6,16.0,A,13,38.0,0.46153846153846156,0.42105263157894735
2025_15_MIN_DAL,15,DAL,1H,MIN,00-0036997,J.Williams,00-0036997,Javonte Williams,RB,6,13.0,H,17,54.0,0.35294117647058826,0.24074074074074073
2025_15_MIN_DAL,15,DAL,1H,MIN,00-0037563,M.Davis,00-0037563,Malik Davis,RB,6,17.0,H,17,54.0,0.35294117647058826,0.3148148148148148
2025_15_MIN_DAL,15,DAL,1H,MIN,00-0038738,H.Luepke,00-0038738,Hunter Luepke,RB,3,16.0,H,17,54.0,0.17647058823529413,0.2962962962962963
2025_15_MIN_DAL,15,MIN,1H,DAL,00-0037525,J.Mason,00-0037525,Jordan Mason,RB,5,14.0,A,13,38.0,0.38461538461538464,0.3684210526315789
2025_15_MIN_DAL,15,MIN,1H,DAL,00-0032918,C.Ham,00-0032918,C.J. Ham,RB,0,0.0,A,13,38.0,0.0,0.0
2025_15_NYJ_JAX,15,JAX,1H,NYJ,00-0036973,T.Etienne,00-0036973,Travis Etienne,RB,8,18.0,H,14,78.0,0.5714285714285714,0.23076923076923078
2025_15_NYJ_JAX,15,NYJ,1H,JAX,00-0038120,B.Hall,00-0038120,Breece Hall,RB,8,15.0,A,17,52.0,0.47058823529411764,0.28846153846153844
2025_15_NYJ_JAX,15,NYJ,1H,JAX,00-0039798,I.Davis,00-0039798,Isaiah Davis,RB,5,24.0,A,17,52.0,0.29411764705882354,0.46153846153846156
2025_15_NYJ_JAX,15,JAX,1H,NYJ,00-0040719,B.Tuten,00-0040719,Bhayshul Tuten,RB,1,7.0,H,14,78.0,0.07142857142857142,0.08974358974358974
2025_15_NYJ_JAX,15,NYJ,1H,JAX,00-0036906,K.Herbert,00-0036906,Khalil Herbert,RB,0,0.0,A,17,52.0,0.0,0.0
2025_15_NYJ_JAX,15,JAX,1H,NYJ,00-0040238,L.Allen,00-0040238,LeQuint Allen Jr.,RB,0,0.0,H,14,78.0,0.0,0.0
2025_15_NYJ_JAX,15,NYJ,1H,JAX,00-0034959,A.Beck,00-0034959,Andrew Beck,RB,0,0.0,A,17,52.0,0.0,0.0
2025_15_TEN_SF,15,TEN,1H,SF,00-0035261,T.Pollard,00-0035261,Tony Pollard,RB,8,57.0,A,12,67.0,0.6666666666666666,0.8507462686567164
2025_15_TEN_SF,15,SF,1H,TEN,00-0033280,C.McCaffrey,00-0033280,Christian McCaffrey,RB,8,23.0,H,16,47.0,0.5,0.48936170212765956
2025_15_TEN_SF,15,TEN,1H,SF,00-0039032,T.Spears,00-0039032,Tyjae Spears,RB,2,14.0,A,12,67.0,0.16666666666666666,0.208955223880597
2025_15_TEN_SF,15,TEN,1H,SF,00-0040205,K.Mullings,00-0040205,Kalel Mullings,RB,1,3.0,A,12,67.0,0.08333333333333333,0.04477611940298507
2025_15_TEN_SF,15,SF,1H,TEN,00-0037746,B.Robinson,00-0037746,Brian Robinson,RB,4,9.0,H,16,47.0,0.25,0.19148936170212766
2025_15_WAS_NYG,15,WAS,1H,NYG,00-0033955,J.McNichols,00-0033955,Jeremy McNichols,RB,8,15.0,A,21,107.0,0.38095238095238093,0.14018691588785046
2025_15_WAS_NYG,15,NYG,1H,WAS,00-0039384,T.Tracy,00-0039384,Tyrone Tracy Jr.,RB,8,38.0,H,12,75.0,0.6666666666666666,0.5066666666666667
2025_15_WAS_NYG,15,WAS,1H,NYG,00-0040242,J.Croskey-Merritt,00-0040242,Jacory Croskey-Merritt,RB,8,60.0,A,21,107.0,0.38095238095238093,0.5607476635514018
2025_15_WAS_NYG,15,NYG,1H,WAS,00-0035250,D.Singletary,00-0035250,Devin Singletary,RB,1,3.0,H,12,75.0,0.08333333333333333,0.04
2025_16_ATL_ARI,16,ARI,1H,ATL,00-0036924,M.Carter,00-0036924,Michael Carter,RB,7,45.0,H,16,95.0,0.4375,0.47368421052631576
2025_16_ATL_ARI,16,ATL,1H,ARI,00-0038542,B.Robinson,00-0038542,Bijan Robinson,RB,8,45.0,A,13,77.0,0.6153846153846154,0.5844155844155844
2025_16_ATL_ARI,16,ARI,1H,ATL,00-0038705,E.Demercado,00-0038705,Emari Demercado,RB,3,18.0,H,16,95.0,0.1875,0.18947368421052632
2025_16_ATL_ARI,16,ATL,1H,ARI,00-0037263,T.Allgeier,00-0037263,Tyler Allgeier,RB,4,30.0,A,13,77.0,0.3076923076923077,0.38961038961038963
2025_16_ATL_ARI,16,ARI,1H,ATL,00-0040556,C.Kiner,00-0040556,Corey Kiner,RB,6,32.0,H,16,95.0,0.375,0.3368421052631579
2025_16_BUF_CLE,16,CLE,1H,BUF,00-0040784,Q.Judkins,00-0040784,Quinshon Judkins,RB,8,22.0,H,13,73.0,0.6153846153846154,0.3013698630136986
2025_16_BUF_CLE,16,BUF,1H,CLE,00-0037248,J.Cook,00-0037248,James Cook,RB,9,100.0,A,16,133.0,0.5625,0.7518796992481203
2025_16_BUF_CLE,16,BUF,1H,CLE,00-0035537,Ty.Johnson,00-0035537,Ty Johnson,RB,3,16.0,A,16,133.0,0.1875,0.12030075187969924
2025_16_BUF_CLE,16,CLE,1H,BUF,00-0040466,R.Sanders,00-0040466,Raheim Sanders,RB,1,2.0,H,13,73.0,0.07692307692307693,0.0273972602739726
2025_16_BUF_CLE,16,CLE,1H,BUF,00-0035291,T.Williams,00-0035291,Trayveon Williams,RB,0,0.0,H,13,73.0,0.0,0.0
2025_16_BUF_CLE,16,BUF,1H,CLE,00-0039875,R.Davis,00-0039875,Ray Davis,RB,0,0.0,A,16,133.0,0.0,0.0
2025_16_CIN_MIA,16,CIN,1H,MIA,00-0038597,C.Brown,00-0038597,Chase Brown,RB,5,22.0,A,10,39.0,0.5,0.5641025641025641
2025_16_CIN_MIA,16,MIA,1H,CIN,00-0039040,D.Achane,00-0039040,De'Von Achane,RB,9,65.0,H,14,85.0,0.6428571428571429,0.7647058823529411
2025_16_CIN_MIA,16,MIA,1H,CIN,00-0039874,J.Wright,00-0039874,Jaylen Wright,RB,2,7.0,H,14,85.0,0.14285714285714285,0.08235294117647059
2025_16_CIN_MIA,16,MIA,1H,CIN,00-0040198,O.Gordon,00-0040198,Ollie Gordon II,RB,1,-1.0,H,14,85.0,0.07142857142857142,-0.011764705882352941
2025_16_CIN_MIA,16,CIN,1H,MIA,00-0033526,S.Perine,00-0033526,Samaje Perine,RB,4,12.0,A,10,39.0,0.4,0.3076923076923077
2025_16_CIN_MIA,16,CIN,1H,MIA,00-0040208,T.Brooks,00-0040208,Tahj Brooks,RB,0,0.0,A,10,39.0,0.0,0.0
2025_16_GB_CHI,16,GB,1H,CHI,00-0035700,J.Jacobs,00-0035700,Josh Jacobs,RB,9,27.0,A,23,95.0,0.391304347826087,0.28421052631578947
2025_16_GB_CHI,16,CHI,1H,GB,00-0036275,D.Swift,00-0036275,D'Andre Swift,RB,4,16.0,H,11,61.0,0.36363636363636365,0.26229508196721313
2025_16_GB_CHI,16,CHI,1H,GB,00-0040236,K.Monangai,00-0040236,Kyle Monangai,RB,5,24.0,H,11,61.0,0.45454545454545453,0.39344262295081966
2025_16_GB_CHI,16,GB,1H,CHI,00-0038797,E.Wilson,00-0038797,Emanuel Wilson,RB,6,38.0,A,23,95.0,0.2608695652173913,0.4
2025_16_GB_CHI,16,GB,1H,CHI,00-0038685,C.Brooks,00-0038685,Chris Brooks,RB,1,4.0,A,23,95.0,0.043478260869565216,0.042105263157894736
2025_16_JAX_DEN,16,DEN,1H,JAX,00-0040730,R.Harvey,00-0040730,RJ Harvey,RB,4,4.0,H,11,52.0,0.36363636363636365,0.07692307692307693
2025_16_JAX_DEN,16,JAX,1H,DEN,00-0036973,T.Etienne,00-0036973,Travis Etienne,RB,6,24.0,A,11,41.0,0.5454545454545454,0.5853658536585366
2025_16_JAX_DEN,16,DEN,1H,JAX,00-0038794,J.McLaughlin,00-0038794,Jaleel McLaughlin,RB,4,33.0,H,11,52.0,0.36363636363636365,0.6346153846153846
2025_16_JAX_DEN,16,JAX,1H,DEN,00-0040238,L.Allen,00-0040238,LeQuint Allen Jr.,RB,3,9.0,A,11,41.0,0.2727272727272727,0.21951219512195122
2025_16_KC_TEN,16,TEN,1H,KC,00-0035261,T.Pollard,00-0035261,Tony Pollard,RB,8,42.0,H,17,74.0,0.47058823529411764,0.5675675675675675
2025_16_KC_TEN,16,TEN,1H,KC,00-0040205,K.Mullings,00-0040205,Kalel Mullings,RB,1,0.0,H,17,74.0,0.058823529411764705,0.0
2025_16_KC_TEN,16,TEN,1H,KC,00-0039032,T.Spears,00-0039032,Tyjae Spears,RB,7,31.0,H,17,74.0,0.4117647058823529,0.4189189189189189
2025_16_KC_TEN,16,KC,1H,TEN,00-0037197,I.Pacheco,00-0037197,Isiah Pacheco,RB,6,26.0,A,11,39.0,0.5454545454545454,0.6666666666666666
2025_16_KC_TEN,16,KC,1H,TEN,00-0033923,K.Hunt,00-0033923,Kareem Hunt,RB,2,0.0,A,11,39.0,0.18181818181818182,0.0
2025_16_KC_TEN,16,TEN,1H,KC,00-0037594,J.Chestnut,00-0037594,Julius Chestnut,RB,1,1.0,H,17,74.0,0.058823529411764705,0.013513513513513514
2025_16_LAC_DAL,16,DAL,1H,LAC,00-0036997,J.Williams,00-0036997,Javonte Williams,RB,7,33.0,H,12,61.0,0.5833333333333334,0.5409836065573771
2025_16_LAC_DAL,16,LAC,1H,DAL,00-0039391,K.Vidal,00-0039391,Kimani Vidal,RB,4,7.0,A,13,60.0,0.3076923076923077,0.11666666666666667
2025_16_LAC_DAL,16,LAC,1H,DAL,00-0040666,O.Hampton,00-0040666,Omarion Hampton,RB,7,48.0,A,13,60.0,0.5384615384615384,0.8
2025_16_LAC_DAL,16,DAL,1H,LAC,00-0037563,M.Davis,00-0037563,Malik Davis,RB,3,11.0,H,12,61.0,0.25,0.18032786885245902
2025_16_LAC_DAL,16,DAL,1H,LAC,00-0038738,H.Luepke,00-0038738,Hunter Luepke,RB,0,0.0,H,12,61.0,0.0,0.0
2025_16_LAC_DAL,16,LAC,1H,DAL,00-0037617,H.Haskins,00-0037617,Hassan Haskins,RB,0,0.0,A,13,60.0,0.0,0.0
2025_16_LA_SEA,16,LA,1H,SEA,00-0037840,K.Williams,00-0037840,Kyren Williams,RB,14,49.0,A,24,90.0,0.5833333333333334,0.5444444444444444
2025_16_LA_SEA,16,SEA,1H,LA,00-0038134,K.Walker,00-0038134,Kenneth Walker III,RB,5,35.0,H,12,57.0,0.4166666666666667,0.6140350877192983
2025_16_LA_SEA,16,SEA,1H,LA,00-0039165,Z.Charbonnet,00-0039165,Zach Charbonnet,RB,4,15.0,H,12,57.0,0.3333333333333333,0.2631578947368421
2025_16_LA_SEA,16,LA,1H,SEA,00-0039738,B.Corum,00-0039738,Blake Corum,RB,9,37.0,A,24,90.0,0.375,0.4111111111111111
2025_16_LV_HOU,16,HOU,1H,LV,00-0039405,J.Jordan,00-0039405,Jawhar Jordan,RB,8,41.0,H,10,45.0,0.8,0.9111111111111111
2025_16_LV_HOU,16,HOU,1H,LV,00-0034791,N.Chubb,00-0034791,Nick Chubb,RB,1,2.0,H,10,45.0,0.1,0.044444444444444446
2025_16_LV_HOU,16,LV,1H,HOU,00-0040122,A.Jeanty,00-0040122,Ashton Jeanty,RB,15,51.0,A,17,62.0,0.8823529411764706,0.8225806451612904
2025_16_LV_HOU,16,HOU,1H,LV,00-0033854,D.Ogunbowale,00-0033854,Dare Ogunbowale,RB,0,0.0,H,10,45.0,0.0,0.0
2025_16_LV_HOU,16,LV,1H,HOU,00-0031687,R.Mostert,00-0031687,Raheem Mostert,RB,0,0.0,A,17,62.0,0.0,0.0
2025_16_MIN_NYG,16,MIN,1H,NYG,00-0033293,A.Jones,00-0033293,Aaron Jones,RB,7,20.0,A,14,48.0,0.5,0.4166666666666667
2025_16_MIN_NYG,16,MIN,1H,NYG,00-0037525,J.Mason,00-0037525,Jordan Mason,RB,2,5.0,A,14,48.0,0.14285714285714285,0.10416666666666667
2025_16_MIN_NYG,16,NYG,1H,MIN,00-0039384,T.Tracy,00-0039384,Tyrone Tracy Jr.,RB,10,56.0,H,17,80.0,0.5882352941176471,0.7
2025_16_MIN_NYG,16,MIN,1H,NYG,00-0038440,Z.Scott,00-0038440,Zavier Scott,RB,2,4.0,A,14,48.0,0.14285714285714285,0.08333333333333333
2025_16_MIN_NYG,16,NYG,1H,MIN,00-0035250,D.Singletary,00-0035250,Devin Singletary,RB,4,14.0,H,17,80.0,0.23529411764705882,0.175
2025_16_MIN_NYG,16,MIN,1H,NYG,00-0032918,C.Ham,00-0032918,C.J. Ham,RB,0,0.0,A,14,48.0,0.0,0.0
2025_16_NE_BAL,16,BAL,1H,NE,00-0032764,D.Henry,00-0032764,Derrick Henry,RB,9,56.0,H,17,68.0,0.5294117647058824,0.8235294117647058
2025_16_NE_BAL,16,NE,1H,BAL,00-0036875,R.Stevenson,00-0036875,Rhamondre Stevenson,RB,3,14.0,A,11,22.0,0.2727272727272727,0.6363636363636364
2025_16_NE_BAL,16,NE,1H,BAL,00-0040734,T.Henderson,00-0040734,TreVeyon Henderson,RB,5,3.0,A,11,22.0,0.45454545454545453,0.13636363636363635
2025_16_NE_BAL,16,BAL,1H,NE,00-0038454,K.Mitchell,00-0038454,Keaton Mitchell,RB,5,6.0,H,17,68.0,0.29411764705882354,0.08823529411764706
2025_16_NYJ_NO,16,NYJ,1H,NO,00-0038120,B.Hall,00-0038120,Breece Hall,RB,8,19.0,A,11,28.0,0.7272727272727273,0.6785714285714286
2025_16_NYJ_NO,16,NO,1H,NYJ,00-0039373,A.Estime,00-0039373,Audric Estimé,RB,3,10.0,H,14,35.0,0.21428571428571427,0.2857142857142857
2025_16_NYJ_NO,16,NO,1H,NYJ,00-0038397,E.Hull,00-0038397,Evan Hull,RB,4,0.0,H,14,35.0,0.2857142857142857,0.0
2025_16_NYJ_NO,16,NYJ,1H,NO,00-0039798,I.Davis,00-0039798,Isaiah Davis,RB,2,7.0,A,11,28.0,0.18181818181818182,0.25
2025_16_PHI_WAS,16,WAS,1H,PHI,00-0038611,C.Rodriguez,00-0038611,Chris Rodriguez Jr.,RB,6,25.0,H,16,52.0,0.375,0.4807692307692308
2025_16_PHI_WAS,16,PHI,1H,WAS,00-0034844,S.Barkley,00-0034844,Saquon Barkley,RB,9,40.0,A,13,76.0,0.6923076923076923,0.5263157894736842
2025_16_PHI_WAS,16,WAS,1H,PHI,00-0033955,J.McNichols,00-0033955,Jeremy McNichols,RB,1,3.0,H,16,52.0,0.0625,0.057692307692307696
2025_16_PHI_WAS,16,WAS,1H,PHI,00-0040242,J.Croskey-Merritt,00-0040242,Jacory Croskey-Merritt,RB,8,25.0,H,16,52.0,0.5,0.4807692307692308
2025_16_PHI_WAS,16,PHI,1H,WAS,00-0038555,T.Bigsby,00-0038555,Tank Bigsby,RB,0,0.0,A,13,76.0,0.0,0.0
2025_16_PIT_DET,16,PIT,1H,DET,00-0037228,J.Warren,00-0037228,Jaylen Warren,RB,3,9.0,A,6,32.0,0.5,0.28125
2025_16_PIT_DET,16,PIT,1H,DET,00-0036919,K.Gainwell,00-0036919,Kenneth Gainwell,RB,3,23.0,A,6,32.0,0.5,0.71875
2025_16_PIT_DET,16,DET,1H,PIT,00-0039139,J.Gibbs,00-0039139,Jahmyr Gibbs,RB,6,5.0,H,11,18.0,0.5454545454545454,0.2777777777777778
2025_16_PIT_DET,16,DET,1H,PIT,00-0035685,D.Montgomery,00-0035685,David Montgomery,RB,4,14.0,H,11,18.0,0.36363636363636365,0.7777777777777778
2025_16_SF_IND,16,IND,1H,SF,00-0036223,J.Taylor,00-0036223,Jonathan Taylor,RB,7,24.0,H,8,27.0,0.875,0.8888888888888888
2025_16_SF_IND,16,SF,1H,IND,00-0033280,C.McCaffrey,00-0033280,Christian McCaffrey,RB,11,67.0,A,15,85.0,0.7333333333333333,0.788235294117647
2025_16_SF_IND,16,SF,1H,IND,00-0037746,B.Robinson,00-0037746,Brian Robinson,RB,2,7.0,A,15,85.0,0.13333333333333333,0.08235294117647059
2025_16_SF_IND,16,IND,1H,SF,00-0037120,T.Goodson,00-0037120,Tyler Goodson,RB,0,0.0,H,8,27.0,0.0,0.0
2025_16_TB_CAR,16,CAR,1H,TB,00-0036139,R.Dowdle,00-0036139,Rico Dowdle,RB,6,23.0,H,9,55.0,0.6666666666666666,0.41818181818181815
2025_16_TB_CAR,16,CAR,1H,TB,00-0036555,C.Hubbard,00-0036555,Chuba Hubbard,RB,2,7.0,H,9,55.0,0.2222222222222222,0.12727272727272726
2025_16_TB_CAR,16,TB,1H,CAR,00-0039361,B.Irving,00-0039361,Bucky Irving,RB,10,40.0,A,19,86.0,0.5263157894736842,0.46511627906976744
2025_16_TB_CAR,16,TB,1H,CAR,00-0038951,S.Tucker,00-0038951,Sean Tucker,RB,3,2.0,A,19,86.0,0.15789473684210525,0.023255813953488372
2025_16_TB_CAR,16,TB,1H,CAR,00-0037256,R.White,00-0037256,Rachaad White,RB,5,45.0,A,19,86.0,0.2631578947368421,0.5232558139534884
2025_17_ARI_CIN,17,CIN,1H,ARI,00-0038597,C.Brown,00-0038597,Chase Brown,RB,11,67.0,H,17,74.0,0.6470588235294118,0.9054054054054054
2025_17_ARI_CIN,17,CIN,1H,ARI,00-0033526,S.Perine,00-0033526,Samaje Perine,RB,3,5.0,H,17,74.0,0.17647058823529413,0.06756756756756757
2025_17_ARI_CIN,17,ARI,1H,CIN,00-0036924,M.Carter,00-0036924,Michael Carter,RB,5,12.0,A,8,18.0,0.625,0.6666666666666666
2025_17_ARI_CIN,17,ARI,1H,CIN,00-0040556,C.Kiner,00-0040556,Corey Kiner,RB,1,2.0,A,8,18.0,0.125,0.1111111111111111
2025_17_ARI_CIN,17,ARI,1H,CIN,00-0038705,E.Demercado,00-0038705,Emari Demercado,RB,2,4.0,A,8,18.0,0.25,0.2222222222222222
2025_17_ARI_CIN,17,CIN,1H,ARI,00-0040208,T.Brooks,00-0040208,Tahj Brooks,RB,0,0.0,H,17,74.0,0.0,0.0
2025_17_BAL_GB,17,BAL,1H,GB,00-0032764,D.Henry,00-0032764,Derrick Henry,RB,21,106.0,A,29,175.0,0.7241379310344828,0.6057142857142858
2025_17_BAL_GB,17,BAL,1H,GB,00-0038454,K.Mitchell,00-0038454,Keaton Mitchell,RB,4,23.0,A,29,175.0,0.13793103448275862,0.13142857142857142
2025_17_BAL_GB,17,GB,1H,BAL,00-0035700,J.Jacobs,00-0035700,Josh Jacobs,RB,2,1.0,H,6,22.0,0.3333333333333333,0.045454545454545456
2025_17_BAL_GB,17,GB,1H,BAL,00-0038797,E.Wilson,00-0038797,Emanuel Wilson,RB,0,0.0,H,6,22.0,0.0,0.0
2025_17_CHI_SF,17,SF,1H,CHI,00-0033280,C.McCaffrey,00-0033280,Christian McCaffrey,RB,18,121.0,H,26,173.0,0.6923076923076923,0.6994219653179191
2025_17_CHI_SF,17,CHI,1H,SF,00-0040236,K.Monangai,00-0040236,Kyle Monangai,RB,3,24.0,A,7,46.0,0.42857142857142855,0.5217391304347826
2025_17_CHI_SF,17,SF,1H,CHI,00-0037746,B.Robinson,00-0037746,Brian Robinson,RB,2,19.0,H,26,173.0,0.07692307692307693,0.10982658959537572
2025_17_CHI_SF,17,CHI,1H,SF,00-0036275,D.Swift,00-0036275,D'Andre Swift,RB,3,20.0,A,7,46.0,0.42857142857142855,0.43478260869565216
2025_17_DAL_WAS,17,DAL,1H,WAS,00-0036997,J.Williams,00-0036997,Javonte Williams,RB,13,54.0,A,24,127.0,0.5416666666666666,0.4251968503937008
2025_17_DAL_WAS,17,DAL,1H,WAS,00-0037563,M.Davis,00-0037563,Malik Davis,RB,8,50.0,A,24,127.0,0.3333333333333333,0.3937007874015748
2025_17_DAL_WAS,17,WAS,1H,DAL,00-0040242,J.Croskey-Merritt,00-0040242,Jacory Croskey-Merritt,RB,5,13.0,H,7,38.0,0.7142857142857143,0.34210526315789475
2025_17_DAL_WAS,17,DAL,1H,WAS,00-0038738,H.Luepke,00-0038738,Hunter Luepke,RB,1,5.0,A,24,127.0,0.041666666666666664,0.03937007874015748
2025_17_DAL_WAS,17,WAS,1H,DAL,00-0033955,J.McNichols,00-0033955,Jeremy McNichols,RB,0,0.0,H,7,38.0,0.0,0.0
2025_17_DEN_KC,17,DEN,1H,KC,00-0040730,R.Harvey,00-0040730,RJ Harvey,RB,5,11.0,A,14,65.0,0.35714285714285715,0.16923076923076924
2025_17_DEN_KC,17,DEN,1H,KC,00-0038794,J.McLaughlin,00-0038794,Jaleel McLaughlin,RB,4,28.0,A,14,65.0,0.2857142857142857,0.4307692307692308
2025_17_DEN_KC,17,KC,1H,DEN,00-0037197,I.Pacheco,00-0037197,Isiah Pacheco,RB,8,29.0,H,12,52.0,0.6666666666666666,0.5576923076923077
2025_17_DEN_KC,17,KC,1H,DEN,00-0033923,K.Hunt,00-0033923,Kareem Hunt,RB,3,19.0,H,12,52.0,0.25,0.36538461538461536
2025_17_DEN_KC,17,DEN,1H,KC,00-0036727,A.Prentice,00-0036727,Adam Prentice,RB,1,3.0,A,14,65.0,0.07142857142857142,0.046153846153846156
2025_17_DET_MIN,17,MIN,1H,DET,00-0033293,A.Jones,00-0033293,Aaron Jones,RB,10,37.0,H,11,48.0,0.9090909090909091,0.7708333333333334
2025_17_DET_MIN,17,DET,1H,MIN,00-0039139,J.Gibbs,00-0039139,Jahmyr Gibbs,RB,9,28.0,A,15,34.0,0.6,0.8235294117647058
2025_17_DET_MIN,17,DET,1H,MIN,00-0035685,D.Montgomery,00-0035685,David Montgomery,RB,5,6.0,A,15,34.0,0.3333333333333333,0.17647058823529413
2025_17_DET_MIN,17,MIN,1H,DET,00-0037276,T.Chandler,00-0037276,Ty Chandler,RB,0,0.0,H,11,48.0,0.0,0.0
2025_17_HOU_LAC,17,HOU,1H,LAC,00-0040583,W.Marks,00-0040583,Woody Marks,RB,7,39.0,A,16,73.0,0.4375,0.5342465753424658
2025_17_HOU_LAC,17,LAC,1H,HOU,00-0040666,O.Hampton,00-0040666,Omarion Hampton,RB,10,22.0,H,12,31.0,0.8333333333333334,0.7096774193548387
2025_17_HOU_LAC,17,HOU,1H,LAC,00-0039405,J.Jordan,00-0039405,Jawhar Jordan,RB,5,24.0,A,16,73.0,0.3125,0.3287671232876712
2025_17_HOU_LAC,17,HOU,1H,LAC,00-0034791,N.Chubb,00-0034791,Nick Chubb,RB,1,1.0,A,16,73.0,0.0625,0.0136986301369863
2025_17_HOU_LAC,17,LAC,1H,HOU,00-0036755,J.Patterson,00-0036755,Jaret Patterson,RB,0,0.0,H,12,31.0,0.0,0.0
2025_17_JAX_IND,17,IND,1H,JAX,00-0036223,J.Taylor,00-0036223,Jonathan Taylor,RB,12,51.0,H,13,50.0,0.9230769230769231,1.02
2025_17_JAX_IND,17,JAX,1H,IND,00-0040238,L.Allen,00-0040238,LeQuint Allen Jr.,RB,1,3.0,A,10,52.0,0.1,0.057692307692307696
2025_17_JAX_IND,17,JAX,1H,IND,00-0036973,T.Etienne,00-0036973,Travis Etienne,RB,5,27.0,A,10,52.0,0.5,0.5192307692307693
2025_17_JAX_IND,17,JAX,1H,IND,00-0036425,D.Dallas,00-0036425,DeeJay Dallas,RB,0,0.0,A,10,52.0,0.0,0.0
2025_17_LA_ATL,17,ATL,1H,LA,00-0038542,B.Robinson,00-0038542,Bijan Robinson,RB,11,125.0,H,17,143.0,0.6470588235294118,0.8741258741258742
2025_17_LA_ATL,17,LA,1H,ATL,00-0037840,K.Williams,00-0037840,Kyren Williams,RB,4,8.0,A,10,26.0,0.4,0.3076923076923077
2025_17_LA_ATL,17,ATL,1H,LA,00-0037263,T.Allgeier,00-0037263,Tyler Allgeier,RB,5,17.0,H,17,143.0,0.29411764705882354,0.11888111888111888
2025_17_LA_ATL,17,LA,1H,ATL,00-0039738,B.Corum,00-0039738,Blake Corum,RB,6,18.0,A,10,26.0,0.6,0.6923076923076923
2025_17_LA_ATL,17,LA,1H,ATL,00-0037557,R.Rivers,00-0037557,Ronnie Rivers,RB,0,0.0,A,10,26.0,0.0,0.0
2025_17_NE_NYJ,17,NE,1H,NYJ,00-0036875,R.Stevenson,00-0036875,Rhamondre Stevenson,RB,8,47.0,A,23,115.0,0.34782608695652173,0.40869565217391307
2025_17_NE_NYJ,17,NE,1H,NYJ,00-0040734,T.Henderson,00-0040734,TreVeyon Henderson,RB,12,46.0,A,23,115.0,0.5217391304347826,0.4
2025_17_NE_NYJ,17,NYJ,1H,NE,00-0038120,B.Hall,00-0038120,Breece Hall,RB,6,30.0,H,11,50.0,0.5454545454545454,0.6
2025_17_NE_NYJ,17,NYJ,1H,NE,00-0039798,I.Davis,00-0039798,Isaiah Davis,RB,2,14.0,H,11,50.0,0.18181818181818182,0.28
2025_17_NE_NYJ,17,NE,1H,NYJ,00-0035628,D.Johnson,00-0035628,D'Ernest Johnson,RB,0,0.0,A,23,115.0,0.0,0.0
2025_17_NE_NYJ,17,NYJ,1H,NE,00-0036842,K.Nwangwu,00-0036842,Kene Nwangwu,RB,0,0.0,H,11,50.0,0.0,0.0
2025_17_NE_NYJ,17,NYJ,1H,NE,00-0036906,K.Herbert,00-0036906,Khalil Herbert,RB,0,0.0,H,11,50.0,0.0,0.0
2025_17_NO_TEN,17,TEN,1H,NO,00-0035261,T.Pollard,00-0035261,Tony Pollard,RB,10,35.0,H,17,49.0,0.5882352941176471,0.7142857142857143
2025_17_NO_TEN,17,NO,1H,TEN,00-0039373,A.Estime,00-0039373,Audric Estimé,RB,2,6.0,A,10,17.0,0.2,0.35294117647058826
2025_17_NO_TEN,17,TEN,1H,NO,00-0039032,T.Spears,00-0039032,Tyjae Spears,RB,4,0.0,H,17,49.0,0.23529411764705882,0.0
2025_17_NO_TEN,17,TEN,1H,NO,00-0040205,K.Mullings,00-0040205,Kalel Mullings,RB,1,4.0,H,17,49.0,0.058823529411764705,0.08163265306122448
2025_17_NO_TEN,17,NO,1H,TEN,00-0038397,E.Hull,00-0038397,Evan Hull,RB,2,3.0,A,10,17.0,0.2,0.17647058823529413
2025_17_NYG_LV,17,NYG,1H,LV,00-0039384,T.Tracy,00-0039384,Tyrone Tracy Jr.,RB,8,33.0,A,14,88.0,0.5714285714285714,0.375
2025_17_NYG_LV,17,LV,1H,NYG,00-0040122,A.Jeanty,00-0040122,Ashton Jeanty,RB,7,16.0,H,8,6.0,0.875,2.6666666666666665
2025_17_NYG_LV,17,NYG,1H,LV,00-0035250,D.Singletary,00-0035250,Devin Singletary,RB,3,34.0,A,14,88.0,0.21428571428571427,0.38636363636363635
2025_17_NYG_LV,17,LV,1H,NYG,00-0038040,Z.White,00-0038040,Zamir White,RB,0,0.0,H,8,6.0,0.0,0.0
2025_17_PHI_BUF,17,BUF,1H,PHI,00-0037248,J.Cook,00-0037248,James Cook,RB,9,39.0,H,12,55.0,0.75,0.7090909090909091
2025_17_PHI_BUF,17,PHI,1H,BUF,00-0034844,S.Barkley,00-0034844,Saquon Barkley,RB,11,51.0,A,16,64.0,0.6875,0.796875
2025_17_PHI_BUF,17,PHI,1H,BUF,00-0039746,W.Shipley,00-0039746,Will Shipley,RB,2,2.0,A,16,64.0,0.125,0.03125
2025_17_PHI_BUF,17,PHI,1H,BUF,00-0038555,T.Bigsby,00-0038555,Tank Bigsby,RB,2,7.0,A,16,64.0,0.125,0.109375
2025_17_PHI_BUF,17,BUF,1H,PHI,00-0039875,R.Davis,00-0039875,Ray Davis,RB,0,0.0,H,12,55.0,0.0,0.0
2025_17_PHI_BUF,17,BUF,1H,PHI,00-0035537,Ty.Johnson,00-0035537,Ty Johnson,RB,0,0.0,H,12,55.0,0.0,0.0
2025_17_PIT_CLE,17,CLE,1H,PIT,00-0040466,R.Sanders,00-0040466,Raheim Sanders,RB,6,16.0,H,12,47.0,0.5,0.3404255319148936
2025_17_PIT_CLE,17,CLE,1H,PIT,00-0040162,D.Sampson,00-0040162,Dylan Sampson,RB,3,7.0,H,12,47.0,0.25,0.14893617021276595
2025_17_PIT_CLE,17,PIT,1H,CLE,00-0037228,J.Warren,00-0037228,Jaylen Warren,RB,6,35.0,A,12,73.0,0.5,0.4794520547945205
2025_17_PIT_CLE,17,PIT,1H,CLE,00-0036919,K.Gainwell,00-0036919,Kenneth Gainwell,RB,3,6.0,A,12,73.0,0.25,0.0821917808219178
2025_17_PIT_CLE,17,CLE,1H,PIT,00-0035291,T.Williams,00-0035291,Trayveon Williams,RB,1,9.0,H,12,47.0,0.08333333333333333,0.19148936170212766
2025_17_SEA_CAR,17,CAR,1H,SEA,00-0036139,R.Dowdle,00-0036139,Rico Dowdle,RB,7,33.0,H,13,49.0,0.5384615384615384,0.673469387755102
2025_17_SEA_CAR,17,SEA,1H,CAR,00-0038134,K.Walker,00-0038134,Kenneth Walker III,RB,9,44.0,A,15,81.0,0.6,0.5432098765432098
2025_17_SEA_CAR,17,SEA,1H,CAR,00-0039165,Z.Charbonnet,00-0039165,Zach Charbonnet,RB,5,37.0,A,15,81.0,0.3333333333333333,0.4567901234567901
2025_17_SEA_CAR,17,CAR,1H,SEA,00-0036555,C.Hubbard,00-0036555,Chuba Hubbard,RB,2,4.0,H,13,49.0,0.15384615384615385,0.08163265306122448
2025_17_TB_MIA,17,TB,1H,MIA,00-0039361,B.Irving,00-0039361,Bucky Irving,RB,5,9.0,A,8,20.0,0.625,0.45
2025_17_TB_MIA,17,TB,1H,MIA,00-0038951,S.Tucker,00-0038951,Sean Tucker,RB,2,8.0,A,8,20.0,0.25,0.4
2025_17_TB_MIA,17,TB,1H,MIA,00-0037256,R.White,00-0037256,Rachaad White,RB,1,3.0,A,8,20.0,0.125,0.15
2025_17_TB_MIA,17,MIA,1H,TB,00-0039040,D.Achane,00-0039040,De'Von Achane,RB,5,44.0,H,11,92.0,0.45454545454545453,0.4782608695652174
2025_17_TB_MIA,17,MIA,1H,TB,00-0039874,J.Wright,00-0039874,Jaylen Wright,RB,3,48.0,H,11,92.0,0.2727272727272727,0.5217391304347826
2025_18_ARI_LA,18,LA,1H,ARI,00-0037840,K.Williams,00-0037840,Kyren Williams,RB,9,31.0,H,15,52.0,0.6,0.5961538461538461
2025_18_ARI_LA,18,ARI,1H,LA,00-0036924,M.Carter,00-0036924,Michael Carter,RB,3,9.0,A,6,31.0,0.5,0.2903225806451613
2025_18_ARI_LA,18,LA,1H,ARI,00-0039738,B.Corum,00-0039738,Blake Corum,RB,5,18.0,H,15,52.0,0.3333333333333333,0.34615384615384615
2025_18_ARI_LA,18,ARI,1H,LA,00-0040556,C.Kiner,00-0040556,Corey Kiner,RB,1,4.0,A,6,31.0,0.16666666666666666,0.12903225806451613
2025_18_ARI_LA,18,ARI,1H,LA,00-0038705,E.Demercado,00-0038705,Emari Demercado,RB,1,11.0,A,6,31.0,0.16666666666666666,0.3548387096774194
2025_18_BAL_PIT,18,BAL,1H,PIT,00-0032764,D.Henry,00-0032764,Derrick Henry,RB,15,112.0,A,19,122.0,0.7894736842105263,0.9180327868852459
2025_18_BAL_PIT,18,BAL,1H,PIT,00-0039796,R.Ali,00-0039796,Rasheen Ali,RB,1,0.0,A,19,122.0,0.05263157894736842,0.0
2025_18_BAL_PIT,18,PIT,1H,BAL,00-0036919,K.Gainwell,00-0036919,Kenneth Gainwell,RB,3,2.0,H,8,40.0,0.375,0.05
2025_18_BAL_PIT,18,BAL,1H,PIT,00-0038454,K.Mitchell,00-0038454,Keaton Mitchell,RB,1,3.0,A,19,122.0,0.05263157894736842,0.02459016393442623
2025_18_BAL_PIT,18,PIT,1H,BAL,00-0037228,J.Warren,00-0037228,Jaylen Warren,RB,3,18.0,H,8,40.0,0.375,0.45
2025_18_CAR_TB,18,TB,1H,CAR,00-0039361,B.Irving,00-0039361,Bucky Irving,RB,14,49.0,H,24,87.0,0.5833333333333334,0.5632183908045977
2025_18_CAR_TB,18,CAR,1H,TB,00-0036139,R.Dowdle,00-0036139,Rico Dowdle,RB,5,6.0,A,7,5.0,0.7142857142857143,1.2
2025_18_CAR_TB,18,TB,1H,CAR,00-0037256,R.White,00-0037256,Rachaad White,RB,4,11.0,H,24,87.0,0.16666666666666666,0.12643678160919541
2025_18_CAR_TB,18,CAR,1H,TB,00-0036555,C.Hubbard,00-0036555,Chuba Hubbard,RB,1,0.0,A,7,5.0,0.14285714285714285,0.0
2025_18_CAR_TB,18,TB,1H,CAR,00-0038951,S.Tucker,00-0038951,Sean Tucker,RB,2,-6.0,H,24,87.0,0.08333333333333333,-0.06896551724137931
2025_18_CLE_CIN,18,CIN,1H,CLE,00-0038597,C.Brown,00-0038597,Chase Brown,RB,9,51.0,H,19,104.0,0.47368421052631576,0.49038461538461536
2025_18_CLE_CIN,18,CLE,1H,CIN,00-0040162,D.Sampson,00-0040162,Dylan Sampson,RB,3,3.0,A,5,14.0,0.6,0.21428571428571427
2025_18_CLE_CIN,18,CIN,1H,CLE,00-0033526,S.Perine,00-0033526,Samaje Perine,RB,8,42.0,H,19,104.0,0.42105263157894735,0.40384615384615385
2025_18_CLE_CIN,18,CLE,1H,CIN,00-0035291,T.Williams,00-0035291,Trayveon Williams,RB,1,7.0,A,5,14.0,0.2,0.5
2025_18_CLE_CIN,18,CLE,1H,CIN,00-0040466,R.Sanders,00-0040466,Raheim Sanders,RB,0,0.0,A,5,14.0,0.0,0.0
2025_18_DAL_NYG,18,NYG,1H,DAL,00-0039384,T.Tracy,00-0039384,Tyrone Tracy Jr.,RB,7,28.0,H,15,67.0,0.4666666666666667,0.417910447761194
2025_18_DAL_NYG,18,DAL,1H,NYG,00-0038738,H.Luepke,00-0038738,Hunter Luepke,RB,2,12.0,A,17,95.0,0.11764705882352941,0.12631578947368421
2025_18_DAL_NYG,18,DAL,1H,NYG,00-0040586,J.Blue,00-0040586,Jaydon Blue,RB,11,76.0,A,17,95.0,0.6470588235294118,0.8
2025_18_DAL_NYG,18,NYG,1H,DAL,00-0035250,D.Singletary,00-0035250,Devin Singletary,RB,4,12.0,H,15,67.0,0.26666666666666666,0.1791044776119403
2025_18_DAL_NYG,18,DAL,1H,NYG,00-0040021,P.Mafah,00-0040021,Phil Mafah,RB,1,1.0,A,17,95.0,0.058823529411764705,0.010526315789473684
2025_18_DET_CHI,18,DET,1H,CHI,00-0039139,J.Gibbs,00-0039139,Jahmyr Gibbs,RB,7,25.0,A,10,37.0,0.7,0.6756756756756757
2025_18_DET_CHI,18,DET,1H,CHI,00-0035685,D.Montgomery,00-0035685,David Montgomery,RB,3,12.0,A,10,37.0,0.3,0.32432432432432434
2025_18_DET_CHI,18,CHI,1H,DET,00-0036275,D.Swift,00-0036275,D'Andre Swift,RB,7,30.0,H,9,31.0,0.7777777777777778,0.967741935483871
2025_18_DET_CHI,18,CHI,1H,DET,00-0040236,K.Monangai,00-0040236,Kyle Monangai,RB,2,1.0,H,9,31.0,0.2222222222222222,0.03225806451612903
2025_18_GB_MIN,18,MIN,1H,GB,00-0037525,J.Mason,00-0037525,Jordan Mason,RB,8,44.0,H,19,70.0,0.42105263157894735,0.6285714285714286
2025_18_GB_MIN,18,MIN,1H,GB,00-0038440,Z.Scott,00-0038440,Zavier Scott,RB,1,2.0,H,19,70.0,0.05263157894736842,0.02857142857142857
2025_18_GB_MIN,18,GB,1H,MIN,00-0038797,E.Wilson,00-0038797,Emanuel Wilson,RB,7,-14.0,A,14,15.0,0.5,-0.9333333333333333
2025_18_GB_MIN,18,GB,1H,MIN,00-0038685,C.Brooks,00-0038685,Chris Brooks,RB,5,23.0,A,14,15.0,0.35714285714285715,1.5333333333333334
2025_18_GB_MIN,18,MIN,1H,GB,00-0037276,T.Chandler,00-0037276,Ty Chandler,RB,6,13.0,H,19,70.0,0.3157894736842105,0.18571428571428572
2025_18_GB_MIN,18,MIN,1H,GB,00-0032918,C.Ham,00-0032918,C.J. Ham,RB,1,1.0,H,19,70.0,0.05263157894736842,0.014285714285714285
2025_18_IND_HOU,18,HOU,1H,IND,00-0039405,J.Jordan,00-0039405,Jawhar Jordan,RB,5,3.0,H,17,56.0,0.29411764705882354,0.05357142857142857
2025_18_IND_HOU,18,IND,1H,HOU,00-0036223,J.Taylor,00-0036223,Jonathan Taylor,RB,7,10.0,A,11,19.0,0.6363636363636364,0.5263157894736842
2025_18_IND_HOU,18,HOU,1H,IND,00-0040583,W.Marks,00-0040583,Woody Marks,RB,10,48.0,H,17,56.0,0.5882352941176471,0.8571428571428571
2025_18_IND_HOU,18,IND,1H,HOU,00-0040179,D.Giddens,00-0040179,DJ Giddens,RB,2,3.0,A,11,19.0,0.18181818181818182,0.15789473684210525
2025_18_IND_HOU,18,HOU,1H,IND,00-0039603,B.Brooks,00-0039603,British Brooks,RB,0,0.0,H,17,56.0,0.0,0.0
2025_18_IND_HOU,18,HOU,1H,IND,00-0033854,D.Ogunbowale,00-0033854,Dare Ogunbowale,RB,0,0.0,H,17,56.0,0.0,0.0
2025_18_IND_HOU,18,IND,1H,HOU,00-0037120,T.Goodson,00-0037120,Tyler Goodson,RB,0,0.0,A,11,19.0,0.0,0.0
2025_18_IND_HOU,18,IND,1H,HOU,00-0032104,A.Abdullah,00-0032104,Ameer Abdullah,RB,0,0.0,A,11,19.0,0.0,0.0
2025_18_KC_LV,18,KC,1H,LV,00-0040078,B.Smith,00-0040078,Brashard Smith,RB,8,44.0,A,13,54.0,0.6153846153846154,0.8148148148148148
2025_18_KC_LV,18,LV,1H,KC,00-0040122,A.Jeanty,00-0040122,Ashton Jeanty,RB,15,63.0,H,17,75.0,0.8823529411764706,0.84
2025_18_KC_LV,18,KC,1H,LV,00-0037258,D.Pierce,00-0037258,Dameon Pierce,RB,4,10.0,A,13,54.0,0.3076923076923077,0.18518518518518517
2025_18_KC_LV,18,KC,1H,LV,00-0033923,K.Hunt,00-0033923,Kareem Hunt,RB,0,0.0,A,13,54.0,0.0,0.0
2025_18_KC_LV,18,LV,1H,KC,00-0038040,Z.White,00-0038040,Zamir White,RB,0,0.0,H,17,75.0,0.0,0.0
2025_18_LAC_DEN,18,DEN,1H,LAC,00-0038794,J.McLaughlin,00-0038794,Jaleel McLaughlin,RB,3,23.0,H,19,85.0,0.15789473684210525,0.27058823529411763
2025_18_LAC_DEN,18,DEN,1H,LAC,00-0040730,R.Harvey,00-0040730,RJ Harvey,RB,9,22.0,H,19,85.0,0.47368421052631576,0.25882352941176473
2025_18_LAC_DEN,18,DEN,1H,LAC,00-0037085,T.Badie,00-0037085,Tyler Badie,RB,1,-3.0,H,19,85.0,0.05263157894736842,-0.03529411764705882
2025_18_LAC_DEN,18,LAC,1H,DEN,00-0036755,J.Patterson,00-0036755,Jaret Patterson,RB,5,27.0,A,9,44.0,0.5555555555555556,0.6136363636363636
2025_18_LAC_DEN,18,LAC,1H,DEN,00-0037617,H.Haskins,00-0037617,Hassan Haskins,RB,1,3.0,A,9,44.0,0.1111111111111111,0.06818181818181818
2025_18_LAC_DEN,18,LAC,1H,DEN,00-0039391,K.Vidal,00-0039391,Kimani Vidal,RB,0,0.0,A,9,44.0,0.0,0.0
2025_18_MIA_NE,18,NE,1H,MIA,00-0036875,R.Stevenson,00-0036875,Rhamondre Stevenson,RB,3,67.0,H,16,143.0,0.1875,0.46853146853146854
2025_18_MIA_NE,18,NE,1H,MIA,00-0040734,T.Henderson,00-0040734,TreVeyon Henderson,RB,9,44.0,H,16,143.0,0.5625,0.3076923076923077
2025_18_MIA_NE,18,MIA,1H,NE,00-0039874,J.Wright,00-0039874,Jaylen Wright,RB,11,27.0,A,17,61.0,0.6470588235294118,0.4426229508196721
2025_18_MIA_NE,18,MIA,1H,NE,00-0040198,O.Gordon,00-0040198,Ollie Gordon II,RB,3,3.0,A,17,61.0,0.17647058823529413,0.04918032786885246
2025_18_MIA_NE,18,NE,1H,MIA,00-0035628,D.Johnson,00-0035628,D'Ernest Johnson,RB,0,0.0,H,16,143.0,0.0,0.0
2025_18_NO_ATL,18,ATL,1H,NO,00-0038542,B.Robinson,00-0038542,Bijan Robinson,RB,9,28.0,H,12,38.0,0.75,0.7368421052631579
2025_18_NO_ATL,18,ATL,1H,NO,00-0037263,T.Allgeier,00-0037263,Tyler Allgeier,RB,2,8.0,H,12,38.0,0.16666666666666666,0.21052631578947367
2025_18_NO_ATL,18,NO,1H,ATL,00-0039373,A.Estime,00-0039373,Audric Estimé,RB,7,10.0,A,9,19.0,0.7777777777777778,0.5263157894736842
2025_18_NO_ATL,18,NO,1H,ATL,00-0038397,E.Hull,00-0038397,Evan Hull,RB,1,8.0,A,9,19.0,0.1111111111111111,0.42105263157894735
2025_18_NYJ_BUF,18,BUF,1H,NYJ,00-0037248,J.Cook,00-0037248,James Cook,RB,2,15.0,H,17,81.0,0.11764705882352941,0.18518518518518517
2025_18_NYJ_BUF,18,BUF,1H,NYJ,00-0039875,R.Davis,00-0039875,Ray Davis,RB,10,57.0,H,17,81.0,0.5882352941176471,0.7037037037037037
2025_18_NYJ_BUF,18,BUF,1H,NYJ,00-0035537,Ty.Johnson,00-0035537,Ty Johnson,RB,4,10.0,H,17,81.0,0.23529411764705882,0.12345679012345678
2025_18_NYJ_BUF,18,NYJ,1H,BUF,00-0036842,K.Nwangwu,00-0036842,Kene Nwangwu,RB,4,9.0,A,14,46.0,0.2857142857142857,0.1956521739130435
2025_18_NYJ_BUF,18,NYJ,1H,BUF,00-0036906,K.Herbert,00-0036906,Khalil Herbert,RB,7,28.0,A,14,46.0,0.5,0.6086956521739131
2025_18_NYJ_BUF,18,BUF,1H,NYJ,00-0036187,R.Gilliam,00-0036187,Reggie Gilliam,RB,0,0.0,H,17,81.0,0.0,0.0
2025_18_SEA_SF,18,SEA,1H,SF,00-0038134,K.Walker,00-0038134,Kenneth Walker III,RB,9,50.0,A,19,115.0,0.47368421052631576,0.43478260869565216
2025_18_SEA_SF,18,SEA,1H,SF,00-0039165,Z.Charbonnet,00-0039165,Zach Charbonnet,RB,9,60.0,A,19,115.0,0.47368421052631576,0.5217391304347826
2025_18_SEA_SF,18,SF,1H,SEA,00-0033280,C.McCaffrey,00-0033280,Christian McCaffrey,RB,3,7.0,H,5,23.0,0.6,0.30434782608695654
2025_18_SEA_SF,18,SF,1H,SEA,00-0037746,B.Robinson,00-0037746,Brian Robinson,RB,1,6.0,H,5,23.0,0.2,0.2608695652173913
2025_18_TEN_JAX,18,JAX,1H,TEN,00-0036973,T.Etienne,00-0036973,Travis Etienne,RB,5,11.0,H,6,23.0,0.8333333333333334,0.4782608695652174
2025_18_TEN_JAX,18,TEN,1H,JAX,00-0035261,T.Pollard,00-0035261,Tony Pollard,RB,6,16.0,A,10,39.0,0.6,0.41025641025641024
2025_18_TEN_JAX,18,JAX,1H,TEN,00-0040719,B.Tuten,00-0040719,Bhayshul Tuten,RB,1,12.0,H,6,23.0,0.16666666666666666,0.5217391304347826
2025_18_TEN_JAX,18,TEN,1H,JAX,00-0039032,T.Spears,00-0039032,Tyjae Spears,RB,2,12.0,A,10,39.0,0.2,0.3076923076923077
2025_18_WAS_PHI,18,PHI,1H,WAS,00-0038555,T.Bigsby,00-0038555,Tank Bigsby,RB,6,30.0,H,8,33.0,0.75,0.9090909090909091
2025_18_WAS_PHI,18,WAS,1H,PHI,00-0040242,J.Croskey-Merritt,00-0040242,Jacory Croskey-Merritt,RB,7,14.0,A,17,67.0,0.4117647058823529,0.208955223880597
2025_18_WAS_PHI,18,WAS,1H,PHI,00-0038611,C.Rodriguez,00-0038611,Chris Rodriguez Jr.,RB,6,25.0,A,17,67.0,0.35294117647058826,0.373134328358209
2025_18_WAS_PHI,18,WAS,1H,PHI,00-0033955,J.McNichols,00-0033955,Jeremy McNichols,RB,0,0.0,A,17,67.0,0.0,0.0
2025_18_WAS_PHI,18,PHI,1H,WAS,00-0039746,W.Shipley,00-0039746,Will Shipley,RB,0,0.0,H,8,33.0,0.0,0.0
2025_01_ARI_NO,1,ARI,Full Game,NO,00-0033553,J.Conner,00-0033553,James Conner,RB,12,39.0,A,27,146.0,0.4444444444444444,0.2671232876712329
2025_01_ARI_NO,1,ARI,Full Game,NO,00-0039921,T.Benson,00-0039921,Trey Benson,RB,8,69.0,A,27,146.0,0.2962962962962963,0.4726027397260274
2025_01_ARI_NO,1,NO,Full Game,ARI,00-0033906,A.Kamara,00-0033906,Alvin Kamara,RB,11,45.0,H,22,107.0,0.5,0.4205607476635514
2025_01_ARI_NO,1,NO,Full Game,ARI,00-0038551,K.Miller,00-0038551,Kendre Miller,RB,5,24.0,H,22,107.0,0.22727272727272727,0.22429906542056074
2025_01_ARI_NO,1,NO,Full Game,ARI,00-0040202,D.Neal,00-0040202,Devin Neal,RB,2,9.0,H,22,107.0,0.09090909090909091,0.08411214953271028
2025_01_BAL_BUF,1,BUF,Full Game,BAL,00-0037248,J.Cook,00-0037248,James Cook,RB,13,44.0,H,31,108.0,0.41935483870967744,0.4074074074074074
2025_01_BAL_BUF,1,BUF,Full Game,BAL,00-0035537,Ty.Johnson,00-0035537,Ty Johnson,RB,2,24.0,H,31,108.0,0.06451612903225806,0.2222222222222222
2025_01_BAL_BUF,1,BAL,Full Game,BUF,00-0032764,D.Henry,00-0032764,Derrick Henry,RB,18,169.0,A,29,238.0,0.6206896551724138,0.7100840336134454
2025_01_BAL_BUF,1,BAL,Full Game,BUF,00-0034975,J.Hill,00-0034975,Justice Hill,RB,2,-14.0,A,29,238.0,0.06896551724137931,-0.058823529411764705
2025_01_BAL_BUF,1,BAL,Full Game,BUF,00-0039796,R.Ali,00-0039796,Rasheen Ali,RB,1,5.0,A,29,238.0,0.034482758620689655,0.02100840336134454
2025_01_BAL_BUF,1,BUF,Full Game,BAL,00-0039875,R.Davis,00-0039875,Ray Davis,RB,1,2.0,H,31,108.0,0.03225806451612903,0.018518518518518517
2025_01_CAR_JAX,1,JAX,Full Game,CAR,00-0036973,T.Etienne,00-0036973,Travis Etienne,RB,16,143.0,H,32,200.0,0.5,0.715
2025_01_CAR_JAX,1,CAR,Full Game,JAX,00-0036555,C.Hubbard,00-0036555,Chuba Hubbard,RB,16,57.0,A,25,113.0,0.64,0.504424778761062
2025_01_CAR_JAX,1,JAX,Full Game,CAR,00-0040238,L.Allen,00-0040238,LeQuint Allen Jr.,RB,1,7.0,H,32,200.0,0.03125,0.035
2025_01_CAR_JAX,1,JAX,Full Game,CAR,00-0040719,B.Tuten,00-0040719,Bhayshul Tuten,RB,3,11.0,H,32,200.0,0.09375,0.055
2025_01_CAR_JAX,1,CAR,Full Game,JAX,00-0040644,T.Etienne,00-0040644,Trevor Etienne,RB,1,4.0,A,25,113.0,0.04,0.035398230088495575
2025_01_CAR_JAX,1,CAR,Full Game,JAX,00-0036139,R.Dowdle,00-0036139,Rico Dowdle,RB,3,12.0,A,25,113.0,0.12,0.10619469026548672
2025_01_CAR_JAX,1,JAX,Full Game,CAR,00-0038555,T.Bigsby,00-0038555,Tank Bigsby,RB,5,12.0,H,32,200.0,0.15625,0.06
2025_01_CIN_CLE,1,CIN,Full Game,CLE,00-0038597,C.Brown,00-0038597,Chase Brown,RB,21,43.0,A,23,46.0,0.9130434782608695,0.9347826086956522
2025_01_CIN_CLE,1,CLE,Full Game,CIN,00-0040162,D.Sampson,00-0040162,Dylan Sampson,RB,12,29.0,H,24,49.0,0.5,0.5918367346938775
2025_01_CIN_CLE,1,CLE,Full Game,CIN,00-0037267,J.Ford,00-0037267,Jerome Ford,RB,6,8.0,H,24,49.0,0.25,0.16326530612244897
2025_01_CIN_CLE,1,CLE,Full Game,CIN,00-0040466,R.Sanders,00-0040466,Raheim Sanders,RB,3,3.0,H,24,49.0,0.125,0.061224489795918366
2025_01_DAL_PHI,1,DAL,Full Game,PHI,00-0036997,J.Williams,00-0036997,Javonte Williams,RB,15,54.0,A,22,119.0,0.6818181818181818,0.453781512605042
2025_01_DAL_PHI,1,PHI,Full Game,DAL,00-0034844,S.Barkley,00-0034844,Saquon Barkley,RB,18,60.0,H,38,158.0,0.47368421052631576,0.379746835443038
2025_01_DAL_PHI,1,PHI,Full Game,DAL,00-0039746,W.Shipley,00-0039746,Will Shipley,RB,3,26.0,H,38,158.0,0.07894736842105263,0.16455696202531644
2025_01_DAL_PHI,1,DAL,Full Game,PHI,00-0035243,M.Sanders,00-0035243,Miles Sanders,RB,4,53.0,A,22,119.0,0.18181818181818182,0.44537815126050423
2025_01_DAL_PHI,1,PHI,Full Game,DAL,00-0036265,A.Dillon,00-0036265,AJ Dillon,RB,3,10.0,H,38,158.0,0.07894736842105263,0.06329113924050633
2025_01_DET_GB,1,GB,Full Game,DET,00-0035700,J.Jacobs,00-0035700,Josh Jacobs,RB,19,66.0,H,25,78.0,0.76,0.8461538461538461
2025_01_DET_GB,1,DET,Full Game,GB,00-0039139,J.Gibbs,00-0039139,Jahmyr Gibbs,RB,9,19.0,A,22,46.0,0.4090909090909091,0.41304347826086957
2025_01_DET_GB,1,DET,Full Game,GB,00-0035685,D.Montgomery,00-0035685,David Montgomery,RB,11,25.0,A,22,46.0,0.5,0.5434782608695652
2025_01_DET_GB,1,GB,Full Game,DET,00-0038685,C.Brooks,00-0038685,Chris Brooks,RB,1,1.0,H,25,78.0,0.04,0.01282051282051282
2025_01_DET_GB,1,GB,Full Game,DET,00-0038797,E.Wilson,00-0038797,Emanuel Wilson,RB,1,4.0,H,25,78.0,0.04,0.05128205128205128
2025_01_HOU_LA,1,HOU,Full Game,LA,00-0034791,N.Chubb,00-0034791,Nick Chubb,RB,13,60.0,A,27,114.0,0.48148148148148145,0.5263157894736842
2025_01_HOU_LA,1,HOU,Full Game,LA,00-0033854,D.Ogunbowale,00-0033854,Dare Ogunbowale,RB,2,9.0,A,27,114.0,0.07407407407407407,0.07894736842105263
2025_01_HOU_LA,1,LA,Full Game,HOU,00-0037840,K.Williams,00-0037840,Kyren Williams,RB,18,66.0,H,25,72.0,0.72,0.9166666666666666
2025_01_HOU_LA,1,HOU,Full Game,LA,00-0037258,D.Pierce,00-0037258,Dameon Pierce,RB,3,5.0,A,27,114.0,0.1111111111111111,0.043859649122807015
2025_01_HOU_LA,1,HOU,Full Game,LA,00-0040583,W.Marks,00-0040583,Woody Marks,RB,3,3.0,A,27,114.0,0.1111111111111111,0.02631578947368421
2025_01_HOU_LA,1,LA,Full Game,HOU,00-0039738,B.Corum,00-0039738,Blake Corum,RB,1,2.0,H,25,72.0,0.04,0.027777777777777776
2025_01_KC_LAC,1,KC,Full Game,LAC,00-0037197,I.Pacheco,00-0037197,Isiah Pacheco,RB,5,25.0,A,17,98.0,0.29411764705882354,0.25510204081632654
2025_01_KC_LAC,1,LAC,Full Game,KC,00-0040666,O.Hampton,00-0040666,Omarion Hampton,RB,15,48.0,H,25,90.0,0.6,0.5333333333333333
2025_01_KC_LAC,1,KC,Full Game,LAC,00-0033923,K.Hunt,00-0033923,Kareem Hunt,RB,5,16.0,A,17,98.0,0.29411764705882354,0.16326530612244897
2025_01_KC_LAC,1,LAC,Full Game,KC,00-0036893,N.Harris,00-0036893,Najee Harris,RB,1,5.0,H,25,90.0,0.04,0.05555555555555555
2025_01_LV_NE,1,LV,Full Game,NE,00-0040122,A.Jeanty,00-0040122,Ashton Jeanty,RB,19,38.0,A,24,56.0,0.7916666666666666,0.6785714285714286
2025_01_LV_NE,1,NE,Full Game,LV,00-0036875,R.Stevenson,00-0036875,Rhamondre Stevenson,RB,7,15.0,H,18,60.0,0.3888888888888889,0.25
2025_01_LV_NE,1,LV,Full Game,NE,00-0038040,Z.White,00-0038040,Zamir White,RB,3,8.0,A,24,56.0,0.125,0.14285714285714285
2025_01_LV_NE,1,NE,Full Game,LV,00-0040734,T.Henderson,00-0040734,TreVeyon Henderson,RB,5,27.0,H,18,60.0,0.2777777777777778,0.45
2025_01_LV_NE,1,NE,Full Game,LV,00-0036328,A.Gibson,00-0036328,Antonio Gibson,RB,1,3.0,H,18,60.0,0.05555555555555555,0.05
2025_01_MIA_IND,1,IND,Full Game,MIA,00-0036223,J.Taylor,00-0036223,Jonathan Taylor,RB,18,71.0,H,40,156.0,0.45,0.4551282051282051
2025_01_MIA_IND,1,MIA,Full Game,IND,00-0039040,D.Achane,00-0039040,De'Von Achane,RB,7,55.0,A,12,78.0,0.5833333333333334,0.7051282051282052
2025_01_MIA_IND,1,MIA,Full Game,IND,00-0040198,O.Gordon,00-0040198,Ollie Gordon II,RB,2,4.0,A,12,78.0,0.16666666666666666,0.05128205128205128
2025_01_MIA_IND,1,IND,Full Game,MIA,00-0040179,D.Giddens,00-0040179,DJ Giddens,RB,12,41.0,H,40,156.0,0.3,0.26282051282051283
2025_01_MIA_IND,1,IND,Full Game,MIA,00-0040476,U.Bentley,00-0040476,Ulysses Bentley IV,RB,1,0.0,H,40,156.0,0.025,0.0
2025_01_MIN_CHI,1,MIN,Full Game,CHI,00-0033293,A.Jones,00-0033293,Aaron Jones,RB,8,23.0,A,26,120.0,0.3076923076923077,0.19166666666666668
2025_01_MIN_CHI,1,CHI,Full Game,MIN,00-0036275,D.Swift,00-0036275,D'Andre Swift,RB,17,53.0,H,26,119.0,0.6538461538461539,0.44537815126050423
2025_01_MIN_CHI,1,MIN,Full Game,CHI,00-0037525,J.Mason,00-0037525,Jordan Mason,RB,15,68.0,A,26,120.0,0.5769230769230769,0.5666666666666667
2025_01_NYG_WAS,1,WAS,Full Game,NYG,00-0033699,A.Ekeler,00-0033699,Austin Ekeler,RB,6,26.0,H,32,220.0,0.1875,0.11818181818181818
2025_01_NYG_WAS,1,NYG,Full Game,WAS,00-0039384,T.Tracy,00-0039384,Tyrone Tracy Jr.,RB,10,24.0,A,23,74.0,0.43478260869565216,0.32432432432432434
2025_01_NYG_WAS,1,NYG,Full Game,WAS,00-0040715,C.Skattebo,00-0040715,Cam Skattebo,RB,2,-3.0,A,23,74.0,0.08695652173913043,-0.04054054054054054
2025_01_NYG_WAS,1,WAS,Full Game,NYG,00-0040242,J.Croskey-Merritt,00-0040242,Jacory Croskey-Merritt,RB,10,82.0,H,32,220.0,0.3125,0.37272727272727274
2025_01_NYG_WAS,1,NYG,Full Game,WAS,00-0035250,D.Singletary,00-0035250,Devin Singletary,RB,3,9.0,A,23,74.0,0.13043478260869565,0.12162162162162163
2025_01_NYG_WAS,1,WAS,Full Game,NYG,00-0033955,J.McNichols,00-0033955,Jeremy McNichols,RB,4,25.0,H,32,220.0,0.125,0.11363636363636363
2025_01_PIT_NYJ,1,NYJ,Full Game,PIT,00-0038120,B.Hall,00-0038120,Breece Hall,RB,19,107.0,H,39,182.0,0.48717948717948717,0.5879120879120879
2025_01_PIT_NYJ,1,NYJ,Full Game,PIT,00-0039794,B.Allen,00-0039794,Braelon Allen,RB,6,9.0,H,39,182.0,0.15384615384615385,0.04945054945054945
2025_01_PIT_NYJ,1,NYJ,Full Game,PIT,00-0039798,I.Davis,00-0039798,Isaiah Davis,RB,2,18.0,H,39,182.0,0.05128205128205128,0.0989010989010989
2025_01_PIT_NYJ,1,PIT,Full Game,NYJ,00-0036919,K.Gainwell,00-0036919,Kenneth Gainwell,RB,7,19.0,A,20,53.0,0.35,0.3584905660377358
2025_01_PIT_NYJ,1,PIT,Full Game,NYJ,00-0037228,J.Warren,00-0037228,Jaylen Warren,RB,11,37.0,A,20,53.0,0.55,0.6981132075471698
2025_01_PIT_NYJ,1,PIT,Full Game,NYJ,00-0040142,K.Johnson,00-0040142,Kaleb Johnson,RB,1,-2.0,A,20,53.0,0.05,-0.03773584905660377
2025_01_SF_SEA,1,SEA,Full Game,SF,00-0038134,K.Walker,00-0038134,Kenneth Walker III,RB,10,20.0,H,26,84.0,0.38461538461538464,0.23809523809523808
2025_01_SF_SEA,1,SF,Full Game,SEA,00-0033280,C.McCaffrey,00-0033280,Christian McCaffrey,RB,22,69.0,A,36,119.0,0.6111111111111112,0.5798319327731093
2025_01_SF_SEA,1,SF,Full Game,SEA,00-0037746,B.Robinson,00-0037746,Brian Robinson,RB,9,33.0,A,36,119.0,0.25,0.2773109243697479
2025_01_SF_SEA,1,SEA,Full Game,SF,00-0039165,Z.Charbonnet,00-0039165,Zach Charbonnet,RB,12,47.0,H,26,84.0,0.46153846153846156,0.5595238095238095
2025_01_TB_ATL,1,ATL,Full Game,TB,00-0037263,T.Allgeier,00-0037263,Tyler Allgeier,RB,10,24.0,H,28,69.0,0.35714285714285715,0.34782608695652173
2025_01_TB_ATL,1,TB,Full Game,ATL,00-0039361,B.Irving,00-0039361,Bucky Irving,RB,14,37.0,A,23,101.0,0.6086956521739131,0.36633663366336633
2025_01_TB_ATL,1,ATL,Full Game,TB,00-0038542,B.Robinson,00-0038542,Bijan Robinson,RB,12,24.0,H,28,69.0,0.42857142857142855,0.34782608695652173
2025_01_TB_ATL,1,TB,Full Game,ATL,00-0038951,S.Tucker,00-0038951,Sean Tucker,RB,1,2.0,A,23,101.0,0.043478260869565216,0.019801980198019802
2025_01_TB_ATL,1,TB,Full Game,ATL,00-0037256,R.White,00-0037256,Rachaad White,RB,2,14.0,A,23,101.0,0.08695652173913043,0.13861386138613863
2025_01_TEN_DEN,1,TEN,Full Game,DEN,00-0035261,T.Pollard,00-0035261,Tony Pollard,RB,18,60.0,A,21,71.0,0.8571428571428571,0.8450704225352113
2025_01_TEN_DEN,1,DEN,Full Game,TEN,00-0036158,J.Dobbins,00-0036158,J.K. Dobbins,RB,16,63.0,H,30,151.0,0.5333333333333333,0.41721854304635764
2025_01_TEN_DEN,1,DEN,Full Game,TEN,00-0040730,R.Harvey,00-0040730,RJ Harvey,RB,6,70.0,H,30,151.0,0.2,0.46357615894039733
2025_01_TEN_DEN,1,TEN,Full Game,DEN,00-0037594,J.Chestnut,00-0037594,Julius Chestnut,RB,2,2.0,A,21,71.0,0.09523809523809523,0.028169014084507043
2025_02_ATL_MIN,2,ATL,Full Game,MIN,00-0038542,B.Robinson,00-0038542,Bijan Robinson,RB,22,143.0,A,39,218.0,0.5641025641025641,0.6559633027522935
2025_02_ATL_MIN,2,MIN,Full Game,ATL,00-0033293,A.Jones,00-0033293,Aaron Jones,RB,5,23.0,H,19,78.0,0.2631578947368421,0.2948717948717949
2025_02_ATL_MIN,2,ATL,Full Game,MIN,00-0037263,T.Allgeier,00-0037263,Tyler Allgeier,RB,16,76.0,A,39,218.0,0.41025641025641024,0.3486238532110092
2025_02_ATL_MIN,2,MIN,Full Game,ATL,00-0037525,J.Mason,00-0037525,Jordan Mason,RB,9,30.0,H,19,78.0,0.47368421052631576,0.38461538461538464
2025_02_BUF_NYJ,2,NYJ,Full Game,BUF,00-0038120,B.Hall,00-0038120,Breece Hall,RB,10,29.0,H,21,100.0,0.47619047619047616,0.29
2025_02_BUF_NYJ,2,BUF,Full Game,NYJ,00-0037248,J.Cook,00-0037248,James Cook,RB,21,132.0,A,43,224.0,0.4883720930232558,0.5892857142857143
2025_02_BUF_NYJ,2,BUF,Full Game,NYJ,00-0039875,R.Davis,00-0039875,Ray Davis,RB,9,24.0,A,43,224.0,0.20930232558139536,0.10714285714285714
2025_02_BUF_NYJ,2,BUF,Full Game,NYJ,00-0035537,Ty.Johnson,00-0035537,Ty Johnson,RB,2,6.0,A,43,224.0,0.046511627906976744,0.026785714285714284
2025_02_BUF_NYJ,2,NYJ,Full Game,BUF,00-0039794,B.Allen,00-0039794,Braelon Allen,RB,2,11.0,H,21,100.0,0.09523809523809523,0.11
2025_02_CAR_ARI,2,CAR,Full Game,ARI,00-0036555,C.Hubbard,00-0036555,Chuba Hubbard,RB,10,38.0,A,19,49.0,0.5263157894736842,0.7755102040816326
2025_02_CAR_ARI,2,ARI,Full Game,CAR,00-0033553,J.Conner,00-0033553,James Conner,RB,11,34.0,H,22,82.0,0.5,0.4146341463414634
2025_02_CAR_ARI,2,CAR,Full Game,ARI,00-0036139,R.Dowdle,00-0036139,Rico Dowdle,RB,6,9.0,A,19,49.0,0.3157894736842105,0.1836734693877551
2025_02_CAR_ARI,2,ARI,Full Game,CAR,00-0039921,T.Benson,00-0039921,Trey Benson,RB,3,14.0,H,22,82.0,0.13636363636363635,0.17073170731707318
2025_02_CHI_DET,2,DET,Full Game,CHI,00-0039139,J.Gibbs,00-0039139,Jahmyr Gibbs,RB,12,94.0,H,30,177.0,0.4,0.5310734463276836
2025_02_CHI_DET,2,CHI,Full Game,DET,00-0036275,D.Swift,00-0036275,D'Andre Swift,RB,12,63.0,A,27,134.0,0.4444444444444444,0.4701492537313433
2025_02_CHI_DET,2,DET,Full Game,CHI,00-0035685,D.Montgomery,00-0035685,David Montgomery,RB,11,57.0,H,30,177.0,0.36666666666666664,0.3220338983050847
2025_02_CHI_DET,2,CHI,Full Game,DET,00-0040236,K.Monangai,00-0040236,Kyle Monangai,RB,7,28.0,A,27,134.0,0.25925925925925924,0.208955223880597
2025_02_CHI_DET,2,DET,Full Game,CHI,00-0035567,C.Reynolds,00-0035567,Craig Reynolds,RB,3,4.0,H,30,177.0,0.1,0.022598870056497175
2025_02_CLE_BAL,2,CLE,Full Game,BAL,00-0040784,Q.Judkins,00-0040784,Quinshon Judkins,RB,10,61.0,A,22,115.0,0.45454545454545453,0.5304347826086957
2025_02_CLE_BAL,2,BAL,Full Game,CLE,00-0032764,D.Henry,00-0032764,Derrick Henry,RB,11,23.0,H,21,45.0,0.5238095238095238,0.5111111111111111
2025_02_CLE_BAL,2,BAL,Full Game,CLE,00-0034975,J.Hill,00-0034975,Justice Hill,RB,3,7.0,H,21,45.0,0.14285714285714285,0.15555555555555556
2025_02_CLE_BAL,2,CLE,Full Game,BAL,00-0040162,D.Sampson,00-0040162,Dylan Sampson,RB,4,6.0,A,22,115.0,0.18181818181818182,0.05217391304347826
2025_02_CLE_BAL,2,CLE,Full Game,BAL,00-0037267,J.Ford,00-0037267,Jerome Ford,RB,6,31.0,A,22,115.0,0.2727272727272727,0.26956521739130435
2025_02_DEN_IND,2,IND,Full Game,DEN,00-0036223,J.Taylor,00-0036223,Jonathan Taylor,RB,25,165.0,H,32,167.0,0.78125,0.9880239520958084
2025_02_DEN_IND,2,DEN,Full Game,IND,00-0036158,J.Dobbins,00-0036158,J.K. Dobbins,RB,14,76.0,A,24,118.0,0.5833333333333334,0.6440677966101694
2025_02_DEN_IND,2,DEN,Full Game,IND,00-0040730,R.Harvey,00-0040730,RJ Harvey,RB,5,8.0,A,24,118.0,0.20833333333333334,0.06779661016949153
2025_02_DEN_IND,2,DEN,Full Game,IND,00-0037085,T.Badie,00-0037085,Tyler Badie,RB,1,3.0,A,24,118.0,0.041666666666666664,0.025423728813559324
2025_02_JAX_CIN,2,JAX,Full Game,CIN,00-0036973,T.Etienne,00-0036973,Travis Etienne,RB,14,71.0,A,27,139.0,0.5185185185185185,0.5107913669064749
2025_02_JAX_CIN,2,CIN,Full Game,JAX,00-0038597,C.Brown,00-0038597,Chase Brown,RB,16,47.0,H,17,48.0,0.9411764705882353,0.9791666666666666
2025_02_JAX_CIN,2,JAX,Full Game,CIN,00-0040719,B.Tuten,00-0040719,Bhayshul Tuten,RB,8,42.0,A,27,139.0,0.2962962962962963,0.302158273381295
2025_02_JAX_CIN,2,JAX,Full Game,CIN,00-0040238,L.Allen,00-0040238,LeQuint Allen Jr.,RB,2,13.0,A,27,139.0,0.07407407407407407,0.09352517985611511
2025_02_LAC_LV,2,LV,Full Game,LAC,00-0040122,A.Jeanty,00-0040122,Ashton Jeanty,RB,11,43.0,H,19,68.0,0.5789473684210527,0.6323529411764706
2025_02_LAC_LV,2,LV,Full Game,LAC,00-0038040,Z.White,00-0038040,Zamir White,RB,2,-2.0,H,19,68.0,0.10526315789473684,-0.029411764705882353
2025_02_LAC_LV,2,LAC,Full Game,LV,00-0036893,N.Harris,00-0036893,Najee Harris,RB,8,28.0,A,26,81.0,0.3076923076923077,0.345679012345679
2025_02_LAC_LV,2,LAC,Full Game,LV,00-0040666,O.Hampton,00-0040666,Omarion Hampton,RB,8,24.0,A,26,81.0,0.3076923076923077,0.2962962962962963
2025_02_LA_TEN,2,LA,Full Game,TEN,00-0037840,K.Williams,00-0037840,Kyren Williams,RB,17,66.0,A,25,149.0,0.68,0.4429530201342282
2025_02_LA_TEN,2,TEN,Full Game,LA,00-0035261,T.Pollard,00-0035261,Tony Pollard,RB,20,92.0,H,26,109.0,0.7692307692307693,0.8440366972477065
2025_02_LA_TEN,2,LA,Full Game,TEN,00-0039738,B.Corum,00-0039738,Blake Corum,RB,5,44.0,A,25,149.0,0.2,0.2953020134228188
2025_02_NE_MIA,2,NE,Full Game,MIA,00-0036875,R.Stevenson,00-0036875,Rhamondre Stevenson,RB,11,54.0,A,29,122.0,0.3793103448275862,0.4426229508196721
2025_02_NE_MIA,2,NE,Full Game,MIA,00-0036328,A.Gibson,00-0036328,Antonio Gibson,RB,5,27.0,A,29,122.0,0.1724137931034483,0.22131147540983606
2025_02_NE_MIA,2,MIA,Full Game,NE,00-0039040,D.Achane,00-0039040,De'Von Achane,RB,11,30.0,H,15,61.0,0.7333333333333333,0.4918032786885246
2025_02_NE_MIA,2,NE,Full Game,MIA,00-0040734,T.Henderson,00-0040734,TreVeyon Henderson,RB,3,10.0,A,29,122.0,0.10344827586206896,0.08196721311475409
2025_02_NE_MIA,2,MIA,Full Game,NE,00-0040198,O.Gordon,00-0040198,Ollie Gordon II,RB,1,8.0,H,15,61.0,0.06666666666666667,0.13114754098360656
2025_02_NYG_DAL,2,NYG,Full Game,DAL,00-0035250,D.Singletary,00-0035250,Devin Singletary,RB,1,4.0,A,21,84.0,0.047619047619047616,0.047619047619047616
2025_02_NYG_DAL,2,NYG,Full Game,DAL,00-0040715,C.Skattebo,00-0040715,Cam Skattebo,RB,11,45.0,A,21,84.0,0.5238095238095238,0.5357142857142857
2025_02_NYG_DAL,2,NYG,Full Game,DAL,00-0039384,T.Tracy,00-0039384,Tyrone Tracy Jr.,RB,5,15.0,A,21,84.0,0.23809523809523808,0.17857142857142858
2025_02_NYG_DAL,2,DAL,Full Game,NYG,00-0036997,J.Williams,00-0036997,Javonte Williams,RB,18,97.0,H,28,135.0,0.6428571428571429,0.7185185185185186
2025_02_NYG_DAL,2,DAL,Full Game,NYG,00-0035243,M.Sanders,00-0035243,Miles Sanders,RB,5,15.0,H,28,135.0,0.17857142857142858,0.1111111111111111
2025_02_PHI_KC,2,PHI,Full Game,KC,00-0034844,S.Barkley,00-0034844,Saquon Barkley,RB,22,88.0,A,34,122.0,0.6470588235294118,0.7213114754098361
2025_02_PHI_KC,2,KC,Full Game,PHI,00-0037197,I.Pacheco,00-0037197,Isiah Pacheco,RB,10,22.0,H,26,121.0,0.38461538461538464,0.18181818181818182
2025_02_PHI_KC,2,KC,Full Game,PHI,00-0033923,K.Hunt,00-0033923,Kareem Hunt,RB,8,31.0,H,26,121.0,0.3076923076923077,0.256198347107438
2025_02_PHI_KC,2,PHI,Full Game,KC,00-0036265,A.Dillon,00-0036265,AJ Dillon,RB,3,19.0,A,34,122.0,0.08823529411764706,0.1557377049180328
2025_02_PHI_KC,2,KC,Full Game,PHI,00-0040078,B.Smith,00-0040078,Brashard Smith,RB,1,2.0,H,26,121.0,0.038461538461538464,0.01652892561983471
2025_02_SEA_PIT,2,SEA,Full Game,PIT,00-0038134,K.Walker,00-0038134,Kenneth Walker III,RB,13,105.0,A,29,117.0,0.4482758620689655,0.8974358974358975
2025_02_SEA_PIT,2,SEA,Full Game,PIT,00-0039165,Z.Charbonnet,00-0039165,Zach Charbonnet,RB,15,10.0,A,29,117.0,0.5172413793103449,0.08547008547008547
2025_02_SEA_PIT,2,PIT,Full Game,SEA,00-0037228,J.Warren,00-0037228,Jaylen Warren,RB,14,48.0,H,21,72.0,0.6666666666666666,0.6666666666666666
2025_02_SEA_PIT,2,PIT,Full Game,SEA,00-0036919,K.Gainwell,00-0036919,Kenneth Gainwell,RB,5,20.0,H,21,72.0,0.23809523809523808,0.2777777777777778
2025_02_SEA_PIT,2,PIT,Full Game,SEA,00-0040142,K.Johnson,00-0040142,Kaleb Johnson,RB,1,1.0,H,21,72.0,0.047619047619047616,0.013888888888888888
2025_02_SF_NO,2,NO,Full Game,SF,00-0033906,A.Kamara,00-0033906,Alvin Kamara,RB,21,99.0,H,30,121.0,0.7,0.8181818181818182
2025_02_SF_NO,2,SF,Full Game,NO,00-0033280,C.McCaffrey,00-0033280,Christian McCaffrey,RB,13,55.0,A,26,77.0,0.5,0.7142857142857143
2025_02_SF_NO,2,SF,Full Game,NO,00-0037746,B.Robinson,00-0037746,Brian Robinson,RB,6,20.0,A,26,77.0,0.23076923076923078,0.2597402597402597
2025_02_SF_NO,2,NO,Full Game,SF,00-0038551,K.Miller,00-0038551,Kendre Miller,RB,5,8.0,H,30,121.0,0.16666666666666666,0.06611570247933884
2025_02_TB_HOU,2,HOU,Full Game,TB,00-0034791,N.Chubb,00-0034791,Nick Chubb,RB,12,43.0,H,19,84.0,0.631578947368421,0.5119047619047619
2025_02_TB_HOU,2,TB,Full Game,HOU,00-0037256,R.White,00-0037256,Rachaad White,RB,10,65.0,A,30,169.0,0.3333333333333333,0.38461538461538464
2025_02_TB_HOU,2,TB,Full Game,HOU,00-0039361,B.Irving,00-0039361,Bucky Irving,RB,17,71.0,A,30,169.0,0.5666666666666667,0.42011834319526625
2025_02_TB_HOU,2,HOU,Full Game,TB,00-0040583,W.Marks,00-0040583,Woody Marks,RB,3,14.0,H,19,84.0,0.15789473684210525,0.16666666666666666
2025_02_WAS_GB,2,GB,Full Game,WAS,00-0035700,J.Jacobs,00-0035700,Josh Jacobs,RB,23,84.0,H,30,135.0,0.7666666666666667,0.6222222222222222
2025_02_WAS_GB,2,WAS,Full Game,GB,00-0033699,A.Ekeler,00-0033699,Austin Ekeler,RB,8,17.0,A,19,51.0,0.42105263157894735,0.3333333333333333
2025_02_WAS_GB,2,WAS,Full Game,GB,00-0040242,J.Croskey-Merritt,00-0040242,Jacory Croskey-Merritt,RB,4,17.0,A,19,51.0,0.21052631578947367,0.3333333333333333
2025_03_ARI_SF,3,ARI,Full Game,SF,00-0033553,J.Conner,00-0033553,James Conner,RB,9,22.0,A,28,106.0,0.32142857142857145,0.20754716981132076
2025_03_ARI_SF,3,ARI,Full Game,SF,00-0039921,T.Benson,00-0039921,Trey Benson,RB,10,42.0,A,28,106.0,0.35714285714285715,0.39622641509433965
2025_03_ARI_SF,3,SF,Full Game,ARI,00-0033280,C.McCaffrey,00-0033280,Christian McCaffrey,RB,17,52.0,H,20,73.0,0.85,0.7123287671232876
2025_03_ARI_SF,3,ARI,Full Game,SF,00-0038705,E.Demercado,00-0038705,Emari Demercado,RB,2,0.0,A,28,106.0,0.07142857142857142,0.0
2025_03_ARI_SF,3,SF,Full Game,ARI,00-0037746,B.Robinson,00-0037746,Brian Robinson,RB,2,22.0,H,20,73.0,0.1,0.3013698630136986
2025_03_ATL_CAR,3,ATL,Full Game,CAR,00-0038542,B.Robinson,00-0038542,Bijan Robinson,RB,13,72.0,A,23,131.0,0.5652173913043478,0.549618320610687
2025_03_ATL_CAR,3,CAR,Full Game,ATL,00-0036555,C.Hubbard,00-0036555,Chuba Hubbard,RB,17,73.0,H,30,110.0,0.5666666666666667,0.6636363636363637
2025_03_ATL_CAR,3,ATL,Full Game,CAR,00-0037263,T.Allgeier,00-0037263,Tyler Allgeier,RB,1,4.0,A,23,131.0,0.043478260869565216,0.030534351145038167
2025_03_ATL_CAR,3,CAR,Full Game,ATL,00-0036139,R.Dowdle,00-0036139,Rico Dowdle,RB,10,30.0,H,30,110.0,0.3333333333333333,0.2727272727272727
2025_03_ATL_CAR,3,ATL,Full Game,CAR,00-0040547,N.Carter,00-0040547,Nate Carter,RB,7,46.0,A,23,131.0,0.30434782608695654,0.3511450381679389
2025_03_CIN_MIN,3,MIN,Full Game,CIN,00-0037525,J.Mason,00-0037525,Jordan Mason,RB,16,116.0,H,31,169.0,0.5161290322580645,0.6863905325443787
2025_03_CIN_MIN,3,CIN,Full Game,MIN,00-0038597,C.Brown,00-0038597,Chase Brown,RB,10,3.0,A,21,53.0,0.47619047619047616,0.05660377358490566
2025_03_CIN_MIN,3,CIN,Full Game,MIN,00-0033526,S.Perine,00-0033526,Samaje Perine,RB,4,21.0,A,21,53.0,0.19047619047619047,0.39622641509433965
2025_03_CIN_MIN,3,MIN,Full Game,CIN,00-0038440,Z.Scott,00-0038440,Zavier Scott,RB,8,30.0,H,31,169.0,0.25806451612903225,0.17751479289940827
2025_03_CIN_MIN,3,CIN,Full Game,MIN,00-0040208,T.Brooks,00-0040208,Tahj Brooks,RB,5,17.0,A,21,53.0,0.23809523809523808,0.32075471698113206
2025_03_CIN_MIN,3,MIN,Full Game,CIN,00-0036414,C.Akers,00-0036414,Cam Akers,RB,5,19.0,H,31,169.0,0.16129032258064516,0.11242603550295859
2025_03_DAL_CHI,3,CHI,Full Game,DAL,00-0036275,D.Swift,00-0036275,D'Andre Swift,RB,13,33.0,H,29,87.0,0.4482758620689655,0.3793103448275862
2025_03_DAL_CHI,3,DAL,Full Game,CHI,00-0036997,J.Williams,00-0036997,Javonte Williams,RB,10,76.0,A,20,121.0,0.5,0.628099173553719
2025_03_DAL_CHI,3,DAL,Full Game,CHI,00-0035243,M.Sanders,00-0035243,Miles Sanders,RB,9,41.0,A,20,121.0,0.45,0.33884297520661155
2025_03_DAL_CHI,3,CHI,Full Game,DAL,00-0040236,K.Monangai,00-0040236,Kyle Monangai,RB,6,16.0,H,29,87.0,0.20689655172413793,0.1839080459770115
2025_03_DEN_LAC,3,LAC,Full Game,DEN,00-0040666,O.Hampton,00-0040666,Omarion Hampton,RB,19,70.0,H,28,106.0,0.6785714285714286,0.660377358490566
2025_03_DEN_LAC,3,DEN,Full Game,LAC,00-0040730,R.Harvey,00-0040730,RJ Harvey,RB,2,2.0,A,21,118.0,0.09523809523809523,0.01694915254237288
2025_03_DEN_LAC,3,LAC,Full Game,DEN,00-0036893,N.Harris,00-0036893,Najee Harris,RB,6,28.0,H,28,106.0,0.21428571428571427,0.2641509433962264
2025_03_DEN_LAC,3,DEN,Full Game,LAC,00-0036158,J.Dobbins,00-0036158,J.K. Dobbins,RB,11,83.0,A,21,118.0,0.5238095238095238,0.7033898305084746
2025_03_DET_BAL,3,DET,Full Game,BAL,00-0039139,J.Gibbs,00-0039139,Jahmyr Gibbs,RB,22,67.0,A,38,224.0,0.5789473684210527,0.29910714285714285
2025_03_DET_BAL,3,BAL,Full Game,DET,00-0032764,D.Henry,00-0032764,Derrick Henry,RB,12,50.0,H,19,85.0,0.631578947368421,0.5882352941176471
2025_03_DET_BAL,3,DET,Full Game,BAL,00-0035685,D.Montgomery,00-0035685,David Montgomery,RB,12,151.0,A,38,224.0,0.3157894736842105,0.6741071428571429
2025_03_GB_CLE,3,CLE,Full Game,GB,00-0040784,Q.Judkins,00-0040784,Quinshon Judkins,RB,18,94.0,H,19,96.0,0.9473684210526315,0.9791666666666666
2025_03_GB_CLE,3,CLE,Full Game,GB,00-0040162,D.Sampson,00-0040162,Dylan Sampson,RB,1,2.0,H,19,96.0,0.05263157894736842,0.020833333333333332
2025_03_GB_CLE,3,GB,Full Game,CLE,00-0035700,J.Jacobs,00-0035700,Josh Jacobs,RB,16,30.0,A,31,81.0,0.5161290322580645,0.37037037037037035
2025_03_GB_CLE,3,GB,Full Game,CLE,00-0038797,E.Wilson,00-0038797,Emanuel Wilson,RB,6,25.0,A,31,81.0,0.1935483870967742,0.30864197530864196
2025_03_HOU_JAX,3,JAX,Full Game,HOU,00-0036973,T.Etienne,00-0036973,Travis Etienne,RB,16,56.0,H,24,86.0,0.6666666666666666,0.6511627906976745
2025_03_HOU_JAX,3,HOU,Full Game,JAX,00-0034791,N.Chubb,00-0034791,Nick Chubb,RB,9,38.0,A,19,87.0,0.47368421052631576,0.4367816091954023
2025_03_HOU_JAX,3,JAX,Full Game,HOU,00-0040719,B.Tuten,00-0040719,Bhayshul Tuten,RB,6,21.0,H,24,86.0,0.25,0.2441860465116279
2025_03_HOU_JAX,3,HOU,Full Game,JAX,00-0040583,W.Marks,00-0040583,Woody Marks,RB,6,27.0,A,19,87.0,0.3157894736842105,0.3103448275862069
2025_03_IND_TEN,3,TEN,Full Game,IND,00-0035261,T.Pollard,00-0035261,Tony Pollard,RB,16,45.0,H,23,86.0,0.6956521739130435,0.5232558139534884
2025_03_IND_TEN,3,IND,Full Game,TEN,00-0036223,J.Taylor,00-0036223,Jonathan Taylor,RB,17,102.0,A,28,137.0,0.6071428571428571,0.7445255474452555
2025_03_IND_TEN,3,TEN,Full Game,IND,00-0037594,J.Chestnut,00-0037594,Julius Chestnut,RB,2,26.0,H,23,86.0,0.08695652173913043,0.3023255813953488
2025_03_IND_TEN,3,IND,Full Game,TEN,00-0037120,T.Goodson,00-0037120,Tyler Goodson,RB,2,6.0,A,28,137.0,0.07142857142857142,0.043795620437956206
2025_03_IND_TEN,3,IND,Full Game,TEN,00-0040179,D.Giddens,00-0040179,DJ Giddens,RB,1,3.0,A,28,137.0,0.03571428571428571,0.021897810218978103
2025_03_KC_NYG,3,NYG,Full Game,KC,00-0039384,T.Tracy,00-0039384,Tyrone Tracy Jr.,RB,7,29.0,H,27,130.0,0.25925925925925924,0.2230769230769231
2025_03_KC_NYG,3,NYG,Full Game,KC,00-0040715,C.Skattebo,00-0040715,Cam Skattebo,RB,10,60.0,H,27,130.0,0.37037037037037035,0.46153846153846156
2025_03_KC_NYG,3,KC,Full Game,NYG,00-0033923,K.Hunt,00-0033923,Kareem Hunt,RB,10,34.0,A,28,105.0,0.35714285714285715,0.3238095238095238
2025_03_KC_NYG,3,NYG,Full Game,KC,00-0035250,D.Singletary,00-0035250,Devin Singletary,RB,4,11.0,H,27,130.0,0.14814814814814814,0.08461538461538462
2025_03_KC_NYG,3,KC,Full Game,NYG,00-0037197,I.Pacheco,00-0037197,Isiah Pacheco,RB,10,45.0,A,28,105.0,0.35714285714285715,0.42857142857142855
2025_03_KC_NYG,3,KC,Full Game,NYG,00-0040078,B.Smith,00-0040078,Brashard Smith,RB,2,13.0,A,28,105.0,0.07142857142857142,0.12380952380952381
2025_03_LA_PHI,3,LA,Full Game,PHI,00-0037840,K.Williams,00-0037840,Kyren Williams,RB,20,94.0,A,31,160.0,0.6451612903225806,0.5875
2025_03_LA_PHI,3,PHI,Full Game,LA,00-0034844,S.Barkley,00-0034844,Saquon Barkley,RB,18,46.0,H,27,86.0,0.6666666666666666,0.5348837209302325
2025_03_LA_PHI,3,LA,Full Game,PHI,00-0039738,B.Corum,00-0039738,Blake Corum,RB,8,53.0,A,31,160.0,0.25806451612903225,0.33125
2025_03_LV_WAS,3,WAS,Full Game,LV,00-0038611,C.Rodriguez,00-0038611,Chris Rodriguez Jr.,RB,11,39.0,H,32,201.0,0.34375,0.19402985074626866
2025_03_LV_WAS,3,LV,Full Game,WAS,00-0040122,A.Jeanty,00-0040122,Ashton Jeanty,RB,17,63.0,A,28,93.0,0.6071428571428571,0.6774193548387096
2025_03_LV_WAS,3,WAS,Full Game,LV,00-0040242,J.Croskey-Merritt,00-0040242,Jacory Croskey-Merritt,RB,8,26.0,H,32,201.0,0.25,0.12935323383084577
2025_03_LV_WAS,3,WAS,Full Game,LV,00-0033955,J.McNichols,00-0033955,Jeremy McNichols,RB,4,78.0,H,32,201.0,0.125,0.3880597014925373
2025_03_LV_WAS,3,LV,Full Game,WAS,00-0039407,D.Laube,00-0039407,Dylan Laube,RB,3,2.0,A,28,93.0,0.10714285714285714,0.021505376344086023
2025_03_LV_WAS,3,LV,Full Game,WAS,00-0038040,Z.White,00-0038040,Zamir White,RB,5,19.0,A,28,93.0,0.17857142857142858,0.20430107526881722
2025_03_MIA_BUF,3,MIA,Full Game,BUF,00-0039040,D.Achane,00-0039040,De'Von Achane,RB,12,62.0,A,25,130.0,0.48,0.47692307692307695
2025_03_MIA_BUF,3,MIA,Full Game,BUF,00-0040198,O.Gordon,00-0040198,Ollie Gordon II,RB,9,38.0,A,25,130.0,0.36,0.2923076923076923
2025_03_MIA_BUF,3,BUF,Full Game,MIA,00-0037248,J.Cook,00-0037248,James Cook,RB,19,108.0,H,27,157.0,0.7037037037037037,0.6878980891719745
2025_03_MIA_BUF,3,BUF,Full Game,MIA,00-0035537,Ty.Johnson,00-0035537,Ty Johnson,RB,3,13.0,H,27,157.0,0.1111111111111111,0.08280254777070063
2025_03_NO_SEA,3,NO,Full Game,SEA,00-0033906,A.Kamara,00-0033906,Alvin Kamara,RB,18,42.0,A,27,79.0,0.6666666666666666,0.5316455696202531
2025_03_NO_SEA,3,SEA,Full Game,NO,00-0038134,K.Walker,00-0038134,Kenneth Walker III,RB,16,38.0,H,33,87.0,0.48484848484848486,0.4367816091954023
2025_03_NO_SEA,3,SEA,Full Game,NO,00-0039299,G.Holani,00-0039299,George Holani,RB,10,27.0,H,33,87.0,0.30303030303030304,0.3103448275862069
2025_03_NO_SEA,3,NO,Full Game,SEA,00-0038551,K.Miller,00-0038551,Kendre Miller,RB,7,27.0,A,27,79.0,0.25925925925925924,0.34177215189873417
2025_03_NO_SEA,3,SEA,Full Game,NO,00-0040067,J.Wright,00-0040067,Jacardia Wright,RB,5,20.0,H,33,87.0,0.15151515151515152,0.22988505747126436
2025_03_NYJ_TB,3,NYJ,Full Game,TB,00-0038120,B.Hall,00-0038120,Breece Hall,RB,9,21.0,A,23,99.0,0.391304347826087,0.21212121212121213
2025_03_NYJ_TB,3,NYJ,Full Game,TB,00-0039794,B.Allen,00-0039794,Braelon Allen,RB,6,30.0,A,23,99.0,0.2608695652173913,0.30303030303030304
2025_03_NYJ_TB,3,TB,Full Game,NYJ,00-0039361,B.Irving,00-0039361,Bucky Irving,RB,25,66.0,H,34,122.0,0.7352941176470589,0.5409836065573771
2025_03_NYJ_TB,3,TB,Full Game,NYJ,00-0037256,R.White,00-0037256,Rachaad White,RB,5,12.0,H,34,122.0,0.14705882352941177,0.09836065573770492
2025_03_PIT_NE,3,NE,Full Game,PIT,00-0036875,R.Stevenson,00-0036875,Rhamondre Stevenson,RB,4,18.0,H,29,119.0,0.13793103448275862,0.15126050420168066
2025_03_PIT_NE,3,PIT,Full Game,NE,00-0037228,J.Warren,00-0037228,Jaylen Warren,RB,18,47.0,A,26,64.0,0.6923076923076923,0.734375
2025_03_PIT_NE,3,PIT,Full Game,NE,00-0036919,K.Gainwell,00-0036919,Kenneth Gainwell,RB,4,16.0,A,26,64.0,0.15384615384615385,0.25
2025_03_PIT_NE,3,NE,Full Game,PIT,00-0040734,T.Henderson,00-0040734,TreVeyon Henderson,RB,11,28.0,H,29,119.0,0.3793103448275862,0.23529411764705882
2025_03_PIT_NE,3,NE,Full Game,PIT,00-0036328,A.Gibson,00-0036328,Antonio Gibson,RB,7,28.0,H,29,119.0,0.2413793103448276,0.23529411764705882
2025_04_BAL_KC,4,BAL,Full Game,KC,00-0032764,D.Henry,00-0032764,Derrick Henry,RB,8,42.0,A,17,166.0,0.47058823529411764,0.25301204819277107
2025_04_BAL_KC,4,BAL,Full Game,KC,00-0034975,J.Hill,00-0034975,Justice Hill,RB,3,76.0,A,17,166.0,0.17647058823529413,0.4578313253012048
2025_04_BAL_KC,4,KC,Full Game,BAL,00-0037197,I.Pacheco,00-0037197,Isiah Pacheco,RB,7,35.0,H,32,118.0,0.21875,0.2966101694915254
2025_04_BAL_KC,4,KC,Full Game,BAL,00-0033923,K.Hunt,00-0033923,Kareem Hunt,RB,13,34.0,H,32,118.0,0.40625,0.288135593220339
2025_04_BAL_KC,4,KC,Full Game,BAL,00-0040078,B.Smith,00-0040078,Brashard Smith,RB,4,9.0,H,32,118.0,0.125,0.07627118644067797
2025_04_CAR_NE,4,CAR,Full Game,NE,00-0036555,C.Hubbard,00-0036555,Chuba Hubbard,RB,10,49.0,A,28,129.0,0.35714285714285715,0.3798449612403101
2025_04_CAR_NE,4,NE,Full Game,CAR,00-0036875,R.Stevenson,00-0036875,Rhamondre Stevenson,RB,9,38.0,H,29,104.0,0.3103448275862069,0.36538461538461536
2025_04_CAR_NE,4,NE,Full Game,CAR,00-0040734,T.Henderson,00-0040734,TreVeyon Henderson,RB,7,32.0,H,29,104.0,0.2413793103448276,0.3076923076923077
2025_04_CAR_NE,4,CAR,Full Game,NE,00-0036139,R.Dowdle,00-0036139,Rico Dowdle,RB,9,32.0,A,28,129.0,0.32142857142857145,0.24806201550387597
2025_04_CAR_NE,4,NE,Full Game,CAR,00-0036328,A.Gibson,00-0036328,Antonio Gibson,RB,6,27.0,H,29,104.0,0.20689655172413793,0.25961538461538464
2025_04_CAR_NE,4,CAR,Full Game,NE,00-0040644,T.Etienne,00-0040644,Trevor Etienne,RB,7,33.0,A,28,129.0,0.25,0.2558139534883721
2025_04_CHI_LV,4,CHI,Full Game,LV,00-0036275,D.Swift,00-0036275,D'Andre Swift,RB,14,38.0,A,26,69.0,0.5384615384615384,0.5507246376811594
2025_04_CHI_LV,4,LV,Full Game,CHI,00-0040122,A.Jeanty,00-0040122,Ashton Jeanty,RB,21,138.0,H,31,240.0,0.6774193548387096,0.575
2025_04_CHI_LV,4,CHI,Full Game,LV,00-0040236,K.Monangai,00-0040236,Kyle Monangai,RB,4,18.0,A,26,69.0,0.15384615384615385,0.2608695652173913
2025_04_CHI_LV,4,LV,Full Game,CHI,00-0031687,R.Mostert,00-0031687,Raheem Mostert,RB,4,62.0,H,31,240.0,0.12903225806451613,0.25833333333333336
2025_04_CIN_DEN,4,CIN,Full Game,DEN,00-0038597,C.Brown,00-0038597,Chase Brown,RB,10,40.0,A,15,53.0,0.6666666666666666,0.7547169811320755
2025_04_CIN_DEN,4,DEN,Full Game,CIN,00-0036158,J.Dobbins,00-0036158,J.K. Dobbins,RB,16,101.0,H,38,186.0,0.42105263157894735,0.543010752688172
2025_04_CIN_DEN,4,DEN,Full Game,CIN,00-0040730,R.Harvey,00-0040730,RJ Harvey,RB,14,58.0,H,38,186.0,0.3684210526315789,0.3118279569892473
2025_04_CIN_DEN,4,DEN,Full Game,CIN,00-0036727,A.Prentice,00-0036727,Adam Prentice,RB,1,4.0,H,38,186.0,0.02631578947368421,0.021505376344086023
2025_04_CIN_DEN,4,CIN,Full Game,DEN,00-0033526,S.Perine,00-0033526,Samaje Perine,RB,1,4.0,A,15,53.0,0.06666666666666667,0.07547169811320754
2025_04_CLE_DET,4,DET,Full Game,CLE,00-0039139,J.Gibbs,00-0039139,Jahmyr Gibbs,RB,15,91.0,H,29,109.0,0.5172413793103449,0.8348623853211009
2025_04_CLE_DET,4,CLE,Full Game,DET,00-0040784,Q.Judkins,00-0040784,Quinshon Judkins,RB,21,82.0,A,27,79.0,0.7777777777777778,1.0379746835443038
2025_04_CLE_DET,4,DET,Full Game,CLE,00-0035685,D.Montgomery,00-0035685,David Montgomery,RB,9,12.0,H,29,109.0,0.3103448275862069,0.11009174311926606
2025_04_CLE_DET,4,CLE,Full Game,DET,00-0040162,D.Sampson,00-0040162,Dylan Sampson,RB,1,-2.0,A,27,79.0,0.037037037037037035,-0.02531645569620253
2025_04_CLE_DET,4,CLE,Full Game,DET,00-0037267,J.Ford,00-0037267,Jerome Ford,RB,1,-1.0,A,27,79.0,0.037037037037037035,-0.012658227848101266
2025_04_CLE_DET,4,DET,Full Game,CLE,00-0038896,J.Saylors,00-0038896,Jacob Saylors,RB,2,11.0,H,29,109.0,0.06896551724137931,0.10091743119266056
2025_04_GB_DAL,4,GB,Full Game,DAL,00-0035700,J.Jacobs,00-0035700,Josh Jacobs,RB,22,86.0,A,35,164.0,0.6285714285714286,0.524390243902439
2025_04_GB_DAL,4,DAL,Full Game,GB,00-0036997,J.Williams,00-0036997,Javonte Williams,RB,20,85.0,H,26,117.0,0.7692307692307693,0.7264957264957265
2025_04_GB_DAL,4,GB,Full Game,DAL,00-0038797,E.Wilson,00-0038797,Emanuel Wilson,RB,8,44.0,A,35,164.0,0.22857142857142856,0.2682926829268293
2025_04_GB_DAL,4,DAL,Full Game,GB,00-0035243,M.Sanders,00-0035243,Miles Sanders,RB,2,8.0,H,26,117.0,0.07692307692307693,0.06837606837606838
2025_04_GB_DAL,4,DAL,Full Game,GB,00-0038738,H.Luepke,00-0038738,Hunter Luepke,RB,1,6.0,H,26,117.0,0.038461538461538464,0.05128205128205128
2025_04_IND_LA,4,IND,Full Game,LA,00-0036223,J.Taylor,00-0036223,Jonathan Taylor,RB,17,76.0,A,21,85.0,0.8095238095238095,0.8941176470588236
2025_04_IND_LA,4,LA,Full Game,IND,00-0037840,K.Williams,00-0037840,Kyren Williams,RB,13,77.0,H,26,102.0,0.5,0.7549019607843137
2025_04_IND_LA,4,LA,Full Game,IND,00-0039738,B.Corum,00-0039738,Blake Corum,RB,9,21.0,H,26,102.0,0.34615384615384615,0.20588235294117646
2025_04_JAX_SF,4,SF,Full Game,JAX,00-0033280,C.McCaffrey,00-0033280,Christian McCaffrey,RB,17,49.0,H,24,83.0,0.7083333333333334,0.5903614457831325
2025_04_JAX_SF,4,SF,Full Game,JAX,00-0037746,B.Robinson,00-0037746,Brian Robinson,RB,5,21.0,H,24,83.0,0.20833333333333334,0.25301204819277107
2025_04_JAX_SF,4,JAX,Full Game,SF,00-0036973,T.Etienne,00-0036973,Travis Etienne,RB,19,124.0,A,32,151.0,0.59375,0.8211920529801324
2025_04_JAX_SF,4,JAX,Full Game,SF,00-0040719,B.Tuten,00-0040719,Bhayshul Tuten,RB,4,14.0,A,32,151.0,0.125,0.09271523178807947
2025_04_LAC_NYG,4,LAC,Full Game,NYG,00-0040666,O.Hampton,00-0040666,Omarion Hampton,RB,12,128.0,A,13,152.0,0.9230769230769231,0.8421052631578947
2025_04_LAC_NYG,4,NYG,Full Game,LAC,00-0040715,C.Skattebo,00-0040715,Cam Skattebo,RB,25,79.0,H,42,161.0,0.5952380952380952,0.4906832298136646
2025_04_LAC_NYG,4,NYG,Full Game,LAC,00-0035250,D.Singletary,00-0035250,Devin Singletary,RB,7,28.0,H,42,161.0,0.16666666666666666,0.17391304347826086
2025_04_MIN_PIT,4,MIN,Full Game,PIT,00-0037525,J.Mason,00-0037525,Jordan Mason,RB,16,57.0,A,20,70.0,0.8,0.8142857142857143
2025_04_MIN_PIT,4,PIT,Full Game,MIN,00-0036919,K.Gainwell,00-0036919,Kenneth Gainwell,RB,19,99.0,H,29,131.0,0.6551724137931034,0.7557251908396947
2025_04_MIN_PIT,4,PIT,Full Game,MIN,00-0040142,K.Johnson,00-0040142,Kaleb Johnson,RB,6,22.0,H,29,131.0,0.20689655172413793,0.16793893129770993
2025_04_MIN_PIT,4,MIN,Full Game,PIT,00-0038440,Z.Scott,00-0038440,Zavier Scott,RB,2,1.0,A,20,70.0,0.1,0.014285714285714285
2025_04_NO_BUF,4,BUF,Full Game,NO,00-0037248,J.Cook,00-0037248,James Cook,RB,22,117.0,H,32,165.0,0.6875,0.7090909090909091
2025_04_NO_BUF,4,NO,Full Game,BUF,00-0033906,A.Kamara,00-0033906,Alvin Kamara,RB,15,70.0,A,34,189.0,0.4411764705882353,0.37037037037037035
2025_04_NO_BUF,4,NO,Full Game,BUF,00-0038551,K.Miller,00-0038551,Kendre Miller,RB,11,65.0,A,34,189.0,0.3235294117647059,0.3439153439153439
2025_04_NO_BUF,4,BUF,Full Game,NO,00-0039875,R.Davis,00-0039875,Ray Davis,RB,1,3.0,H,32,165.0,0.03125,0.01818181818181818
2025_04_NO_BUF,4,BUF,Full Game,NO,00-0035537,Ty.Johnson,00-0035537,Ty Johnson,RB,1,0.0,H,32,165.0,0.03125,0.0
2025_04_NYJ_MIA,4,MIA,Full Game,NYJ,00-0039040,D.Achane,00-0039040,De'Von Achane,RB,20,99.0,H,31,123.0,0.6451612903225806,0.8048780487804879
2025_04_NYJ_MIA,4,NYJ,Full Game,MIA,00-0038120,B.Hall,00-0038120,Breece Hall,RB,14,81.0,A,28,197.0,0.5,0.41116751269035534
2025_04_NYJ_MIA,4,NYJ,Full Game,MIA,00-0039794,B.Allen,00-0039794,Braelon Allen,RB,4,26.0,A,28,197.0,0.14285714285714285,0.1319796954314721
2025_04_NYJ_MIA,4,NYJ,Full Game,MIA,00-0039798,I.Davis,00-0039798,Isaiah Davis,RB,3,9.0,A,28,197.0,0.10714285714285714,0.04568527918781726
2025_04_NYJ_MIA,4,MIA,Full Game,NYJ,00-0040198,O.Gordon,00-0040198,Ollie Gordon II,RB,6,10.0,H,31,123.0,0.1935483870967742,0.08130081300813008
2025_04_PHI_TB,4,TB,Full Game,PHI,00-0039361,B.Irving,00-0039361,Bucky Irving,RB,15,63.0,H,26,104.0,0.5769230769230769,0.6057692307692307
2025_04_PHI_TB,4,PHI,Full Game,TB,00-0036265,A.Dillon,00-0036265,AJ Dillon,RB,3,17.0,A,32,88.0,0.09375,0.19318181818181818
2025_04_PHI_TB,4,TB,Full Game,PHI,00-0037256,R.White,00-0037256,Rachaad White,RB,6,17.0,H,26,104.0,0.23076923076923078,0.16346153846153846
2025_04_PHI_TB,4,PHI,Full Game,TB,00-0034844,S.Barkley,00-0034844,Saquon Barkley,RB,19,43.0,A,32,88.0,0.59375,0.48863636363636365
2025_04_SEA_ARI,4,ARI,Full Game,SEA,00-0039921,T.Benson,00-0039921,Trey Benson,RB,8,35.0,H,17,89.0,0.47058823529411764,0.39325842696629215
2025_04_SEA_ARI,4,SEA,Full Game,ARI,00-0038134,K.Walker,00-0038134,Kenneth Walker III,RB,19,81.0,A,35,155.0,0.5428571428571428,0.5225806451612903
2025_04_SEA_ARI,4,SEA,Full Game,ARI,00-0039165,Z.Charbonnet,00-0039165,Zach Charbonnet,RB,12,39.0,A,35,155.0,0.34285714285714286,0.25161290322580643
2025_04_SEA_ARI,4,ARI,Full Game,SEA,00-0036924,M.Carter,00-0036924,Michael Carter,RB,1,1.0,H,17,89.0,0.058823529411764705,0.011235955056179775
2025_04_SEA_ARI,4,ARI,Full Game,SEA,00-0038705,E.Demercado,00-0038705,Emari Demercado,RB,2,8.0,H,17,89.0,0.11764705882352941,0.0898876404494382
2025_04_TEN_HOU,4,TEN,Full Game,HOU,00-0035261,T.Pollard,00-0035261,Tony Pollard,RB,14,64.0,A,18,82.0,0.7777777777777778,0.7804878048780488
2025_04_TEN_HOU,4,HOU,Full Game,TEN,00-0034791,N.Chubb,00-0034791,Nick Chubb,RB,13,47.0,H,35,129.0,0.37142857142857144,0.3643410852713178
2025_04_TEN_HOU,4,HOU,Full Game,TEN,00-0040583,W.Marks,00-0040583,Woody Marks,RB,17,69.0,H,35,129.0,0.4857142857142857,0.5348837209302325
2025_04_TEN_HOU,4,TEN,Full Game,HOU,00-0037594,J.Chestnut,00-0037594,Julius Chestnut,RB,1,0.0,A,18,82.0,0.05555555555555555,0.0
2025_04_WAS_ATL,4,ATL,Full Game,WAS,00-0038542,B.Robinson,00-0038542,Bijan Robinson,RB,17,75.0,H,37,128.0,0.4594594594594595,0.5859375
2025_04_WAS_ATL,4,ATL,Full Game,WAS,00-0037263,T.Allgeier,00-0037263,Tyler Allgeier,RB,16,51.0,H,37,128.0,0.43243243243243246,0.3984375
2025_04_WAS_ATL,4,WAS,Full Game,ATL,00-0038611,C.Rodriguez,00-0038611,Chris Rodriguez Jr.,RB,7,59.0,A,22,147.0,0.3181818181818182,0.4013605442176871
2025_04_WAS_ATL,4,WAS,Full Game,ATL,00-0033955,J.McNichols,00-0033955,Jeremy McNichols,RB,2,3.0,A,22,147.0,0.09090909090909091,0.02040816326530612
2025_04_WAS_ATL,4,WAS,Full Game,ATL,00-0040242,J.Croskey-Merritt,00-0040242,Jacory Croskey-Merritt,RB,7,47.0,A,22,147.0,0.3181818181818182,0.3197278911564626
2025_05_DAL_NYJ,5,NYJ,Full Game,DAL,00-0038120,B.Hall,00-0038120,Breece Hall,RB,14,113.0,H,22,144.0,0.6363636363636364,0.7847222222222222
2025_05_DAL_NYJ,5,NYJ,Full Game,DAL,00-0039798,I.Davis,00-0039798,Isaiah Davis,RB,1,5.0,H,22,144.0,0.045454545454545456,0.034722222222222224
2025_05_DAL_NYJ,5,DAL,Full Game,NYJ,00-0036997,J.Williams,00-0036997,Javonte Williams,RB,16,135.0,A,29,180.0,0.5517241379310345,0.75
2025_05_DAL_NYJ,5,DAL,Full Game,NYJ,00-0040586,J.Blue,00-0040586,Jaydon Blue,RB,4,7.0,A,29,180.0,0.13793103448275862,0.03888888888888889
2025_05_DEN_PHI,5,DEN,Full Game,PHI,00-0036158,J.Dobbins,00-0036158,J.K. Dobbins,RB,20,79.0,A,29,130.0,0.6896551724137931,0.6076923076923076
2025_05_DEN_PHI,5,DEN,Full Game,PHI,00-0040730,R.Harvey,00-0040730,RJ Harvey,RB,4,12.0,A,29,130.0,0.13793103448275862,0.09230769230769231
2025_05_DEN_PHI,5,PHI,Full Game,DEN,00-0034844,S.Barkley,00-0034844,Saquon Barkley,RB,6,30.0,H,11,45.0,0.5454545454545454,0.6666666666666666
2025_05_DEN_PHI,5,PHI,Full Game,DEN,00-0036265,A.Dillon,00-0036265,AJ Dillon,RB,2,12.0,H,11,45.0,0.18181818181818182,0.26666666666666666
2025_05_DEN_PHI,5,PHI,Full Game,DEN,00-0039746,W.Shipley,00-0039746,Will Shipley,RB,1,0.0,H,11,45.0,0.09090909090909091,0.0
2025_05_DEN_PHI,5,DEN,Full Game,PHI,00-0036727,A.Prentice,00-0036727,Adam Prentice,RB,1,8.0,A,29,130.0,0.034482758620689655,0.06153846153846154
2025_05_DET_CIN,5,DET,Full Game,CIN,00-0039139,J.Gibbs,00-0039139,Jahmyr Gibbs,RB,12,54.0,A,33,118.0,0.36363636363636365,0.4576271186440678
2025_05_DET_CIN,5,CIN,Full Game,DET,00-0038597,C.Brown,00-0038597,Chase Brown,RB,8,27.0,H,16,85.0,0.5,0.3176470588235294
2025_05_DET_CIN,5,DET,Full Game,CIN,00-0035685,D.Montgomery,00-0035685,David Montgomery,RB,18,65.0,A,33,118.0,0.5454545454545454,0.5508474576271186
2025_05_DET_CIN,5,CIN,Full Game,DET,00-0033526,S.Perine,00-0033526,Samaje Perine,RB,4,27.0,H,16,85.0,0.25,0.3176470588235294
2025_05_HOU_BAL,5,HOU,Full Game,BAL,00-0034791,N.Chubb,00-0034791,Nick Chubb,RB,11,61.0,A,33,167.0,0.3333333333333333,0.3652694610778443
2025_05_HOU_BAL,5,HOU,Full Game,BAL,00-0039603,B.Brooks,00-0039603,British Brooks,RB,2,15.0,A,33,167.0,0.06060606060606061,0.08982035928143713
2025_05_HOU_BAL,5,HOU,Full Game,BAL,00-0040583,W.Marks,00-0040583,Woody Marks,RB,7,24.0,A,33,167.0,0.21212121212121213,0.1437125748502994
2025_05_HOU_BAL,5,BAL,Full Game,HOU,00-0032764,D.Henry,00-0032764,Derrick Henry,RB,15,33.0,H,19,44.0,0.7894736842105263,0.75
2025_05_HOU_BAL,5,BAL,Full Game,HOU,00-0038454,K.Mitchell,00-0038454,Keaton Mitchell,RB,3,8.0,H,19,44.0,0.15789473684210525,0.18181818181818182
2025_05_HOU_BAL,5,HOU,Full Game,BAL,00-0037258,D.Pierce,00-0037258,Dameon Pierce,RB,7,21.0,A,33,167.0,0.21212121212121213,0.12574850299401197
2025_05_HOU_BAL,5,BAL,Full Game,HOU,00-0034975,J.Hill,00-0034975,Justice Hill,RB,1,3.0,H,19,44.0,0.05263157894736842,0.06818181818181818
2025_05_KC_JAX,5,JAX,Full Game,KC,00-0036973,T.Etienne,00-0036973,Travis Etienne,RB,12,49.0,H,26,109.0,0.46153846153846156,0.44954128440366975
2025_05_KC_JAX,5,KC,Full Game,JAX,00-0037197,I.Pacheco,00-0037197,Isiah Pacheco,RB,7,36.0,A,22,158.0,0.3181818181818182,0.22784810126582278
2025_05_KC_JAX,5,KC,Full Game,JAX,00-0033923,K.Hunt,00-0033923,Kareem Hunt,RB,7,49.0,A,22,158.0,0.3181818181818182,0.310126582278481
2025_05_KC_JAX,5,KC,Full Game,JAX,00-0040078,B.Smith,00-0040078,Brashard Smith,RB,1,4.0,A,22,158.0,0.045454545454545456,0.02531645569620253
2025_05_KC_JAX,5,JAX,Full Game,KC,00-0040719,B.Tuten,00-0040719,Bhayshul Tuten,RB,4,6.0,H,26,109.0,0.15384615384615385,0.05504587155963303
2025_05_LV_IND,5,IND,Full Game,LV,00-0036223,J.Taylor,00-0036223,Jonathan Taylor,RB,17,66.0,H,25,96.0,0.68,0.6875
2025_05_LV_IND,5,LV,Full Game,IND,00-0040122,A.Jeanty,00-0040122,Ashton Jeanty,RB,14,67.0,A,25,106.0,0.56,0.6320754716981132
2025_05_LV_IND,5,IND,Full Game,LV,00-0032104,A.Abdullah,00-0032104,Ameer Abdullah,RB,2,6.0,H,25,96.0,0.08,0.0625
2025_05_LV_IND,5,LV,Full Game,IND,00-0031687,R.Mostert,00-0031687,Raheem Mostert,RB,7,22.0,A,25,106.0,0.28,0.20754716981132076
2025_05_LV_IND,5,IND,Full Game,LV,00-0040179,D.Giddens,00-0040179,DJ Giddens,RB,5,22.0,H,25,96.0,0.2,0.22916666666666666
2025_05_MIA_CAR,5,MIA,Full Game,CAR,00-0039040,D.Achane,00-0039040,De'Von Achane,RB,10,16.0,A,14,19.0,0.7142857142857143,0.8421052631578947
2025_05_MIA_CAR,5,CAR,Full Game,MIA,00-0036139,R.Dowdle,00-0036139,Rico Dowdle,RB,23,206.0,H,32,239.0,0.71875,0.8619246861924686
2025_05_MIA_CAR,5,MIA,Full Game,CAR,00-0040198,O.Gordon,00-0040198,Ollie Gordon II,RB,3,-2.0,A,14,19.0,0.21428571428571427,-0.10526315789473684
2025_05_MIA_CAR,5,CAR,Full Game,MIA,00-0040644,T.Etienne,00-0040644,Trevor Etienne,RB,4,22.0,H,32,239.0,0.125,0.09205020920502092
2025_05_MIN_CLE,5,CLE,Full Game,MIN,00-0040784,Q.Judkins,00-0040784,Quinshon Judkins,RB,23,110.0,H,32,140.0,0.71875,0.7857142857142857
2025_05_MIN_CLE,5,MIN,Full Game,CLE,00-0037525,J.Mason,00-0037525,Jordan Mason,RB,13,52.0,A,23,97.0,0.5652173913043478,0.5360824742268041
2025_05_MIN_CLE,5,CLE,Full Game,MIN,00-0037267,J.Ford,00-0037267,Jerome Ford,RB,5,18.0,H,32,140.0,0.15625,0.12857142857142856
2025_05_MIN_CLE,5,MIN,Full Game,CLE,00-0038440,Z.Scott,00-0038440,Zavier Scott,RB,5,18.0,A,23,97.0,0.21739130434782608,0.18556701030927836
2025_05_MIN_CLE,5,CLE,Full Game,MIN,00-0040162,D.Sampson,00-0040162,Dylan Sampson,RB,1,-4.0,H,32,140.0,0.03125,-0.02857142857142857
2025_05_NE_BUF,5,NE,Full Game,BUF,00-0036875,R.Stevenson,00-0036875,Rhamondre Stevenson,RB,7,14.0,A,22,71.0,0.3181818181818182,0.19718309859154928
2025_05_NE_BUF,5,BUF,Full Game,NE,00-0037248,J.Cook,00-0037248,James Cook,RB,15,49.0,H,29,118.0,0.5172413793103449,0.4152542372881356
2025_05_NE_BUF,5,NE,Full Game,BUF,00-0036328,A.Gibson,00-0036328,Antonio Gibson,RB,6,21.0,A,22,71.0,0.2727272727272727,0.29577464788732394
2025_05_NE_BUF,5,BUF,Full Game,NE,00-0035537,Ty.Johnson,00-0035537,Ty Johnson,RB,2,10.0,H,29,118.0,0.06896551724137931,0.0847457627118644
2025_05_NE_BUF,5,NE,Full Game,BUF,00-0040734,T.Henderson,00-0040734,TreVeyon Henderson,RB,6,24.0,A,22,71.0,0.2727272727272727,0.3380281690140845
2025_05_NE_BUF,5,BUF,Full Game,NE,00-0039875,R.Davis,00-0039875,Ray Davis,RB,2,1.0,H,29,118.0,0.06896551724137931,0.00847457627118644
2025_05_NYG_NO,5,NO,Full Game,NYG,00-0033906,A.Kamara,00-0033906,Alvin Kamara,RB,8,27.0,H,30,88.0,0.26666666666666666,0.3068181818181818
2025_05_NYG_NO,5,NYG,Full Game,NO,00-0040715,C.Skattebo,00-0040715,Cam Skattebo,RB,15,59.0,A,29,136.0,0.5172413793103449,0.4338235294117647
2025_05_NYG_NO,5,NO,Full Game,NYG,00-0038551,K.Miller,00-0038551,Kendre Miller,RB,10,41.0,H,30,88.0,0.3333333333333333,0.4659090909090909
2025_05_NYG_NO,5,NYG,Full Game,NO,00-0035250,D.Singletary,00-0035250,Devin Singletary,RB,6,20.0,A,29,136.0,0.20689655172413793,0.14705882352941177
2025_05_SF_LA,5,SF,Full Game,LA,00-0033280,C.McCaffrey,00-0033280,Christian McCaffrey,RB,22,57.0,A,33,74.0,0.6666666666666666,0.7702702702702703
2025_05_SF_LA,5,LA,Full Game,SF,00-0037840,K.Williams,00-0037840,Kyren Williams,RB,14,65.0,H,16,78.0,0.875,0.8333333333333334
2025_05_SF_LA,5,SF,Full Game,LA,00-0037746,B.Robinson,00-0037746,Brian Robinson,RB,5,12.0,A,33,74.0,0.15151515151515152,0.16216216216216217
2025_05_SF_LA,5,LA,Full Game,SF,00-0039738,B.Corum,00-0039738,Blake Corum,RB,1,13.0,H,16,78.0,0.0625,0.16666666666666666
2025_05_SF_LA,5,SF,Full Game,LA,00-0029892,K.Juszczyk,00-0029892,Kyle Juszczyk,RB,1,-1.0,A,33,74.0,0.030303030303030304,-0.013513513513513514
2025_05_TB_SEA,5,TB,Full Game,SEA,00-0037256,R.White,00-0037256,Rachaad White,RB,14,41.0,A,24,56.0,0.5833333333333334,0.7321428571428571
2025_05_TB_SEA,5,SEA,Full Game,TB,00-0038134,K.Walker,00-0038134,Kenneth Walker III,RB,10,86.0,H,20,122.0,0.5,0.7049180327868853
2025_05_TB_SEA,5,SEA,Full Game,TB,00-0039165,Z.Charbonnet,00-0039165,Zach Charbonnet,RB,9,36.0,H,20,122.0,0.45,0.29508196721311475
2025_05_TB_SEA,5,TB,Full Game,SEA,00-0038951,S.Tucker,00-0038951,Sean Tucker,RB,3,3.0,A,24,56.0,0.125,0.05357142857142857
2025_05_TEN_ARI,5,ARI,Full Game,TEN,00-0036924,M.Carter,00-0036924,Michael Carter,RB,18,51.0,H,29,168.0,0.6206896551724138,0.30357142857142855
2025_05_TEN_ARI,5,TEN,Full Game,ARI,00-0035261,T.Pollard,00-0035261,Tony Pollard,RB,14,67.0,A,24,78.0,0.5833333333333334,0.8589743589743589
2025_05_TEN_ARI,5,TEN,Full Game,ARI,00-0037594,J.Chestnut,00-0037594,Julius Chestnut,RB,1,3.0,A,24,78.0,0.041666666666666664,0.038461538461538464
2025_05_TEN_ARI,5,TEN,Full Game,ARI,00-0039032,T.Spears,00-0039032,Tyjae Spears,RB,4,14.0,A,24,78.0,0.16666666666666666,0.1794871794871795
2025_05_TEN_ARI,5,ARI,Full Game,TEN,00-0037157,Z.Knight,00-0037157,Bam Knight,RB,4,11.0,H,29,168.0,0.13793103448275862,0.06547619047619048
2025_05_TEN_ARI,5,ARI,Full Game,TEN,00-0038705,E.Demercado,00-0038705,Emari Demercado,RB,3,81.0,H,29,168.0,0.10344827586206896,0.48214285714285715
2025_05_WAS_LAC,5,LAC,Full Game,WAS,00-0040666,O.Hampton,00-0040666,Omarion Hampton,RB,12,44.0,H,27,155.0,0.4444444444444444,0.2838709677419355
2025_05_WAS_LAC,5,LAC,Full Game,WAS,00-0037617,H.Haskins,00-0037617,Hassan Haskins,RB,5,13.0,H,27,155.0,0.18518518518518517,0.08387096774193549
2025_05_WAS_LAC,5,WAS,Full Game,LAC,00-0040242,J.Croskey-Merritt,00-0040242,Jacory Croskey-Merritt,RB,14,111.0,A,28,163.0,0.5,0.6809815950920245
2025_05_WAS_LAC,5,LAC,Full Game,WAS,00-0039391,K.Vidal,00-0039391,Kimani Vidal,RB,4,18.0,H,27,155.0,0.14814814814814814,0.11612903225806452
2025_05_WAS_LAC,5,WAS,Full Game,LAC,00-0033955,J.McNichols,00-0033955,Jeremy McNichols,RB,1,6.0,A,28,163.0,0.03571428571428571,0.03680981595092025
2025_05_WAS_LAC,5,WAS,Full Game,LAC,00-0038611,C.Rodriguez,00-0038611,Chris Rodriguez Jr.,RB,5,7.0,A,28,163.0,0.17857142857142858,0.04294478527607362
2025_06_ARI_IND,6,IND,Full Game,ARI,00-0036223,J.Taylor,00-0036223,Jonathan Taylor,RB,21,123.0,H,27,150.0,0.7777777777777778,0.82
2025_06_ARI_IND,6,ARI,Full Game,IND,00-0036924,M.Carter,00-0036924,Michael Carter,RB,9,34.0,A,24,88.0,0.375,0.38636363636363635
2025_06_ARI_IND,6,ARI,Full Game,IND,00-0038705,E.Demercado,00-0038705,Emari Demercado,RB,1,1.0,A,24,88.0,0.041666666666666664,0.011363636363636364
2025_06_ARI_IND,6,ARI,Full Game,IND,00-0037157,Z.Knight,00-0037157,Bam Knight,RB,11,34.0,A,24,88.0,0.4583333333333333,0.38636363636363635
2025_06_ARI_IND,6,IND,Full Game,ARI,00-0032104,A.Abdullah,00-0032104,Ameer Abdullah,RB,1,7.0,H,27,150.0,0.037037037037037035,0.04666666666666667
2025_06_BUF_ATL,6,ATL,Full Game,BUF,00-0038542,B.Robinson,00-0038542,Bijan Robinson,RB,19,170.0,H,32,210.0,0.59375,0.8095238095238095
2025_06_BUF_ATL,6,ATL,Full Game,BUF,00-0037263,T.Allgeier,00-0037263,Tyler Allgeier,RB,10,32.0,H,32,210.0,0.3125,0.1523809523809524
2025_06_BUF_ATL,6,BUF,Full Game,ATL,00-0037248,J.Cook,00-0037248,James Cook,RB,17,87.0,A,24,134.0,0.7083333333333334,0.6492537313432836
2025_06_BUF_ATL,6,BUF,Full Game,ATL,00-0035537,Ty.Johnson,00-0035537,Ty Johnson,RB,1,5.0,A,24,134.0,0.041666666666666664,0.03731343283582089
2025_06_CHI_WAS,6,CHI,Full Game,WAS,00-0036275,D.Swift,00-0036275,D'Andre Swift,RB,14,108.0,A,27,150.0,0.5185185185185185,0.72
2025_06_CHI_WAS,6,CHI,Full Game,WAS,00-0040236,K.Monangai,00-0040236,Kyle Monangai,RB,5,19.0,A,27,150.0,0.18518518518518517,0.12666666666666668
2025_06_CHI_WAS,6,WAS,Full Game,CHI,00-0040242,J.Croskey-Merritt,00-0040242,Jacory Croskey-Merritt,RB,17,61.0,H,31,124.0,0.5483870967741935,0.49193548387096775
2025_06_CHI_WAS,6,WAS,Full Game,CHI,00-0033955,J.McNichols,00-0033955,Jeremy McNichols,RB,2,5.0,H,31,124.0,0.06451612903225806,0.04032258064516129
2025_06_CHI_WAS,6,CHI,Full Game,WAS,00-0039021,R.Johnson,00-0039021,Roschon Johnson,RB,1,6.0,A,27,150.0,0.037037037037037035,0.04
2025_06_CIN_GB,6,GB,Full Game,CIN,00-0035700,J.Jacobs,00-0035700,Josh Jacobs,RB,18,93.0,H,33,153.0,0.5454545454545454,0.6078431372549019
2025_06_CIN_GB,6,GB,Full Game,CIN,00-0038797,E.Wilson,00-0038797,Emanuel Wilson,RB,3,11.0,H,33,153.0,0.09090909090909091,0.0718954248366013
2025_06_CIN_GB,6,CIN,Full Game,GB,00-0033526,S.Perine,00-0033526,Samaje Perine,RB,6,16.0,A,16,55.0,0.375,0.2909090909090909
2025_06_CIN_GB,6,GB,Full Game,CIN,00-0038685,C.Brooks,00-0038685,Chris Brooks,RB,1,1.0,H,33,153.0,0.030303030303030304,0.006535947712418301
2025_06_CIN_GB,6,CIN,Full Game,GB,00-0038597,C.Brown,00-0038597,Chase Brown,RB,9,42.0,A,16,55.0,0.5625,0.7636363636363637
2025_06_CLE_PIT,6,PIT,Full Game,CLE,00-0037228,J.Warren,00-0037228,Jaylen Warren,RB,11,52.0,H,28,100.0,0.39285714285714285,0.52
2025_06_CLE_PIT,6,PIT,Full Game,CLE,00-0036919,K.Gainwell,00-0036919,Kenneth Gainwell,RB,6,22.0,H,28,100.0,0.21428571428571427,0.22
2025_06_CLE_PIT,6,CLE,Full Game,PIT,00-0040784,Q.Judkins,00-0040784,Quinshon Judkins,RB,12,36.0,A,17,65.0,0.7058823529411765,0.5538461538461539
2025_06_CLE_PIT,6,CLE,Full Game,PIT,00-0040162,D.Sampson,00-0040162,Dylan Sampson,RB,3,12.0,A,17,65.0,0.17647058823529413,0.18461538461538463
2025_06_CLE_PIT,6,PIT,Full Game,CLE,00-0040142,K.Johnson,00-0040142,Kaleb Johnson,RB,6,15.0,H,28,100.0,0.21428571428571427,0.15
2025_06_CLE_PIT,6,CLE,Full Game,PIT,00-0037267,J.Ford,00-0037267,Jerome Ford,RB,2,17.0,A,17,65.0,0.11764705882352941,0.26153846153846155
2025_06_DAL_CAR,6,DAL,Full Game,CAR,00-0036997,J.Williams,00-0036997,Javonte Williams,RB,13,29.0,A,19,31.0,0.6842105263157895,0.9354838709677419
2025_06_DAL_CAR,6,CAR,Full Game,DAL,00-0036139,R.Dowdle,00-0036139,Rico Dowdle,RB,30,183.0,H,38,216.0,0.7894736842105263,0.8472222222222222
2025_06_DAL_CAR,6,CAR,Full Game,DAL,00-0036425,D.Dallas,00-0036425,DeeJay Dallas,RB,1,0.0,H,38,216.0,0.02631578947368421,0.0
2025_06_DAL_CAR,6,DAL,Full Game,CAR,00-0040586,J.Blue,00-0040586,Jaydon Blue,RB,3,0.0,A,19,31.0,0.15789473684210525,0.0
2025_06_DAL_CAR,6,CAR,Full Game,DAL,00-0040644,T.Etienne,00-0040644,Trevor Etienne,RB,3,17.0,H,38,216.0,0.07894736842105263,0.0787037037037037
2025_06_DEN_NYJ,6,DEN,Full Game,NYJ,00-0036158,J.Dobbins,00-0036158,J.K. Dobbins,RB,14,40.0,A,26,78.0,0.5384615384615384,0.5128205128205128
2025_06_DEN_NYJ,6,NYJ,Full Game,DEN,00-0038120,B.Hall,00-0038120,Breece Hall,RB,22,59.0,H,31,92.0,0.7096774193548387,0.6413043478260869
2025_06_DEN_NYJ,6,NYJ,Full Game,DEN,00-0039798,I.Davis,00-0039798,Isaiah Davis,RB,2,2.0,H,31,92.0,0.06451612903225806,0.021739130434782608
2025_06_DEN_NYJ,6,DEN,Full Game,NYJ,00-0040730,R.Harvey,00-0040730,RJ Harvey,RB,2,4.0,A,26,78.0,0.07692307692307693,0.05128205128205128
2025_06_DEN_NYJ,6,DEN,Full Game,NYJ,00-0036727,A.Prentice,00-0036727,Adam Prentice,RB,1,3.0,A,26,78.0,0.038461538461538464,0.038461538461538464
2025_06_DEN_NYJ,6,DEN,Full Game,NYJ,00-0038794,J.McLaughlin,00-0038794,Jaleel McLaughlin,RB,1,0.0,A,26,78.0,0.038461538461538464,0.0
2025_06_DET_KC,6,DET,Full Game,KC,00-0039139,J.Gibbs,00-0039139,Jahmyr Gibbs,RB,17,65.0,A,23,98.0,0.7391304347826086,0.6632653061224489
2025_06_DET_KC,6,KC,Full Game,DET,00-0037197,I.Pacheco,00-0037197,Isiah Pacheco,RB,12,51.0,H,29,112.0,0.41379310344827586,0.45535714285714285
2025_06_DET_KC,6,DET,Full Game,KC,00-0035685,D.Montgomery,00-0035685,David Montgomery,RB,4,24.0,A,23,98.0,0.17391304347826086,0.24489795918367346
2025_06_DET_KC,6,KC,Full Game,DET,00-0033923,K.Hunt,00-0033923,Kareem Hunt,RB,6,23.0,H,29,112.0,0.20689655172413793,0.20535714285714285
2025_06_LAC_MIA,6,MIA,Full Game,LAC,00-0039040,D.Achane,00-0039040,De'Von Achane,RB,16,128.0,H,21,137.0,0.7619047619047619,0.9343065693430657
2025_06_LAC_MIA,6,LAC,Full Game,MIA,00-0039391,K.Vidal,00-0039391,Kimani Vidal,RB,18,124.0,A,25,140.0,0.72,0.8857142857142857
2025_06_LAC_MIA,6,LAC,Full Game,MIA,00-0037617,H.Haskins,00-0037617,Hassan Haskins,RB,6,14.0,A,25,140.0,0.24,0.1
2025_06_LAC_MIA,6,MIA,Full Game,LAC,00-0040198,O.Gordon,00-0040198,Ollie Gordon II,RB,2,1.0,H,21,137.0,0.09523809523809523,0.0072992700729927005
2025_06_LAC_MIA,6,MIA,Full Game,LAC,00-0035125,A.Ingold,00-0035125,Alec Ingold,RB,1,3.0,H,21,137.0,0.047619047619047616,0.021897810218978103
2025_06_LA_BAL,6,BAL,Full Game,LA,00-0032764,D.Henry,00-0032764,Derrick Henry,RB,24,122.0,H,37,179.0,0.6486486486486487,0.6815642458100558
2025_06_LA_BAL,6,BAL,Full Game,LA,00-0034975,J.Hill,00-0034975,Justice Hill,RB,6,16.0,H,37,179.0,0.16216216216216217,0.0893854748603352
2025_06_LA_BAL,6,LA,Full Game,BAL,00-0037840,K.Williams,00-0037840,Kyren Williams,RB,13,50.0,A,23,74.0,0.5652173913043478,0.6756756756756757
2025_06_LA_BAL,6,LA,Full Game,BAL,00-0039738,B.Corum,00-0039738,Blake Corum,RB,5,23.0,A,23,74.0,0.21739130434782608,0.3108108108108108
2025_06_NE_NO,6,NO,Full Game,NE,00-0033906,A.Kamara,00-0033906,Alvin Kamara,RB,10,31.0,H,23,73.0,0.43478260869565216,0.4246575342465753
2025_06_NE_NO,6,NE,Full Game,NO,00-0036875,R.Stevenson,00-0036875,Rhamondre Stevenson,RB,13,18.0,A,31,73.0,0.41935483870967744,0.2465753424657534
2025_06_NE_NO,6,NO,Full Game,NE,00-0038551,K.Miller,00-0038551,Kendre Miller,RB,8,21.0,H,23,73.0,0.34782608695652173,0.2876712328767123
2025_06_NE_NO,6,NE,Full Game,NO,00-0040734,T.Henderson,00-0040734,TreVeyon Henderson,RB,9,27.0,A,31,73.0,0.2903225806451613,0.3698630136986301
2025_06_PHI_NYG,6,PHI,Full Game,NYG,00-0034844,S.Barkley,00-0034844,Saquon Barkley,RB,12,58.0,A,20,73.0,0.6,0.7945205479452054
2025_06_PHI_NYG,6,PHI,Full Game,NYG,00-0036265,A.Dillon,00-0036265,AJ Dillon,RB,1,2.0,A,20,73.0,0.05,0.0273972602739726
2025_06_PHI_NYG,6,NYG,Full Game,PHI,00-0040715,C.Skattebo,00-0040715,Cam Skattebo,RB,19,98.0,H,39,172.0,0.48717948717948717,0.5697674418604651
2025_06_PHI_NYG,6,NYG,Full Game,PHI,00-0035250,D.Singletary,00-0035250,Devin Singletary,RB,3,10.0,H,39,172.0,0.07692307692307693,0.05813953488372093
2025_06_PHI_NYG,6,NYG,Full Game,PHI,00-0039384,T.Tracy,00-0039384,Tyrone Tracy Jr.,RB,4,6.0,H,39,172.0,0.10256410256410256,0.03488372093023256
2025_06_SEA_JAX,6,JAX,Full Game,SEA,00-0040238,L.Allen,00-0040238,LeQuint Allen Jr.,RB,1,2.0,H,19,59.0,0.05263157894736842,0.03389830508474576
2025_06_SEA_JAX,6,SEA,Full Game,JAX,00-0038134,K.Walker,00-0038134,Kenneth Walker III,RB,10,34.0,A,26,60.0,0.38461538461538464,0.5666666666666667
2025_06_SEA_JAX,6,JAX,Full Game,SEA,00-0036973,T.Etienne,00-0036973,Travis Etienne,RB,12,27.0,H,19,59.0,0.631578947368421,0.4576271186440678
2025_06_SEA_JAX,6,JAX,Full Game,SEA,00-0040719,B.Tuten,00-0040719,Bhayshul Tuten,RB,2,14.0,H,19,59.0,0.10526315789473684,0.23728813559322035
2025_06_SEA_JAX,6,SEA,Full Game,JAX,00-0039165,Z.Charbonnet,00-0039165,Zach Charbonnet,RB,12,24.0,A,26,60.0,0.46153846153846156,0.4
2025_06_SF_TB,6,TB,Full Game,SF,00-0037256,R.White,00-0037256,Rachaad White,RB,17,65.0,H,26,104.0,0.6538461538461539,0.625
2025_06_SF_TB,6,SF,Full Game,TB,00-0033280,C.McCaffrey,00-0033280,Christian McCaffrey,RB,17,54.0,A,22,67.0,0.7727272727272727,0.8059701492537313
2025_06_SF_TB,6,TB,Full Game,SF,00-0038951,S.Tucker,00-0038951,Sean Tucker,RB,6,25.0,H,26,104.0,0.23076923076923078,0.2403846153846154
2025_06_TEN_LV,6,TEN,Full Game,LV,00-0035261,T.Pollard,00-0035261,Tony Pollard,RB,10,34.0,A,15,65.0,0.6666666666666666,0.5230769230769231
2025_06_TEN_LV,6,LV,Full Game,TEN,00-0040122,A.Jeanty,00-0040122,Ashton Jeanty,RB,23,75.0,H,32,68.0,0.71875,1.1029411764705883
2025_06_TEN_LV,6,LV,Full Game,TEN,00-0031687,R.Mostert,00-0031687,Raheem Mostert,RB,5,-4.0,H,32,68.0,0.15625,-0.058823529411764705
2025_06_TEN_LV,6,TEN,Full Game,LV,00-0039032,T.Spears,00-0039032,Tyjae Spears,RB,5,31.0,A,15,65.0,0.3333333333333333,0.47692307692307695
2025_07_ATL_SF,7,ATL,Full Game,SF,00-0038542,B.Robinson,00-0038542,Bijan Robinson,RB,14,40.0,A,20,62.0,0.7,0.6451612903225806
2025_07_ATL_SF,7,SF,Full Game,ATL,00-0033280,C.McCaffrey,00-0033280,Christian McCaffrey,RB,24,129.0,H,39,174.0,0.6153846153846154,0.7413793103448276
2025_07_ATL_SF,7,SF,Full Game,ATL,00-0037746,B.Robinson,00-0037746,Brian Robinson,RB,9,36.0,H,39,174.0,0.23076923076923078,0.20689655172413793
2025_07_ATL_SF,7,ATL,Full Game,SF,00-0037263,T.Allgeier,00-0037263,Tyler Allgeier,RB,4,16.0,A,20,62.0,0.2,0.25806451612903225
2025_07_ATL_SF,7,SF,Full Game,ATL,00-0029892,K.Juszczyk,00-0029892,Kyle Juszczyk,RB,1,-2.0,H,39,174.0,0.02564102564102564,-0.011494252873563218
2025_07_CAR_NYJ,7,NYJ,Full Game,CAR,00-0038120,B.Hall,00-0038120,Breece Hall,RB,11,38.0,H,20,81.0,0.55,0.4691358024691358
2025_07_CAR_NYJ,7,NYJ,Full Game,CAR,00-0039798,I.Davis,00-0039798,Isaiah Davis,RB,2,10.0,H,20,81.0,0.1,0.12345679012345678
2025_07_CAR_NYJ,7,CAR,Full Game,NYJ,00-0036555,C.Hubbard,00-0036555,Chuba Hubbard,RB,14,31.0,A,36,125.0,0.3888888888888889,0.248
2025_07_CAR_NYJ,7,CAR,Full Game,NYJ,00-0036139,R.Dowdle,00-0036139,Rico Dowdle,RB,17,79.0,A,36,125.0,0.4722222222222222,0.632
2025_07_GB_ARI,7,ARI,Full Game,GB,00-0037157,Z.Knight,00-0037157,Bam Knight,RB,14,57.0,H,28,94.0,0.5,0.6063829787234043
2025_07_GB_ARI,7,GB,Full Game,ARI,00-0035700,J.Jacobs,00-0035700,Josh Jacobs,RB,13,55.0,A,23,94.0,0.5652173913043478,0.5851063829787234
2025_07_GB_ARI,7,GB,Full Game,ARI,00-0038797,E.Wilson,00-0038797,Emanuel Wilson,RB,6,17.0,A,23,94.0,0.2608695652173913,0.18085106382978725
2025_07_GB_ARI,7,ARI,Full Game,GB,00-0036924,M.Carter,00-0036924,Michael Carter,RB,7,11.0,H,28,94.0,0.25,0.11702127659574468
2025_07_GB_ARI,7,ARI,Full Game,GB,00-0035628,D.Johnson,00-0035628,D'Ernest Johnson,RB,1,0.0,H,28,94.0,0.03571428571428571,0.0
2025_07_HOU_SEA,7,SEA,Full Game,HOU,00-0038134,K.Walker,00-0038134,Kenneth Walker III,RB,17,66.0,H,33,118.0,0.5151515151515151,0.559322033898305
2025_07_HOU_SEA,7,HOU,Full Game,SEA,00-0034791,N.Chubb,00-0034791,Nick Chubb,RB,5,16.0,A,17,56.0,0.29411764705882354,0.2857142857142857
2025_07_HOU_SEA,7,SEA,Full Game,HOU,00-0039165,Z.Charbonnet,00-0039165,Zach Charbonnet,RB,12,49.0,H,33,118.0,0.36363636363636365,0.4152542372881356
2025_07_HOU_SEA,7,HOU,Full Game,SEA,00-0040583,W.Marks,00-0040583,Woody Marks,RB,10,15.0,A,17,56.0,0.5882352941176471,0.26785714285714285
2025_07_IND_LAC,7,IND,Full Game,LAC,00-0036223,J.Taylor,00-0036223,Jonathan Taylor,RB,16,94.0,A,23,120.0,0.6956521739130435,0.7833333333333333
2025_07_IND_LAC,7,LAC,Full Game,IND,00-0039391,K.Vidal,00-0039391,Kimani Vidal,RB,9,20.0,H,16,54.0,0.5625,0.37037037037037035
2025_07_IND_LAC,7,LAC,Full Game,IND,00-0037617,H.Haskins,00-0037617,Hassan Haskins,RB,1,3.0,H,16,54.0,0.0625,0.05555555555555555
2025_07_IND_LAC,7,IND,Full Game,LAC,00-0032104,A.Abdullah,00-0032104,Ameer Abdullah,RB,2,19.0,A,23,120.0,0.08695652173913043,0.15833333333333333
2025_07_LA_JAX,7,JAX,Full Game,LA,00-0036973,T.Etienne,00-0036973,Travis Etienne,RB,8,44.0,H,19,94.0,0.42105263157894735,0.46808510638297873
2025_07_LA_JAX,7,LA,Full Game,JAX,00-0037840,K.Williams,00-0037840,Kyren Williams,RB,12,54.0,A,29,89.0,0.41379310344827586,0.6067415730337079
2025_07_LA_JAX,7,LA,Full Game,JAX,00-0039738,B.Corum,00-0039738,Blake Corum,RB,12,37.0,A,29,89.0,0.41379310344827586,0.4157303370786517
2025_07_LA_JAX,7,JAX,Full Game,LA,00-0040719,B.Tuten,00-0040719,Bhayshul Tuten,RB,5,22.0,H,19,94.0,0.2631578947368421,0.23404255319148937
2025_07_LV_KC,7,LV,Full Game,KC,00-0040122,A.Jeanty,00-0040122,Ashton Jeanty,RB,6,21.0,A,11,25.0,0.5454545454545454,0.84
2025_07_LV_KC,7,KC,Full Game,LV,00-0037197,I.Pacheco,00-0037197,Isiah Pacheco,RB,15,57.0,H,41,152.0,0.36585365853658536,0.375
2025_07_LV_KC,7,KC,Full Game,LV,00-0033923,K.Hunt,00-0033923,Kareem Hunt,RB,4,18.0,H,41,152.0,0.0975609756097561,0.11842105263157894
2025_07_LV_KC,7,KC,Full Game,LV,00-0040078,B.Smith,00-0040078,Brashard Smith,RB,14,39.0,H,41,152.0,0.34146341463414637,0.2565789473684211
2025_07_LV_KC,7,LV,Full Game,KC,00-0039407,D.Laube,00-0039407,Dylan Laube,RB,2,3.0,A,11,25.0,0.18181818181818182,0.12
2025_07_MIA_CLE,7,CLE,Full Game,MIA,00-0040784,Q.Judkins,00-0040784,Quinshon Judkins,RB,25,84.0,H,33,104.0,0.7575757575757576,0.8076923076923077
2025_07_MIA_CLE,7,CLE,Full Game,MIA,00-0037267,J.Ford,00-0037267,Jerome Ford,RB,1,0.0,H,33,104.0,0.030303030303030304,0.0
2025_07_MIA_CLE,7,MIA,Full Game,CLE,00-0039040,D.Achane,00-0039040,De'Von Achane,RB,13,82.0,A,22,99.0,0.5909090909090909,0.8282828282828283
2025_07_MIA_CLE,7,CLE,Full Game,MIA,00-0040162,D.Sampson,00-0040162,Dylan Sampson,RB,3,8.0,H,33,104.0,0.09090909090909091,0.07692307692307693
2025_07_MIA_CLE,7,MIA,Full Game,CLE,00-0040198,O.Gordon,00-0040198,Ollie Gordon II,RB,5,11.0,A,22,99.0,0.22727272727272727,0.1111111111111111
2025_07_NE_TEN,7,TEN,Full Game,NE,00-0035261,T.Pollard,00-0035261,Tony Pollard,RB,6,18.0,H,12,39.0,0.5,0.46153846153846156
2025_07_NE_TEN,7,NE,Full Game,TEN,00-0036875,R.Stevenson,00-0036875,Rhamondre Stevenson,RB,18,88.0,A,36,175.0,0.5,0.5028571428571429
2025_07_NE_TEN,7,TEN,Full Game,NE,00-0039032,T.Spears,00-0039032,Tyjae Spears,RB,5,22.0,H,12,39.0,0.4166666666666667,0.5641025641025641
2025_07_NE_TEN,7,NE,Full Game,TEN,00-0040734,T.Henderson,00-0040734,TreVeyon Henderson,RB,2,5.0,A,36,175.0,0.05555555555555555,0.02857142857142857
2025_07_NE_TEN,7,NE,Full Game,TEN,00-0039757,T.Jennings,00-0039757,Terrell Jennings,RB,5,18.0,A,36,175.0,0.1388888888888889,0.10285714285714286
2025_07_NO_CHI,7,CHI,Full Game,NO,00-0036275,D.Swift,00-0036275,D'Andre Swift,RB,19,124.0,H,40,222.0,0.475,0.5585585585585585
2025_07_NO_CHI,7,NO,Full Game,CHI,00-0033906,A.Kamara,00-0033906,Alvin Kamara,RB,11,28.0,A,17,44.0,0.6470588235294118,0.6363636363636364
2025_07_NO_CHI,7,CHI,Full Game,NO,00-0040236,K.Monangai,00-0040236,Kyle Monangai,RB,13,81.0,H,40,222.0,0.325,0.36486486486486486
2025_07_NO_CHI,7,NO,Full Game,CHI,00-0038551,K.Miller,00-0038551,Kendre Miller,RB,1,7.0,A,17,44.0,0.058823529411764705,0.1590909090909091
2025_07_NO_CHI,7,CHI,Full Game,NO,00-0039021,R.Johnson,00-0039021,Roschon Johnson,RB,1,11.0,H,40,222.0,0.025,0.04954954954954955
2025_07_NO_CHI,7,NO,Full Game,CHI,00-0040202,D.Neal,00-0040202,Devin Neal,RB,1,1.0,A,17,44.0,0.058823529411764705,0.022727272727272728
2025_07_NYG_DEN,7,NYG,Full Game,DEN,00-0040715,C.Skattebo,00-0040715,Cam Skattebo,RB,16,60.0,A,32,119.0,0.5,0.5042016806722689
2025_07_NYG_DEN,7,NYG,Full Game,DEN,00-0039384,T.Tracy,00-0039384,Tyrone Tracy Jr.,RB,9,46.0,A,32,119.0,0.28125,0.3865546218487395
2025_07_NYG_DEN,7,DEN,Full Game,NYG,00-0036158,J.Dobbins,00-0036158,J.K. Dobbins,RB,14,81.0,H,24,142.0,0.5833333333333334,0.5704225352112676
2025_07_NYG_DEN,7,DEN,Full Game,NYG,00-0040730,R.Harvey,00-0040730,RJ Harvey,RB,4,0.0,H,24,142.0,0.16666666666666666,0.0
2025_07_NYG_DEN,7,NYG,Full Game,DEN,00-0035250,D.Singletary,00-0035250,Devin Singletary,RB,2,2.0,A,32,119.0,0.0625,0.01680672268907563
2025_07_PHI_MIN,7,PHI,Full Game,MIN,00-0034844,S.Barkley,00-0034844,Saquon Barkley,RB,18,44.0,A,23,45.0,0.782608695652174,0.9777777777777777
2025_07_PHI_MIN,7,PHI,Full Game,MIN,00-0038555,T.Bigsby,00-0038555,Tank Bigsby,RB,1,11.0,A,23,45.0,0.043478260869565216,0.24444444444444444
2025_07_PHI_MIN,7,MIN,Full Game,PHI,00-0037525,J.Mason,00-0037525,Jordan Mason,RB,15,57.0,H,23,89.0,0.6521739130434783,0.6404494382022472
2025_07_PHI_MIN,7,MIN,Full Game,PHI,00-0038440,Z.Scott,00-0038440,Zavier Scott,RB,4,4.0,H,23,89.0,0.17391304347826086,0.0449438202247191
2025_07_PIT_CIN,7,PIT,Full Game,CIN,00-0037228,J.Warren,00-0037228,Jaylen Warren,RB,16,127.0,A,20,147.0,0.8,0.8639455782312925
2025_07_PIT_CIN,7,CIN,Full Game,PIT,00-0038597,C.Brown,00-0038597,Chase Brown,RB,11,108.0,H,23,142.0,0.4782608695652174,0.7605633802816901
2025_07_PIT_CIN,7,CIN,Full Game,PIT,00-0033526,S.Perine,00-0033526,Samaje Perine,RB,7,31.0,H,23,142.0,0.30434782608695654,0.21830985915492956
2025_07_PIT_CIN,7,PIT,Full Game,CIN,00-0036919,K.Gainwell,00-0036919,Kenneth Gainwell,RB,3,14.0,A,20,147.0,0.15,0.09523809523809523
2025_07_TB_DET,7,DET,Full Game,TB,00-0039139,J.Gibbs,00-0039139,Jahmyr Gibbs,RB,17,136.0,H,32,164.0,0.53125,0.8292682926829268
2025_07_TB_DET,7,TB,Full Game,DET,00-0037256,R.White,00-0037256,Rachaad White,RB,10,38.0,A,12,41.0,0.8333333333333334,0.926829268292683
2025_07_TB_DET,7,DET,Full Game,TB,00-0035685,D.Montgomery,00-0035685,David Montgomery,RB,13,21.0,H,32,164.0,0.40625,0.12804878048780488
2025_07_TB_DET,7,TB,Full Game,DET,00-0038951,S.Tucker,00-0038951,Sean Tucker,RB,1,4.0,A,12,41.0,0.08333333333333333,0.0975609756097561
2025_07_WAS_DAL,7,DAL,Full Game,WAS,00-0036997,J.Williams,00-0036997,Javonte Williams,RB,19,116.0,H,31,152.0,0.6129032258064516,0.7631578947368421
2025_07_WAS_DAL,7,WAS,Full Game,DAL,00-0040242,J.Croskey-Merritt,00-0040242,Jacory Croskey-Merritt,RB,13,33.0,A,28,136.0,0.4642857142857143,0.2426470588235294
2025_07_WAS_DAL,7,DAL,Full Game,WAS,00-0040586,J.Blue,00-0040586,Jaydon Blue,RB,7,29.0,H,31,152.0,0.22580645161290322,0.19078947368421054
2025_07_WAS_DAL,7,WAS,Full Game,DAL,00-0033955,J.McNichols,00-0033955,Jeremy McNichols,RB,2,22.0,A,28,136.0,0.07142857142857142,0.16176470588235295
2025_07_WAS_DAL,7,WAS,Full Game,DAL,00-0038611,C.Rodriguez,00-0038611,Chris Rodriguez Jr.,RB,3,12.0,A,28,136.0,0.10714285714285714,0.08823529411764706
2025_08_BUF_CAR,8,CAR,Full Game,BUF,00-0036555,C.Hubbard,00-0036555,Chuba Hubbard,RB,12,34.0,H,28,114.0,0.42857142857142855,0.2982456140350877
2025_08_BUF_CAR,8,BUF,Full Game,CAR,00-0037248,J.Cook,00-0037248,James Cook,RB,19,216.0,A,35,245.0,0.5428571428571428,0.8816326530612245
2025_08_BUF_CAR,8,BUF,Full Game,CAR,00-0035537,Ty.Johnson,00-0035537,Ty Johnson,RB,4,6.0,A,35,245.0,0.11428571428571428,0.024489795918367346
2025_08_BUF_CAR,8,CAR,Full Game,BUF,00-0036139,R.Dowdle,00-0036139,Rico Dowdle,RB,8,54.0,H,28,114.0,0.2857142857142857,0.47368421052631576
2025_08_BUF_CAR,8,BUF,Full Game,CAR,00-0039875,R.Davis,00-0039875,Ray Davis,RB,9,16.0,A,35,245.0,0.2571428571428571,0.0653061224489796
2025_08_BUF_CAR,8,CAR,Full Game,BUF,00-0040644,T.Etienne,00-0040644,Trevor Etienne,RB,4,16.0,H,28,114.0,0.14285714285714285,0.14035087719298245
2025_08_CHI_BAL,8,CHI,Full Game,BAL,00-0040236,K.Monangai,00-0040236,Kyle Monangai,RB,7,24.0,A,23,96.0,0.30434782608695654,0.25
2025_08_CHI_BAL,8,CHI,Full Game,BAL,00-0036275,D.Swift,00-0036275,D'Andre Swift,RB,11,45.0,A,23,96.0,0.4782608695652174,0.46875
2025_08_CHI_BAL,8,BAL,Full Game,CHI,00-0032764,D.Henry,00-0032764,Derrick Henry,RB,21,71.0,H,35,177.0,0.6,0.4011299435028249
2025_08_CHI_BAL,8,BAL,Full Game,CHI,00-0038454,K.Mitchell,00-0038454,Keaton Mitchell,RB,4,43.0,H,35,177.0,0.11428571428571428,0.24293785310734464
2025_08_CHI_BAL,8,BAL,Full Game,CHI,00-0034975,J.Hill,00-0034975,Justice Hill,RB,1,2.0,H,35,177.0,0.02857142857142857,0.011299435028248588
2025_08_CLE_NE,8,NE,Full Game,CLE,00-0036875,R.Stevenson,00-0036875,Rhamondre Stevenson,RB,14,34.0,H,35,177.0,0.4,0.192090395480226
2025_08_CLE_NE,8,NE,Full Game,CLE,00-0040734,T.Henderson,00-0040734,TreVeyon Henderson,RB,10,75.0,H,35,177.0,0.2857142857142857,0.423728813559322
2025_08_CLE_NE,8,CLE,Full Game,NE,00-0040784,Q.Judkins,00-0040784,Quinshon Judkins,RB,9,19.0,A,16,68.0,0.5625,0.27941176470588236
2025_08_CLE_NE,8,CLE,Full Game,NE,00-0040162,D.Sampson,00-0040162,Dylan Sampson,RB,3,0.0,A,16,68.0,0.1875,0.0
2025_08_CLE_NE,8,NE,Full Game,CLE,00-0039757,T.Jennings,00-0039757,Terrell Jennings,RB,2,15.0,H,35,177.0,0.05714285714285714,0.0847457627118644
2025_08_DAL_DEN,8,DEN,Full Game,DAL,00-0036158,J.Dobbins,00-0036158,J.K. Dobbins,RB,15,111.0,H,28,179.0,0.5357142857142857,0.6201117318435754
2025_08_DAL_DEN,8,DAL,Full Game,DEN,00-0036997,J.Williams,00-0036997,Javonte Williams,RB,13,41.0,A,31,108.0,0.41935483870967744,0.37962962962962965
2025_08_DAL_DEN,8,DEN,Full Game,DAL,00-0040730,R.Harvey,00-0040730,RJ Harvey,RB,7,46.0,H,28,179.0,0.25,0.2569832402234637
2025_08_DAL_DEN,8,DAL,Full Game,DEN,00-0040586,J.Blue,00-0040586,Jaydon Blue,RB,8,29.0,A,31,108.0,0.25806451612903225,0.26851851851851855
2025_08_DAL_DEN,8,DAL,Full Game,DEN,00-0038738,H.Luepke,00-0038738,Hunter Luepke,RB,1,2.0,A,31,108.0,0.03225806451612903,0.018518518518518517
2025_08_DAL_DEN,8,DEN,Full Game,DAL,00-0037085,T.Badie,00-0037085,Tyler Badie,RB,1,6.0,H,28,179.0,0.03571428571428571,0.0335195530726257
2025_08_DAL_DEN,8,DAL,Full Game,DEN,00-0037563,M.Davis,00-0037563,Malik Davis,RB,2,3.0,A,31,108.0,0.06451612903225806,0.027777777777777776
2025_08_GB_PIT,8,GB,Full Game,PIT,00-0035700,J.Jacobs,00-0035700,Josh Jacobs,RB,13,33.0,A,26,94.0,0.5,0.35106382978723405
2025_08_GB_PIT,8,PIT,Full Game,GB,00-0037228,J.Warren,00-0037228,Jaylen Warren,RB,13,62.0,H,18,93.0,0.7222222222222222,0.6666666666666666
2025_08_GB_PIT,8,GB,Full Game,PIT,00-0038797,E.Wilson,00-0038797,Emanuel Wilson,RB,11,61.0,A,26,94.0,0.4230769230769231,0.648936170212766
2025_08_GB_PIT,8,PIT,Full Game,GB,00-0036919,K.Gainwell,00-0036919,Kenneth Gainwell,RB,5,31.0,H,18,93.0,0.2777777777777778,0.3333333333333333
2025_08_MIA_ATL,8,MIA,Full Game,ATL,00-0039040,D.Achane,00-0039040,De'Von Achane,RB,18,67.0,A,37,141.0,0.4864864864864865,0.475177304964539
2025_08_MIA_ATL,8,ATL,Full Game,MIA,00-0038542,B.Robinson,00-0038542,Bijan Robinson,RB,9,25.0,H,17,45.0,0.5294117647058824,0.5555555555555556
2025_08_MIA_ATL,8,MIA,Full Game,ATL,00-0040198,O.Gordon,00-0040198,Ollie Gordon II,RB,10,46.0,A,37,141.0,0.2702702702702703,0.3262411347517731
2025_08_MIA_ATL,8,MIA,Full Game,ATL,00-0039874,J.Wright,00-0039874,Jaylen Wright,RB,9,28.0,A,37,141.0,0.24324324324324326,0.19858156028368795
2025_08_MIA_ATL,8,ATL,Full Game,MIA,00-0037263,T.Allgeier,00-0037263,Tyler Allgeier,RB,4,4.0,H,17,45.0,0.23529411764705882,0.08888888888888889
2025_08_MIA_ATL,8,ATL,Full Game,MIA,00-0040547,N.Carter,00-0040547,Nate Carter,RB,2,14.0,H,17,45.0,0.11764705882352941,0.3111111111111111
2025_08_MIN_LAC,8,MIN,Full Game,LAC,00-0033293,A.Jones,00-0033293,Aaron Jones,RB,5,15.0,A,11,34.0,0.45454545454545453,0.4411764705882353
2025_08_MIN_LAC,8,MIN,Full Game,LAC,00-0037525,J.Mason,00-0037525,Jordan Mason,RB,4,3.0,A,11,34.0,0.36363636363636365,0.08823529411764706
2025_08_MIN_LAC,8,LAC,Full Game,MIN,00-0039391,K.Vidal,00-0039391,Kimani Vidal,RB,23,117.0,H,43,207.0,0.5348837209302325,0.5652173913043478
2025_08_MIN_LAC,8,LAC,Full Game,MIN,00-0036755,J.Patterson,00-0036755,Jaret Patterson,RB,11,30.0,H,43,207.0,0.2558139534883721,0.14492753623188406
2025_08_MIN_LAC,8,LAC,Full Game,MIN,00-0034367,N.Miller-Hines,00-0034367,Nyheim Hines,RB,2,-2.0,H,43,207.0,0.046511627906976744,-0.00966183574879227
2025_08_MIN_LAC,8,MIN,Full Game,LAC,00-0038440,Z.Scott,00-0038440,Zavier Scott,RB,2,16.0,A,11,34.0,0.18181818181818182,0.47058823529411764
2025_08_NYG_PHI,8,PHI,Full Game,NYG,00-0034844,S.Barkley,00-0034844,Saquon Barkley,RB,14,150.0,H,33,276.0,0.42424242424242425,0.5434782608695652
2025_08_NYG_PHI,8,NYG,Full Game,PHI,00-0040715,C.Skattebo,00-0040715,Cam Skattebo,RB,3,12.0,A,21,68.0,0.14285714285714285,0.17647058823529413
2025_08_NYG_PHI,8,PHI,Full Game,NYG,00-0038555,T.Bigsby,00-0038555,Tank Bigsby,RB,9,104.0,H,33,276.0,0.2727272727272727,0.37681159420289856
2025_08_NYG_PHI,8,NYG,Full Game,PHI,00-0039384,T.Tracy,00-0039384,Tyrone Tracy Jr.,RB,10,39.0,A,21,68.0,0.47619047619047616,0.5735294117647058
2025_08_NYG_PHI,8,PHI,Full Game,NYG,00-0039746,W.Shipley,00-0039746,Will Shipley,RB,3,2.0,H,33,276.0,0.09090909090909091,0.007246376811594203
2025_08_NYG_PHI,8,NYG,Full Game,PHI,00-0035250,D.Singletary,00-0035250,Devin Singletary,RB,2,0.0,A,21,68.0,0.09523809523809523,0.0
2025_08_NYJ_CIN,8,CIN,Full Game,NYJ,00-0038597,C.Brown,00-0038597,Chase Brown,RB,12,73.0,H,23,181.0,0.5217391304347826,0.40331491712707185
2025_08_NYJ_CIN,8,CIN,Full Game,NYJ,00-0033526,S.Perine,00-0033526,Samaje Perine,RB,9,94.0,H,23,181.0,0.391304347826087,0.5193370165745856
2025_08_NYJ_CIN,8,NYJ,Full Game,CIN,00-0038120,B.Hall,00-0038120,Breece Hall,RB,18,133.0,A,37,254.0,0.4864864864864865,0.5236220472440944
2025_08_NYJ_CIN,8,NYJ,Full Game,CIN,00-0039798,I.Davis,00-0039798,Isaiah Davis,RB,7,65.0,A,37,254.0,0.1891891891891892,0.2559055118110236
2025_08_SF_HOU,8,HOU,Full Game,SF,00-0034791,N.Chubb,00-0034791,Nick Chubb,RB,17,56.0,H,36,157.0,0.4722222222222222,0.35668789808917195
2025_08_SF_HOU,8,HOU,Full Game,SF,00-0040583,W.Marks,00-0040583,Woody Marks,RB,11,62.0,H,36,157.0,0.3055555555555556,0.39490445859872614
2025_08_SF_HOU,8,SF,Full Game,HOU,00-0033280,C.McCaffrey,00-0033280,Christian McCaffrey,RB,8,25.0,A,10,48.0,0.8,0.5208333333333334
2025_08_SF_HOU,8,HOU,Full Game,SF,00-0033854,D.Ogunbowale,00-0033854,Dare Ogunbowale,RB,1,9.0,H,36,157.0,0.027777777777777776,0.05732484076433121
2025_08_TB_NO,8,NO,Full Game,TB,00-0033906,A.Kamara,00-0033906,Alvin Kamara,RB,6,21.0,H,15,48.0,0.4,0.4375
2025_08_TB_NO,8,TB,Full Game,NO,00-0037256,R.White,00-0037256,Rachaad White,RB,13,35.0,A,29,88.0,0.4482758620689655,0.3977272727272727
2025_08_TB_NO,8,TB,Full Game,NO,00-0038951,S.Tucker,00-0038951,Sean Tucker,RB,12,42.0,A,29,88.0,0.41379310344827586,0.4772727272727273
2025_08_TB_NO,8,TB,Full Game,NO,00-0040429,J.Williams,00-0040429,Josh Williams,RB,4,11.0,A,29,88.0,0.13793103448275862,0.125
2025_08_TEN_IND,8,IND,Full Game,TEN,00-0036223,J.Taylor,00-0036223,Jonathan Taylor,RB,12,153.0,H,18,164.0,0.6666666666666666,0.9329268292682927
2025_08_TEN_IND,8,TEN,Full Game,IND,00-0035261,T.Pollard,00-0035261,Tony Pollard,RB,11,44.0,A,25,113.0,0.44,0.3893805309734513
2025_08_TEN_IND,8,TEN,Full Game,IND,00-0039032,T.Spears,00-0039032,Tyjae Spears,RB,9,59.0,A,25,113.0,0.36,0.5221238938053098
2025_08_TEN_IND,8,IND,Full Game,TEN,00-0032104,A.Abdullah,00-0032104,Ameer Abdullah,RB,2,5.0,H,18,164.0,0.1111111111111111,0.03048780487804878
2025_08_TEN_IND,8,IND,Full Game,TEN,00-0037120,T.Goodson,00-0037120,Tyler Goodson,RB,2,2.0,H,18,164.0,0.1111111111111111,0.012195121951219513
2025_08_TEN_IND,8,TEN,Full Game,IND,00-0037594,J.Chestnut,00-0037594,Julius Chestnut,RB,2,5.0,A,25,113.0,0.08,0.04424778761061947
2025_08_WAS_KC,8,WAS,Full Game,KC,00-0040242,J.Croskey-Merritt,00-0040242,Jacory Croskey-Merritt,RB,9,25.0,A,20,60.0,0.45,0.4166666666666667
2025_08_WAS_KC,8,KC,Full Game,WAS,00-0037197,I.Pacheco,00-0037197,Isiah Pacheco,RB,12,58.0,H,30,148.0,0.4,0.3918918918918919
2025_08_WAS_KC,8,KC,Full Game,WAS,00-0033923,K.Hunt,00-0033923,Kareem Hunt,RB,9,40.0,H,30,148.0,0.3,0.2702702702702703
2025_08_WAS_KC,8,KC,Full Game,WAS,00-0040078,B.Smith,00-0040078,Brashard Smith,RB,3,8.0,H,30,148.0,0.1,0.05405405405405406
2025_08_WAS_KC,8,WAS,Full Game,KC,00-0038611,C.Rodriguez,00-0038611,Chris Rodriguez Jr.,RB,1,2.0,A,20,60.0,0.05,0.03333333333333333
2025_08_WAS_KC,8,WAS,Full Game,KC,00-0033955,J.McNichols,00-0033955,Jeremy McNichols,RB,1,4.0,A,20,60.0,0.05,0.06666666666666667
2025_09_ARI_DAL,9,DAL,Full Game,ARI,00-0036997,J.Williams,00-0036997,Javonte Williams,RB,15,83.0,H,21,123.0,0.7142857142857143,0.6747967479674797
2025_09_ARI_DAL,9,ARI,Full Game,DAL,00-0038705,E.Demercado,00-0038705,Emari Demercado,RB,14,79.0,A,29,119.0,0.4827586206896552,0.6638655462184874
2025_09_ARI_DAL,9,ARI,Full Game,DAL,00-0037157,Z.Knight,00-0037157,Bam Knight,RB,9,27.0,A,29,119.0,0.3103448275862069,0.226890756302521
2025_09_ARI_DAL,9,DAL,Full Game,ARI,00-0037563,M.Davis,00-0037563,Malik Davis,RB,1,3.0,H,21,123.0,0.047619047619047616,0.024390243902439025
2025_09_ATL_NE,9,NE,Full Game,ATL,00-0040734,T.Henderson,00-0040734,TreVeyon Henderson,RB,14,55.0,H,33,110.0,0.42424242424242425,0.5
2025_09_ATL_NE,9,NE,Full Game,ATL,00-0039757,T.Jennings,00-0039757,Terrell Jennings,RB,11,35.0,H,33,110.0,0.3333333333333333,0.3181818181818182
2025_09_ATL_NE,9,ATL,Full Game,NE,00-0038542,B.Robinson,00-0038542,Bijan Robinson,RB,12,46.0,A,16,71.0,0.75,0.647887323943662
2025_09_ATL_NE,9,ATL,Full Game,NE,00-0037263,T.Allgeier,00-0037263,Tyler Allgeier,RB,2,6.0,A,16,71.0,0.125,0.08450704225352113
2025_09_BAL_MIA,9,MIA,Full Game,BAL,00-0039040,D.Achane,00-0039040,De'Von Achane,RB,14,67.0,H,20,87.0,0.7,0.7701149425287356
2025_09_BAL_MIA,9,BAL,Full Game,MIA,00-0032764,D.Henry,00-0032764,Derrick Henry,RB,19,119.0,A,31,150.0,0.6129032258064516,0.7933333333333333
2025_09_BAL_MIA,9,MIA,Full Game,BAL,00-0040198,O.Gordon,00-0040198,Ollie Gordon II,RB,2,6.0,H,20,87.0,0.1,0.06896551724137931
2025_09_BAL_MIA,9,BAL,Full Game,MIA,00-0038454,K.Mitchell,00-0038454,Keaton Mitchell,RB,4,11.0,A,31,150.0,0.12903225806451613,0.07333333333333333
2025_09_BAL_MIA,9,BAL,Full Game,MIA,00-0034975,J.Hill,00-0034975,Justice Hill,RB,1,2.0,A,31,150.0,0.03225806451612903,0.013333333333333334
2025_09_CAR_GB,9,CAR,Full Game,GB,00-0036139,R.Dowdle,00-0036139,Rico Dowdle,RB,25,130.0,A,33,163.0,0.7575757575757576,0.7975460122699386
2025_09_CAR_GB,9,GB,Full Game,CAR,00-0035700,J.Jacobs,00-0035700,Josh Jacobs,RB,17,87.0,H,25,104.0,0.68,0.8365384615384616
2025_09_CAR_GB,9,GB,Full Game,CAR,00-0038797,E.Wilson,00-0038797,Emanuel Wilson,RB,6,16.0,H,25,104.0,0.24,0.15384615384615385
2025_09_CAR_GB,9,CAR,Full Game,GB,00-0036555,C.Hubbard,00-0036555,Chuba Hubbard,RB,5,17.0,A,33,163.0,0.15151515151515152,0.10429447852760736
2025_09_CHI_CIN,9,CHI,Full Game,CIN,00-0040236,K.Monangai,00-0040236,Kyle Monangai,RB,26,176.0,A,37,283.0,0.7027027027027027,0.6219081272084805
2025_09_CHI_CIN,9,CIN,Full Game,CHI,00-0038597,C.Brown,00-0038597,Chase Brown,RB,11,37.0,H,15,46.0,0.7333333333333333,0.8043478260869565
2025_09_CHI_CIN,9,CIN,Full Game,CHI,00-0033526,S.Perine,00-0033526,Samaje Perine,RB,1,5.0,H,15,46.0,0.06666666666666667,0.10869565217391304
2025_09_CHI_CIN,9,CHI,Full Game,CIN,00-0037329,B.Brown,00-0037329,Brittain Brown,RB,5,37.0,A,37,283.0,0.13513513513513514,0.13074204946996468
2025_09_CHI_CIN,9,CIN,Full Game,CHI,00-0040208,T.Brooks,00-0040208,Tahj Brooks,RB,1,1.0,H,15,46.0,0.06666666666666667,0.021739130434782608
2025_09_DEN_HOU,9,HOU,Full Game,DEN,00-0034791,N.Chubb,00-0034791,Nick Chubb,RB,11,34.0,H,28,77.0,0.39285714285714285,0.44155844155844154
2025_09_DEN_HOU,9,HOU,Full Game,DEN,00-0040583,W.Marks,00-0040583,Woody Marks,RB,10,27.0,H,28,77.0,0.35714285714285715,0.35064935064935066
2025_09_DEN_HOU,9,DEN,Full Game,HOU,00-0036158,J.Dobbins,00-0036158,J.K. Dobbins,RB,15,61.0,A,23,100.0,0.6521739130434783,0.61
2025_09_DEN_HOU,9,DEN,Full Game,HOU,00-0040730,R.Harvey,00-0040730,RJ Harvey,RB,2,5.0,A,23,100.0,0.08695652173913043,0.05
2025_09_DEN_HOU,9,HOU,Full Game,DEN,00-0039603,B.Brooks,00-0039603,British Brooks,RB,2,0.0,H,28,77.0,0.07142857142857142,0.0
2025_09_DEN_HOU,9,DEN,Full Game,HOU,00-0036727,A.Prentice,00-0036727,Adam Prentice,RB,1,2.0,A,23,100.0,0.043478260869565216,0.02
2025_09_IND_PIT,9,IND,Full Game,PIT,00-0036223,J.Taylor,00-0036223,Jonathan Taylor,RB,14,45.0,A,19,55.0,0.7368421052631579,0.8181818181818182
2025_09_IND_PIT,9,PIT,Full Game,IND,00-0037228,J.Warren,00-0037228,Jaylen Warren,RB,16,31.0,H,23,38.0,0.6956521739130435,0.8157894736842105
2025_09_IND_PIT,9,IND,Full Game,PIT,00-0032104,A.Abdullah,00-0032104,Ameer Abdullah,RB,1,3.0,A,19,55.0,0.05263157894736842,0.05454545454545454
2025_09_IND_PIT,9,PIT,Full Game,IND,00-0036919,K.Gainwell,00-0036919,Kenneth Gainwell,RB,3,-1.0,H,23,38.0,0.13043478260869565,-0.02631578947368421
2025_09_IND_PIT,9,PIT,Full Game,IND,00-0040142,K.Johnson,00-0040142,Kaleb Johnson,RB,1,4.0,H,23,38.0,0.043478260869565216,0.10526315789473684
2025_09_JAX_LV,9,JAX,Full Game,LV,00-0036973,T.Etienne,00-0036973,Travis Etienne,RB,22,84.0,A,42,151.0,0.5238095238095238,0.5562913907284768
2025_09_JAX_LV,9,LV,Full Game,JAX,00-0040122,A.Jeanty,00-0040122,Ashton Jeanty,RB,13,42.0,H,19,57.0,0.6842105263157895,0.7368421052631579
2025_09_JAX_LV,9,JAX,Full Game,LV,00-0040719,B.Tuten,00-0040719,Bhayshul Tuten,RB,9,29.0,A,42,151.0,0.21428571428571427,0.19205298013245034
2025_09_JAX_LV,9,JAX,Full Game,LV,00-0040238,L.Allen,00-0040238,LeQuint Allen Jr.,RB,1,10.0,A,42,151.0,0.023809523809523808,0.06622516556291391
2025_09_KC_BUF,9,BUF,Full Game,KC,00-0037248,J.Cook,00-0037248,James Cook,RB,27,114.0,H,35,141.0,0.7714285714285715,0.8085106382978723
2025_09_KC_BUF,9,KC,Full Game,BUF,00-0033923,K.Hunt,00-0033923,Kareem Hunt,RB,11,49.0,A,20,79.0,0.55,0.620253164556962
2025_09_KC_BUF,9,KC,Full Game,BUF,00-0040078,B.Smith,00-0040078,Brashard Smith,RB,3,7.0,A,20,79.0,0.15,0.08860759493670886
2025_09_KC_BUF,9,KC,Full Game,BUF,00-0036360,C.Edwards-Helaire,00-0036360,Clyde Edwards-Helaire,RB,2,5.0,A,20,79.0,0.1,0.06329113924050633
2025_09_KC_BUF,9,BUF,Full Game,KC,00-0035537,Ty.Johnson,00-0035537,Ty Johnson,RB,2,8.0,H,35,141.0,0.05714285714285714,0.05673758865248227
2025_09_LAC_TEN,9,TEN,Full Game,LAC,00-0035261,T.Pollard,00-0035261,Tony Pollard,RB,10,56.0,H,19,88.0,0.5263157894736842,0.6363636363636364
2025_09_LAC_TEN,9,LAC,Full Game,TEN,00-0039391,K.Vidal,00-0039391,Kimani Vidal,RB,12,30.0,A,30,131.0,0.4,0.22900763358778625
2025_09_LAC_TEN,9,TEN,Full Game,LAC,00-0039032,T.Spears,00-0039032,Tyjae Spears,RB,7,26.0,H,19,88.0,0.3684210526315789,0.29545454545454547
2025_09_LAC_TEN,9,LAC,Full Game,TEN,00-0036755,J.Patterson,00-0036755,Jaret Patterson,RB,9,44.0,A,30,131.0,0.3,0.33587786259541985
2025_09_MIN_DET,9,DET,Full Game,MIN,00-0039139,J.Gibbs,00-0039139,Jahmyr Gibbs,RB,9,25.0,H,20,65.0,0.45,0.38461538461538464
2025_09_MIN_DET,9,MIN,Full Game,DET,00-0033293,A.Jones,00-0033293,Aaron Jones,RB,9,78.0,A,29,142.0,0.3103448275862069,0.5492957746478874
2025_09_MIN_DET,9,DET,Full Game,MIN,00-0035685,D.Montgomery,00-0035685,David Montgomery,RB,11,40.0,H,20,65.0,0.55,0.6153846153846154
2025_09_MIN_DET,9,MIN,Full Game,DET,00-0037525,J.Mason,00-0037525,Jordan Mason,RB,10,36.0,A,29,142.0,0.3448275862068966,0.2535211267605634
2025_09_NO_LA,9,NO,Full Game,LA,00-0033906,A.Kamara,00-0033906,Alvin Kamara,RB,6,14.0,A,14,57.0,0.42857142857142855,0.24561403508771928
2025_09_NO_LA,9,LA,Full Game,NO,00-0037840,K.Williams,00-0037840,Kyren Williams,RB,25,114.0,H,43,171.0,0.5813953488372093,0.6666666666666666
2025_09_NO_LA,9,LA,Full Game,NO,00-0039738,B.Corum,00-0039738,Blake Corum,RB,13,58.0,H,43,171.0,0.3023255813953488,0.3391812865497076
2025_09_NO_LA,9,NO,Full Game,LA,00-0040202,D.Neal,00-0040202,Devin Neal,RB,3,11.0,A,14,57.0,0.21428571428571427,0.19298245614035087
2025_09_SEA_WAS,9,SEA,Full Game,WAS,00-0038134,K.Walker,00-0038134,Kenneth Walker III,RB,11,42.0,A,24,88.0,0.4583333333333333,0.4772727272727273
2025_09_SEA_WAS,9,WAS,Full Game,SEA,00-0040242,J.Croskey-Merritt,00-0040242,Jacory Croskey-Merritt,RB,12,38.0,H,36,157.0,0.3333333333333333,0.24203821656050956
2025_09_SEA_WAS,9,WAS,Full Game,SEA,00-0033955,J.McNichols,00-0033955,Jeremy McNichols,RB,1,0.0,H,36,157.0,0.027777777777777776,0.0
2025_09_SEA_WAS,9,SEA,Full Game,WAS,00-0039165,Z.Charbonnet,00-0039165,Zach Charbonnet,RB,8,25.0,A,24,88.0,0.3333333333333333,0.2840909090909091
2025_09_SEA_WAS,9,WAS,Full Game,SEA,00-0038611,C.Rodriguez,00-0038611,Chris Rodriguez Jr.,RB,12,65.0,H,36,157.0,0.3333333333333333,0.4140127388535032
2025_09_SEA_WAS,9,SEA,Full Game,WAS,00-0039299,G.Holani,00-0039299,George Holani,RB,3,9.0,A,24,88.0,0.125,0.10227272727272728
2025_09_SF_NYG,9,NYG,Full Game,SF,00-0039384,T.Tracy,00-0039384,Tyrone Tracy Jr.,RB,5,18.0,H,21,117.0,0.23809523809523808,0.15384615384615385
2025_09_SF_NYG,9,NYG,Full Game,SF,00-0035250,D.Singletary,00-0035250,Devin Singletary,RB,8,43.0,H,21,117.0,0.38095238095238093,0.36752136752136755
2025_09_SF_NYG,9,SF,Full Game,NYG,00-0033280,C.McCaffrey,00-0033280,Christian McCaffrey,RB,28,106.0,A,39,159.0,0.717948717948718,0.6666666666666666
2025_09_SF_NYG,9,SF,Full Game,NYG,00-0037746,B.Robinson,00-0037746,Brian Robinson,RB,5,53.0,A,39,159.0,0.1282051282051282,0.3333333333333333
2025_10_ARI_SEA,10,SEA,Full Game,ARI,00-0039165,Z.Charbonnet,00-0039165,Zach Charbonnet,RB,14,83.0,H,46,198.0,0.30434782608695654,0.41919191919191917
2025_10_ARI_SEA,10,SEA,Full Game,ARI,00-0038134,K.Walker,00-0038134,Kenneth Walker III,RB,14,67.0,H,46,198.0,0.30434782608695654,0.3383838383838384
2025_10_ARI_SEA,10,ARI,Full Game,SEA,00-0037157,Z.Knight,00-0037157,Bam Knight,RB,10,28.0,A,23,129.0,0.43478260869565216,0.21705426356589147
2025_10_ARI_SEA,10,SEA,Full Game,ARI,00-0039299,G.Holani,00-0039299,George Holani,RB,7,31.0,H,46,198.0,0.15217391304347827,0.15656565656565657
2025_10_ARI_SEA,10,ARI,Full Game,SEA,00-0038705,E.Demercado,00-0038705,Emari Demercado,RB,4,64.0,A,23,129.0,0.17391304347826086,0.49612403100775193
2025_10_ARI_SEA,10,ARI,Full Game,SEA,00-0036924,M.Carter,00-0036924,Michael Carter,RB,3,4.0,A,23,129.0,0.13043478260869565,0.031007751937984496
2025_10_ATL_IND,10,IND,Full Game,ATL,00-0036223,J.Taylor,00-0036223,Jonathan Taylor,RB,32,244.0,H,41,323.0,0.7804878048780488,0.7554179566563467
2025_10_ATL_IND,10,ATL,Full Game,IND,00-0038542,B.Robinson,00-0038542,Bijan Robinson,RB,17,84.0,A,29,140.0,0.5862068965517241,0.6
2025_10_ATL_IND,10,ATL,Full Game,IND,00-0037263,T.Allgeier,00-0037263,Tyler Allgeier,RB,11,57.0,A,29,140.0,0.3793103448275862,0.40714285714285714
2025_10_ATL_IND,10,IND,Full Game,ATL,00-0037120,T.Goodson,00-0037120,Tyler Goodson,RB,1,4.0,H,41,323.0,0.024390243902439025,0.01238390092879257
2025_10_BAL_MIN,10,MIN,Full Game,BAL,00-0033293,A.Jones,00-0033293,Aaron Jones,RB,9,47.0,H,18,120.0,0.5,0.39166666666666666
2025_10_BAL_MIN,10,BAL,Full Game,MIN,00-0032764,D.Henry,00-0032764,Derrick Henry,RB,20,75.0,A,36,152.0,0.5555555555555556,0.4934210526315789
2025_10_BAL_MIN,10,MIN,Full Game,BAL,00-0037525,J.Mason,00-0037525,Jordan Mason,RB,4,25.0,H,18,120.0,0.2222222222222222,0.20833333333333334
2025_10_BAL_MIN,10,BAL,Full Game,MIN,00-0038454,K.Mitchell,00-0038454,Keaton Mitchell,RB,4,31.0,A,36,152.0,0.1111111111111111,0.20394736842105263
2025_10_BAL_MIN,10,BAL,Full Game,MIN,00-0034975,J.Hill,00-0034975,Justice Hill,RB,1,1.0,A,36,152.0,0.027777777777777776,0.006578947368421052
2025_10_BAL_MIN,10,BAL,Full Game,MIN,00-0033376,P.Ricard,00-0033376,Patrick Ricard,RB,1,3.0,A,36,152.0,0.027777777777777776,0.019736842105263157
2025_10_BUF_MIA,10,BUF,Full Game,MIA,00-0037248,J.Cook,00-0037248,James Cook,RB,13,53.0,A,22,87.0,0.5909090909090909,0.6091954022988506
2025_10_BUF_MIA,10,MIA,Full Game,BUF,00-0039040,D.Achane,00-0039040,De'Von Achane,RB,22,174.0,H,32,197.0,0.6875,0.883248730964467
2025_10_BUF_MIA,10,MIA,Full Game,BUF,00-0039874,J.Wright,00-0039874,Jaylen Wright,RB,5,17.0,H,32,197.0,0.15625,0.08629441624365482
2025_10_BUF_MIA,10,MIA,Full Game,BUF,00-0035125,A.Ingold,00-0035125,Alec Ingold,RB,1,6.0,H,32,197.0,0.03125,0.030456852791878174
2025_10_BUF_MIA,10,MIA,Full Game,BUF,00-0040198,O.Gordon,00-0040198,Ollie Gordon II,RB,1,-3.0,H,32,197.0,0.03125,-0.015228426395939087
2025_10_BUF_MIA,10,BUF,Full Game,MIA,00-0035537,Ty.Johnson,00-0035537,Ty Johnson,RB,1,2.0,A,22,87.0,0.045454545454545456,0.022988505747126436
2025_10_BUF_MIA,10,BUF,Full Game,MIA,00-0039875,R.Davis,00-0039875,Ray Davis,RB,2,-2.0,A,22,87.0,0.09090909090909091,-0.022988505747126436
2025_10_CLE_NYJ,10,CLE,Full Game,NYJ,00-0040784,Q.Judkins,00-0040784,Quinshon Judkins,RB,22,75.0,A,32,158.0,0.6875,0.47468354430379744
2025_10_CLE_NYJ,10,NYJ,Full Game,CLE,00-0038120,B.Hall,00-0038120,Breece Hall,RB,21,83.0,H,33,127.0,0.6363636363636364,0.6535433070866141
2025_10_CLE_NYJ,10,CLE,Full Game,NYJ,00-0040162,D.Sampson,00-0040162,Dylan Sampson,RB,2,-4.0,A,32,158.0,0.0625,-0.02531645569620253
2025_10_CLE_NYJ,10,NYJ,Full Game,CLE,00-0039798,I.Davis,00-0039798,Isaiah Davis,RB,3,10.0,H,33,127.0,0.09090909090909091,0.07874015748031496
2025_10_CLE_NYJ,10,CLE,Full Game,NYJ,00-0037267,J.Ford,00-0037267,Jerome Ford,RB,1,1.0,A,32,158.0,0.03125,0.006329113924050633
2025_10_DET_WAS,10,WAS,Full Game,DET,00-0038611,C.Rodriguez,00-0038611,Chris Rodriguez Jr.,RB,6,16.0,H,27,93.0,0.2222222222222222,0.17204301075268819
2025_10_DET_WAS,10,DET,Full Game,WAS,00-0039139,J.Gibbs,00-0039139,Jahmyr Gibbs,RB,15,142.0,A,33,226.0,0.45454545454545453,0.6283185840707964
2025_10_DET_WAS,10,DET,Full Game,WAS,00-0035685,D.Montgomery,00-0035685,David Montgomery,RB,15,71.0,A,33,226.0,0.45454545454545453,0.3141592920353982
2025_10_DET_WAS,10,WAS,Full Game,DET,00-0033955,J.McNichols,00-0033955,Jeremy McNichols,RB,5,25.0,H,27,93.0,0.18518518518518517,0.26881720430107525
2025_10_DET_WAS,10,WAS,Full Game,DET,00-0040242,J.Croskey-Merritt,00-0040242,Jacory Croskey-Merritt,RB,11,30.0,H,27,93.0,0.4074074074074074,0.3225806451612903
2025_10_DET_WAS,10,DET,Full Game,WAS,00-0039364,S.Vaki,00-0039364,Sione Vaki,RB,1,4.0,A,33,226.0,0.030303030303030304,0.017699115044247787
2025_10_JAX_HOU,10,JAX,Full Game,HOU,00-0036973,T.Etienne,00-0036973,Travis Etienne,RB,16,58.0,A,27,94.0,0.5925925925925926,0.6170212765957447
2025_10_JAX_HOU,10,HOU,Full Game,JAX,00-0040583,W.Marks,00-0040583,Woody Marks,RB,14,63.0,H,22,130.0,0.6363636363636364,0.4846153846153846
2025_10_JAX_HOU,10,HOU,Full Game,JAX,00-0034791,N.Chubb,00-0034791,Nick Chubb,RB,5,47.0,H,22,130.0,0.22727272727272727,0.36153846153846153
2025_10_JAX_HOU,10,JAX,Full Game,HOU,00-0040719,B.Tuten,00-0040719,Bhayshul Tuten,RB,4,5.0,A,27,94.0,0.14814814814814814,0.05319148936170213
2025_10_LA_SF,10,LA,Full Game,SF,00-0037840,K.Williams,00-0037840,Kyren Williams,RB,14,73.0,A,30,126.0,0.4666666666666667,0.5793650793650794
2025_10_LA_SF,10,SF,Full Game,LA,00-0033280,C.McCaffrey,00-0033280,Christian McCaffrey,RB,12,30.0,H,21,74.0,0.5714285714285714,0.40540540540540543
2025_10_LA_SF,10,LA,Full Game,SF,00-0039738,B.Corum,00-0039738,Blake Corum,RB,13,56.0,A,30,126.0,0.43333333333333335,0.4444444444444444
2025_10_LA_SF,10,SF,Full Game,LA,00-0037746,B.Robinson,00-0037746,Brian Robinson,RB,8,41.0,H,21,74.0,0.38095238095238093,0.5540540540540541
2025_10_LV_DEN,10,LV,Full Game,DEN,00-0040122,A.Jeanty,00-0040122,Ashton Jeanty,RB,19,60.0,A,25,74.0,0.76,0.8108108108108109
2025_10_LV_DEN,10,DEN,Full Game,LV,00-0036158,J.Dobbins,00-0036158,J.K. Dobbins,RB,18,77.0,H,27,84.0,0.6666666666666666,0.9166666666666666
2025_10_LV_DEN,10,DEN,Full Game,LV,00-0040730,R.Harvey,00-0040730,RJ Harvey,RB,4,9.0,H,27,84.0,0.14814814814814814,0.10714285714285714
2025_10_LV_DEN,10,LV,Full Game,DEN,00-0031687,R.Mostert,00-0031687,Raheem Mostert,RB,1,4.0,A,25,74.0,0.04,0.05405405405405406
2025_10_NE_TB,10,TB,Full Game,NE,00-0037256,R.White,00-0037256,Rachaad White,RB,10,38.0,H,21,113.0,0.47619047619047616,0.336283185840708
2025_10_NE_TB,10,TB,Full Game,NE,00-0038951,S.Tucker,00-0038951,Sean Tucker,RB,9,53.0,H,21,113.0,0.42857142857142855,0.4690265486725664
2025_10_NE_TB,10,NE,Full Game,TB,00-0039757,T.Jennings,00-0039757,Terrell Jennings,RB,4,5.0,A,27,166.0,0.14814814814814814,0.030120481927710843
2025_10_NE_TB,10,NE,Full Game,TB,00-0040734,T.Henderson,00-0040734,TreVeyon Henderson,RB,14,147.0,A,27,166.0,0.5185185185185185,0.8855421686746988
2025_10_NE_TB,10,NE,Full Game,TB,00-0035628,D.Johnson,00-0035628,D'Ernest Johnson,RB,1,1.0,A,27,166.0,0.037037037037037035,0.006024096385542169
2025_10_NO_CAR,10,CAR,Full Game,NO,00-0036139,R.Dowdle,00-0036139,Rico Dowdle,RB,18,53.0,H,23,73.0,0.782608695652174,0.726027397260274
2025_10_NO_CAR,10,NO,Full Game,CAR,00-0033906,A.Kamara,00-0033906,Alvin Kamara,RB,22,83.0,A,37,122.0,0.5945945945945946,0.680327868852459
2025_10_NO_CAR,10,NO,Full Game,CAR,00-0040202,D.Neal,00-0040202,Devin Neal,RB,4,22.0,A,37,122.0,0.10810810810810811,0.18032786885245902
2025_10_NO_CAR,10,CAR,Full Game,NO,00-0036555,C.Hubbard,00-0036555,Chuba Hubbard,RB,3,14.0,H,23,73.0,0.13043478260869565,0.1917808219178082
2025_10_NYG_CHI,10,CHI,Full Game,NYG,00-0036275,D.Swift,00-0036275,D'Andre Swift,RB,13,80.0,H,28,171.0,0.4642857142857143,0.4678362573099415
2025_10_NYG_CHI,10,NYG,Full Game,CHI,00-0039384,T.Tracy,00-0039384,Tyrone Tracy Jr.,RB,14,71.0,A,30,169.0,0.4666666666666667,0.42011834319526625
2025_10_NYG_CHI,10,CHI,Full Game,NYG,00-0040236,K.Monangai,00-0040236,Kyle Monangai,RB,7,28.0,H,28,171.0,0.25,0.16374269005847952
2025_10_NYG_CHI,10,NYG,Full Game,CHI,00-0035250,D.Singletary,00-0035250,Devin Singletary,RB,8,20.0,A,30,169.0,0.26666666666666666,0.11834319526627218
2025_10_PHI_GB,10,GB,Full Game,PHI,00-0035700,J.Jacobs,00-0035700,Josh Jacobs,RB,21,74.0,H,27,104.0,0.7777777777777778,0.7115384615384616
2025_10_PHI_GB,10,PHI,Full Game,GB,00-0034844,S.Barkley,00-0034844,Saquon Barkley,RB,22,60.0,A,34,111.0,0.6470588235294118,0.5405405405405406
2025_10_PHI_GB,10,PHI,Full Game,GB,00-0038555,T.Bigsby,00-0038555,Tank Bigsby,RB,3,7.0,A,34,111.0,0.08823529411764706,0.06306306306306306
2025_10_PHI_GB,10,PHI,Full Game,GB,00-0039746,W.Shipley,00-0039746,Will Shipley,RB,4,17.0,A,34,111.0,0.11764705882352941,0.15315315315315314
2025_10_PHI_GB,10,GB,Full Game,PHI,00-0038797,E.Wilson,00-0038797,Emanuel Wilson,RB,1,2.0,H,27,104.0,0.037037037037037035,0.019230769230769232
2025_10_PIT_LAC,10,LAC,Full Game,PIT,00-0039391,K.Vidal,00-0039391,Kimani Vidal,RB,25,95.0,H,31,115.0,0.8064516129032258,0.8260869565217391
2025_10_PIT_LAC,10,PIT,Full Game,LAC,00-0037228,J.Warren,00-0037228,Jaylen Warren,RB,14,70.0,A,16,73.0,0.875,0.958904109589041
2025_10_PIT_LAC,10,LAC,Full Game,PIT,00-0036755,J.Patterson,00-0036755,Jaret Patterson,RB,1,1.0,H,31,115.0,0.03225806451612903,0.008695652173913044
2025_10_PIT_LAC,10,PIT,Full Game,LAC,00-0040142,K.Johnson,00-0040142,Kaleb Johnson,RB,2,3.0,A,16,73.0,0.125,0.0410958904109589
2025_11_BAL_CLE,11,CLE,Full Game,BAL,00-0040784,Q.Judkins,00-0040784,Quinshon Judkins,RB,17,59.0,H,25,106.0,0.68,0.5566037735849056
2025_11_BAL_CLE,11,BAL,Full Game,CLE,00-0038454,K.Mitchell,00-0038454,Keaton Mitchell,RB,6,31.0,A,30,184.0,0.2,0.16847826086956522
2025_11_BAL_CLE,11,BAL,Full Game,CLE,00-0032764,D.Henry,00-0032764,Derrick Henry,RB,18,103.0,A,30,184.0,0.6,0.5597826086956522
2025_11_BAL_CLE,11,CLE,Full Game,BAL,00-0040162,D.Sampson,00-0040162,Dylan Sampson,RB,1,19.0,H,25,106.0,0.04,0.1792452830188679
2025_11_BAL_CLE,11,CLE,Full Game,BAL,00-0037267,J.Ford,00-0037267,Jerome Ford,RB,1,2.0,H,25,106.0,0.04,0.018867924528301886
2025_11_CAR_ATL,11,ATL,Full Game,CAR,00-0038542,B.Robinson,00-0038542,Bijan Robinson,RB,23,104.0,H,28,125.0,0.8214285714285714,0.832
2025_11_CAR_ATL,11,CAR,Full Game,ATL,00-0036139,R.Dowdle,00-0036139,Rico Dowdle,RB,19,45.0,A,25,67.0,0.76,0.6716417910447762
2025_11_CAR_ATL,11,CAR,Full Game,ATL,00-0040644,T.Etienne,00-0040644,Trevor Etienne,RB,1,2.0,A,25,67.0,0.04,0.029850746268656716
2025_11_CAR_ATL,11,ATL,Full Game,CAR,00-0037263,T.Allgeier,00-0037263,Tyler Allgeier,RB,3,10.0,H,28,125.0,0.10714285714285714,0.08
2025_11_CAR_ATL,11,CAR,Full Game,ATL,00-0036555,C.Hubbard,00-0036555,Chuba Hubbard,RB,4,21.0,A,25,67.0,0.16,0.31343283582089554
2025_11_CHI_MIN,11,MIN,Full Game,CHI,00-0033293,A.Jones,00-0033293,Aaron Jones,RB,16,70.0,H,22,115.0,0.7272727272727273,0.6086956521739131
2025_11_CHI_MIN,11,CHI,Full Game,MIN,00-0036275,D.Swift,00-0036275,D'Andre Swift,RB,21,90.0,A,39,140.0,0.5384615384615384,0.6428571428571429
2025_11_CHI_MIN,11,MIN,Full Game,CHI,00-0037525,J.Mason,00-0037525,Jordan Mason,RB,6,45.0,H,22,115.0,0.2727272727272727,0.391304347826087
2025_11_CHI_MIN,11,CHI,Full Game,MIN,00-0040236,K.Monangai,00-0040236,Kyle Monangai,RB,12,23.0,A,39,140.0,0.3076923076923077,0.16428571428571428
2025_11_CHI_MIN,11,CHI,Full Game,MIN,00-0035594,T.Homer,00-0035594,Travis Homer,RB,1,-2.0,A,39,140.0,0.02564102564102564,-0.014285714285714285
2025_11_CIN_PIT,11,PIT,Full Game,CIN,00-0037228,J.Warren,00-0037228,Jaylen Warren,RB,10,62.0,H,28,111.0,0.35714285714285715,0.5585585585585585
2025_11_CIN_PIT,11,PIT,Full Game,CIN,00-0036919,K.Gainwell,00-0036919,Kenneth Gainwell,RB,9,24.0,H,28,111.0,0.32142857142857145,0.21621621621621623
2025_11_CIN_PIT,11,CIN,Full Game,PIT,00-0038597,C.Brown,00-0038597,Chase Brown,RB,18,99.0,A,22,105.0,0.8181818181818182,0.9428571428571428
2025_11_CIN_PIT,11,CIN,Full Game,PIT,00-0040208,T.Brooks,00-0040208,Tahj Brooks,RB,1,5.0,A,22,105.0,0.045454545454545456,0.047619047619047616
2025_11_CIN_PIT,11,PIT,Full Game,CIN,00-0040142,K.Johnson,00-0040142,Kaleb Johnson,RB,5,15.0,H,28,111.0,0.17857142857142858,0.13513513513513514
2025_11_CIN_PIT,11,CIN,Full Game,PIT,00-0039266,K.Milton,00-0039266,Kendall Milton,RB,2,2.0,A,22,105.0,0.09090909090909091,0.01904761904761905
2025_11_DAL_LV,11,DAL,Full Game,LV,00-0036997,J.Williams,00-0036997,Javonte Williams,RB,22,93.0,A,31,114.0,0.7096774193548387,0.8157894736842105
2025_11_DAL_LV,11,LV,Full Game,DAL,00-0040122,A.Jeanty,00-0040122,Ashton Jeanty,RB,6,7.0,H,12,27.0,0.5,0.25925925925925924
2025_11_DAL_LV,11,DAL,Full Game,LV,00-0037563,M.Davis,00-0037563,Malik Davis,RB,4,20.0,A,31,114.0,0.12903225806451613,0.17543859649122806
2025_11_DAL_LV,11,LV,Full Game,DAL,00-0031687,R.Mostert,00-0031687,Raheem Mostert,RB,2,6.0,H,12,27.0,0.16666666666666666,0.2222222222222222
2025_11_DAL_LV,11,DAL,Full Game,LV,00-0038738,H.Luepke,00-0038738,Hunter Luepke,RB,1,5.0,A,31,114.0,0.03225806451612903,0.043859649122807015
2025_11_DET_PHI,11,PHI,Full Game,DET,00-0038555,T.Bigsby,00-0038555,Tank Bigsby,RB,4,34.0,H,40,148.0,0.1,0.22972972972972974
2025_11_DET_PHI,11,PHI,Full Game,DET,00-0034844,S.Barkley,00-0034844,Saquon Barkley,RB,26,83.0,H,40,148.0,0.65,0.5608108108108109
2025_11_DET_PHI,11,DET,Full Game,PHI,00-0039139,J.Gibbs,00-0039139,Jahmyr Gibbs,RB,12,39.0,A,21,74.0,0.5714285714285714,0.527027027027027
2025_11_DET_PHI,11,DET,Full Game,PHI,00-0035685,D.Montgomery,00-0035685,David Montgomery,RB,6,27.0,A,21,74.0,0.2857142857142857,0.36486486486486486
2025_11_GB_NYG,11,NYG,Full Game,GB,00-0039384,T.Tracy,00-0039384,Tyrone Tracy Jr.,RB,19,88.0,H,38,142.0,0.5,0.6197183098591549
2025_11_GB_NYG,11,NYG,Full Game,GB,00-0035250,D.Singletary,00-0035250,Devin Singletary,RB,16,44.0,H,38,142.0,0.42105263157894735,0.30985915492957744
2025_11_GB_NYG,11,GB,Full Game,NYG,00-0035700,J.Jacobs,00-0035700,Josh Jacobs,RB,7,40.0,A,23,128.0,0.30434782608695654,0.3125
2025_11_GB_NYG,11,GB,Full Game,NYG,00-0038685,C.Brooks,00-0038685,Chris Brooks,RB,1,8.0,A,23,128.0,0.043478260869565216,0.0625
2025_11_GB_NYG,11,GB,Full Game,NYG,00-0038797,E.Wilson,00-0038797,Emanuel Wilson,RB,11,40.0,A,23,128.0,0.4782608695652174,0.3125
2025_11_HOU_TEN,11,HOU,Full Game,TEN,00-0040583,W.Marks,00-0040583,Woody Marks,RB,18,44.0,A,23,75.0,0.782608695652174,0.5866666666666667
2025_11_HOU_TEN,11,TEN,Full Game,HOU,00-0035261,T.Pollard,00-0035261,Tony Pollard,RB,10,22.0,H,17,58.0,0.5882352941176471,0.3793103448275862
2025_11_HOU_TEN,11,TEN,Full Game,HOU,00-0039032,T.Spears,00-0039032,Tyjae Spears,RB,4,3.0,H,17,58.0,0.23529411764705882,0.05172413793103448
2025_11_HOU_TEN,11,HOU,Full Game,TEN,00-0034791,N.Chubb,00-0034791,Nick Chubb,RB,3,17.0,A,23,75.0,0.13043478260869565,0.22666666666666666
2025_11_KC_DEN,11,DEN,Full Game,KC,00-0040730,R.Harvey,00-0040730,RJ Harvey,RB,11,30.0,H,21,59.0,0.5238095238095238,0.5084745762711864
2025_11_KC_DEN,11,DEN,Full Game,KC,00-0038794,J.McLaughlin,00-0038794,Jaleel McLaughlin,RB,6,19.0,H,21,59.0,0.2857142857142857,0.3220338983050847
2025_11_KC_DEN,11,KC,Full Game,DEN,00-0033923,K.Hunt,00-0033923,Kareem Hunt,RB,13,59.0,A,14,62.0,0.9285714285714286,0.9516129032258065
2025_11_LAC_JAX,11,JAX,Full Game,LAC,00-0036973,T.Etienne,00-0036973,Travis Etienne,RB,19,73.0,H,47,192.0,0.40425531914893614,0.3802083333333333
2025_11_LAC_JAX,11,JAX,Full Game,LAC,00-0040719,B.Tuten,00-0040719,Bhayshul Tuten,RB,15,74.0,H,47,192.0,0.3191489361702128,0.3854166666666667
2025_11_LAC_JAX,11,LAC,Full Game,JAX,00-0039391,K.Vidal,00-0039391,Kimani Vidal,RB,5,13.0,A,16,42.0,0.3125,0.30952380952380953
2025_11_LAC_JAX,11,LAC,Full Game,JAX,00-0035291,T.Williams,00-0035291,Trayveon Williams,RB,3,-1.0,A,16,42.0,0.1875,-0.023809523809523808
2025_11_LAC_JAX,11,LAC,Full Game,JAX,00-0040039,A.Johnson,00-0040039,Amar Johnson,RB,2,8.0,A,16,42.0,0.125,0.19047619047619047
2025_11_LAC_JAX,11,JAX,Full Game,LAC,00-0040238,L.Allen,00-0040238,LeQuint Allen Jr.,RB,8,36.0,H,47,192.0,0.1702127659574468,0.1875
2025_11_NYJ_NE,11,NYJ,Full Game,NE,00-0038120,B.Hall,00-0038120,Breece Hall,RB,14,58.0,A,28,140.0,0.5,0.4142857142857143
2025_11_NYJ_NE,11,NYJ,Full Game,NE,00-0039798,I.Davis,00-0039798,Isaiah Davis,RB,2,11.0,A,28,140.0,0.07142857142857142,0.07857142857142857
2025_11_NYJ_NE,11,NE,Full Game,NYJ,00-0040734,T.Henderson,00-0040734,TreVeyon Henderson,RB,19,62.0,H,27,65.0,0.7037037037037037,0.9538461538461539
2025_11_NYJ_NE,11,NE,Full Game,NYJ,00-0035628,D.Johnson,00-0035628,D'Ernest Johnson,RB,3,6.0,H,27,65.0,0.1111111111111111,0.09230769230769231
2025_11_SEA_LA,11,LA,Full Game,SEA,00-0037840,K.Williams,00-0037840,Kyren Williams,RB,12,91.0,H,22,119.0,0.5454545454545454,0.7647058823529411
2025_11_SEA_LA,11,SEA,Full Game,LA,00-0038134,K.Walker,00-0038134,Kenneth Walker III,RB,16,67.0,A,35,135.0,0.45714285714285713,0.4962962962962963
2025_11_SEA_LA,11,LA,Full Game,SEA,00-0039738,B.Corum,00-0039738,Blake Corum,RB,8,10.0,H,22,119.0,0.36363636363636365,0.08403361344537816
2025_11_SEA_LA,11,SEA,Full Game,LA,00-0039165,Z.Charbonnet,00-0039165,Zach Charbonnet,RB,11,37.0,A,35,135.0,0.3142857142857143,0.2740740740740741
2025_11_SEA_LA,11,SEA,Full Game,LA,00-0039299,G.Holani,00-0039299,George Holani,RB,2,6.0,A,35,135.0,0.05714285714285714,0.044444444444444446
2025_11_SF_ARI,11,SF,Full Game,ARI,00-0033280,C.McCaffrey,00-0033280,Christian McCaffrey,RB,13,81.0,A,25,95.0,0.52,0.8526315789473684
2025_11_SF_ARI,11,ARI,Full Game,SF,00-0037157,Z.Knight,00-0037157,Bam Knight,RB,5,24.0,H,14,36.0,0.35714285714285715,0.6666666666666666
2025_11_SF_ARI,11,ARI,Full Game,SF,00-0038705,E.Demercado,00-0038705,Emari Demercado,RB,5,8.0,H,14,36.0,0.35714285714285715,0.2222222222222222
2025_11_SF_ARI,11,SF,Full Game,ARI,00-0037746,B.Robinson,00-0037746,Brian Robinson,RB,8,24.0,A,25,95.0,0.32,0.25263157894736843
2025_11_SF_ARI,11,ARI,Full Game,SF,00-0036924,M.Carter,00-0036924,Michael Carter,RB,2,6.0,H,14,36.0,0.14285714285714285,0.16666666666666666
2025_11_TB_BUF,11,TB,Full Game,BUF,00-0037256,R.White,00-0037256,Rachaad White,RB,10,51.0,A,39,202.0,0.2564102564102564,0.2524752475247525
2025_11_TB_BUF,11,TB,Full Game,BUF,00-0038951,S.Tucker,00-0038951,Sean Tucker,RB,19,106.0,A,39,202.0,0.48717948717948717,0.5247524752475248
2025_11_TB_BUF,11,BUF,Full Game,TB,00-0037248,J.Cook,00-0037248,James Cook,RB,16,48.0,H,23,97.0,0.6956521739130435,0.4948453608247423
2025_11_TB_BUF,11,BUF,Full Game,TB,00-0035537,Ty.Johnson,00-0035537,Ty Johnson,RB,1,9.0,H,23,97.0,0.043478260869565216,0.09278350515463918
2025_11_WAS_MIA,11,MIA,Full Game,WAS,00-0039040,D.Achane,00-0039040,De'Von Achane,RB,21,120.0,H,31,169.0,0.6774193548387096,0.7100591715976331
2025_11_WAS_MIA,11,MIA,Full Game,WAS,00-0039874,J.Wright,00-0039874,Jaylen Wright,RB,1,4.0,H,31,169.0,0.03225806451612903,0.023668639053254437
2025_11_WAS_MIA,11,WAS,Full Game,MIA,00-0038611,C.Rodriguez,00-0038611,Chris Rodriguez Jr.,RB,15,79.0,A,33,172.0,0.45454545454545453,0.45930232558139533
2025_11_WAS_MIA,11,MIA,Full Game,WAS,00-0040198,O.Gordon,00-0040198,Ollie Gordon II,RB,9,45.0,H,31,169.0,0.2903225806451613,0.26627218934911245
2025_11_WAS_MIA,11,WAS,Full Game,MIA,00-0040242,J.Croskey-Merritt,00-0040242,Jacory Croskey-Merritt,RB,9,28.0,A,33,172.0,0.2727272727272727,0.16279069767441862
2025_11_WAS_MIA,11,WAS,Full Game,MIA,00-0033955,J.McNichols,00-0033955,Jeremy McNichols,RB,4,13.0,A,33,172.0,0.12121212121212122,0.0755813953488372
2025_12_ATL_NO,12,ATL,Full Game,NO,00-0038542,B.Robinson,00-0038542,Bijan Robinson,RB,14,70.0,A,29,121.0,0.4827586206896552,0.5785123966942148
2025_12_ATL_NO,12,NO,Full Game,ATL,00-0033906,A.Kamara,00-0033906,Alvin Kamara,RB,3,11.0,H,28,79.0,0.10714285714285714,0.13924050632911392
2025_12_ATL_NO,12,ATL,Full Game,NO,00-0037263,T.Allgeier,00-0037263,Tyler Allgeier,RB,12,44.0,A,29,121.0,0.41379310344827586,0.36363636363636365
2025_12_ATL_NO,12,NO,Full Game,ATL,00-0040202,D.Neal,00-0040202,Devin Neal,RB,7,18.0,H,28,79.0,0.25,0.22784810126582278
2025_12_BUF_HOU,12,HOU,Full Game,BUF,00-0040583,W.Marks,00-0040583,Woody Marks,RB,16,74.0,H,26,108.0,0.6153846153846154,0.6851851851851852
2025_12_BUF_HOU,12,BUF,Full Game,HOU,00-0037248,J.Cook,00-0037248,James Cook,RB,17,116.0,A,24,143.0,0.7083333333333334,0.8111888111888111
2025_12_BUF_HOU,12,HOU,Full Game,BUF,00-0034791,N.Chubb,00-0034791,Nick Chubb,RB,6,16.0,H,26,108.0,0.23076923076923078,0.14814814814814814
2025_12_BUF_HOU,12,BUF,Full Game,HOU,00-0035537,Ty.Johnson,00-0035537,Ty Johnson,RB,2,7.0,A,24,143.0,0.08333333333333333,0.04895104895104895
2025_12_CAR_SF,12,SF,Full Game,CAR,00-0033280,C.McCaffrey,00-0033280,Christian McCaffrey,RB,24,89.0,H,38,147.0,0.631578947368421,0.6054421768707483
2025_12_CAR_SF,12,SF,Full Game,CAR,00-0037746,B.Robinson,00-0037746,Brian Robinson,RB,7,40.0,H,38,147.0,0.18421052631578946,0.272108843537415
2025_12_CAR_SF,12,CAR,Full Game,SF,00-0036139,R.Dowdle,00-0036139,Rico Dowdle,RB,6,38.0,A,13,69.0,0.46153846153846156,0.5507246376811594
2025_12_CAR_SF,12,CAR,Full Game,SF,00-0036555,C.Hubbard,00-0036555,Chuba Hubbard,RB,3,16.0,A,13,69.0,0.23076923076923078,0.2318840579710145
2025_12_CLE_LV,12,CLE,Full Game,LV,00-0040784,Q.Judkins,00-0040784,Quinshon Judkins,RB,16,47.0,A,27,64.0,0.5925925925925926,0.734375
2025_12_CLE_LV,12,LV,Full Game,CLE,00-0040122,A.Jeanty,00-0040122,Ashton Jeanty,RB,17,50.0,H,21,60.0,0.8095238095238095,0.8333333333333334
2025_12_CLE_LV,12,CLE,Full Game,LV,00-0040162,D.Sampson,00-0040162,Dylan Sampson,RB,7,23.0,A,27,64.0,0.25925925925925924,0.359375
2025_12_CLE_LV,12,LV,Full Game,CLE,00-0031687,R.Mostert,00-0031687,Raheem Mostert,RB,1,2.0,H,21,60.0,0.047619047619047616,0.03333333333333333
2025_12_CLE_LV,12,CLE,Full Game,LV,00-0037267,J.Ford,00-0037267,Jerome Ford,RB,1,-3.0,A,27,64.0,0.037037037037037035,-0.046875
2025_12_IND_KC,12,IND,Full Game,KC,00-0036223,J.Taylor,00-0036223,Jonathan Taylor,RB,16,58.0,A,19,74.0,0.8421052631578947,0.7837837837837838
2025_12_IND_KC,12,KC,Full Game,IND,00-0033923,K.Hunt,00-0033923,Kareem Hunt,RB,30,104.0,H,41,148.0,0.7317073170731707,0.7027027027027027
2025_12_IND_KC,12,KC,Full Game,IND,00-0036360,C.Edwards-Helaire,00-0036360,Clyde Edwards-Helaire,RB,5,8.0,H,41,148.0,0.12195121951219512,0.05405405405405406
2025_12_IND_KC,12,KC,Full Game,IND,00-0040078,B.Smith,00-0040078,Brashard Smith,RB,1,5.0,H,41,148.0,0.024390243902439025,0.033783783783783786
2025_12_JAX_ARI,12,ARI,Full Game,JAX,00-0037157,Z.Knight,00-0037157,Bam Knight,RB,10,12.0,H,20,55.0,0.5,0.21818181818181817
2025_12_JAX_ARI,12,JAX,Full Game,ARI,00-0036973,T.Etienne,00-0036973,Travis Etienne,RB,15,86.0,A,28,134.0,0.5357142857142857,0.6417910447761194
2025_12_JAX_ARI,12,JAX,Full Game,ARI,00-0040719,B.Tuten,00-0040719,Bhayshul Tuten,RB,7,17.0,A,28,134.0,0.25,0.12686567164179105
2025_12_JAX_ARI,12,ARI,Full Game,JAX,00-0036924,M.Carter,00-0036924,Michael Carter,RB,5,28.0,H,20,55.0,0.25,0.509090909090909
2025_12_JAX_ARI,12,JAX,Full Game,ARI,00-0040238,L.Allen,00-0040238,LeQuint Allen Jr.,RB,1,2.0,A,28,134.0,0.03571428571428571,0.014925373134328358
2025_12_MIN_GB,12,MIN,Full Game,GB,00-0033293,A.Jones,00-0033293,Aaron Jones,RB,9,41.0,A,20,93.0,0.45,0.44086021505376344
2025_12_MIN_GB,12,GB,Full Game,MIN,00-0038797,E.Wilson,00-0038797,Emanuel Wilson,RB,28,107.0,H,42,146.0,0.6666666666666666,0.7328767123287672
2025_12_MIN_GB,12,MIN,Full Game,GB,00-0037525,J.Mason,00-0037525,Jordan Mason,RB,8,42.0,A,20,93.0,0.4,0.45161290322580644
2025_12_MIN_GB,12,GB,Full Game,MIN,00-0038685,C.Brooks,00-0038685,Chris Brooks,RB,8,21.0,H,42,146.0,0.19047619047619047,0.14383561643835616
2025_12_NE_CIN,12,NE,Full Game,CIN,00-0040734,T.Henderson,00-0040734,TreVeyon Henderson,RB,18,66.0,A,31,107.0,0.5806451612903226,0.616822429906542
2025_12_NE_CIN,12,CIN,Full Game,NE,00-0038597,C.Brown,00-0038597,Chase Brown,RB,19,107.0,H,23,120.0,0.8260869565217391,0.8916666666666667
2025_12_NE_CIN,12,CIN,Full Game,NE,00-0040208,T.Brooks,00-0040208,Tahj Brooks,RB,2,5.0,H,23,120.0,0.08695652173913043,0.041666666666666664
2025_12_NE_CIN,12,NE,Full Game,CIN,00-0036875,R.Stevenson,00-0036875,Rhamondre Stevenson,RB,6,5.0,A,31,107.0,0.1935483870967742,0.04672897196261682
2025_12_NE_CIN,12,NE,Full Game,CIN,00-0039757,T.Jennings,00-0039757,Terrell Jennings,RB,1,0.0,A,31,107.0,0.03225806451612903,0.0
2025_12_NYG_DET,12,NYG,Full Game,DET,00-0039384,T.Tracy,00-0039384,Tyrone Tracy Jr.,RB,20,62.0,A,39,122.0,0.5128205128205128,0.5081967213114754
2025_12_NYG_DET,12,DET,Full Game,NYG,00-0039139,J.Gibbs,00-0039139,Jahmyr Gibbs,RB,15,219.0,H,20,237.0,0.75,0.9240506329113924
2025_12_NYG_DET,12,NYG,Full Game,DET,00-0035250,D.Singletary,00-0035250,Devin Singletary,RB,14,47.0,A,39,122.0,0.358974358974359,0.38524590163934425
2025_12_NYG_DET,12,DET,Full Game,NYG,00-0035685,D.Montgomery,00-0035685,David Montgomery,RB,5,18.0,H,20,237.0,0.25,0.0759493670886076
2025_12_NYJ_BAL,12,NYJ,Full Game,BAL,00-0038120,B.Hall,00-0038120,Breece Hall,RB,16,44.0,A,26,78.0,0.6153846153846154,0.5641025641025641
2025_12_NYJ_BAL,12,BAL,Full Game,NYJ,00-0032764,D.Henry,00-0032764,Derrick Henry,RB,21,64.0,H,34,98.0,0.6176470588235294,0.6530612244897959
2025_12_NYJ_BAL,12,NYJ,Full Game,BAL,00-0039798,I.Davis,00-0039798,Isaiah Davis,RB,4,7.0,A,26,78.0,0.15384615384615385,0.08974358974358974
2025_12_NYJ_BAL,12,BAL,Full Game,NYJ,00-0038454,K.Mitchell,00-0038454,Keaton Mitchell,RB,2,10.0,H,34,98.0,0.058823529411764705,0.10204081632653061
2025_12_PHI_DAL,12,DAL,Full Game,PHI,00-0036997,J.Williams,00-0036997,Javonte Williams,RB,20,87.0,H,31,125.0,0.6451612903225806,0.696
2025_12_PHI_DAL,12,PHI,Full Game,DAL,00-0034844,S.Barkley,00-0034844,Saquon Barkley,RB,10,22.0,A,18,63.0,0.5555555555555556,0.3492063492063492
2025_12_PHI_DAL,12,PHI,Full Game,DAL,00-0038555,T.Bigsby,00-0038555,Tank Bigsby,RB,1,8.0,A,18,63.0,0.05555555555555555,0.12698412698412698
2025_12_PHI_DAL,12,DAL,Full Game,PHI,00-0037563,M.Davis,00-0037563,Malik Davis,RB,3,24.0,H,31,125.0,0.0967741935483871,0.192
2025_12_PIT_CHI,12,CHI,Full Game,PIT,00-0036275,D.Swift,00-0036275,D'Andre Swift,RB,8,15.0,H,25,99.0,0.32,0.15151515151515152
2025_12_PIT_CHI,12,PIT,Full Game,CHI,00-0036919,K.Gainwell,00-0036919,Kenneth Gainwell,RB,10,92.0,A,36,186.0,0.2777777777777778,0.4946236559139785
2025_12_PIT_CHI,12,CHI,Full Game,PIT,00-0040236,K.Monangai,00-0040236,Kyle Monangai,RB,12,48.0,H,25,99.0,0.48,0.48484848484848486
2025_12_PIT_CHI,12,PIT,Full Game,CHI,00-0037228,J.Warren,00-0037228,Jaylen Warren,RB,18,68.0,A,36,186.0,0.5,0.3655913978494624
2025_12_SEA_TEN,12,TEN,Full Game,SEA,00-0035261,T.Pollard,00-0035261,Tony Pollard,RB,11,20.0,H,22,64.0,0.5,0.3125
2025_12_SEA_TEN,12,TEN,Full Game,SEA,00-0039032,T.Spears,00-0039032,Tyjae Spears,RB,3,4.0,H,22,64.0,0.13636363636363635,0.0625
2025_12_SEA_TEN,12,TEN,Full Game,SEA,00-0037594,J.Chestnut,00-0037594,Julius Chestnut,RB,2,3.0,H,22,64.0,0.09090909090909091,0.046875
2025_12_SEA_TEN,12,SEA,Full Game,TEN,00-0038134,K.Walker,00-0038134,Kenneth Walker III,RB,11,71.0,A,20,114.0,0.55,0.6228070175438597
2025_12_SEA_TEN,12,SEA,Full Game,TEN,00-0039165,Z.Charbonnet,00-0039165,Zach Charbonnet,RB,6,35.0,A,20,114.0,0.3,0.30701754385964913
2025_12_TB_LA,12,TB,Full Game,LA,00-0037256,R.White,00-0037256,Rachaad White,RB,7,38.0,A,29,123.0,0.2413793103448276,0.3089430894308943
2025_12_TB_LA,12,TB,Full Game,LA,00-0038951,S.Tucker,00-0038951,Sean Tucker,RB,12,42.0,A,29,123.0,0.41379310344827586,0.34146341463414637
2025_12_TB_LA,12,LA,Full Game,TB,00-0037840,K.Williams,00-0037840,Kyren Williams,RB,12,46.0,H,19,70.0,0.631578947368421,0.6571428571428571
2025_12_TB_LA,12,LA,Full Game,TB,00-0039738,B.Corum,00-0039738,Blake Corum,RB,7,24.0,H,19,70.0,0.3684210526315789,0.34285714285714286
2025_12_TB_LA,12,TB,Full Game,LA,00-0038458,O.Wright,00-0038458,Owen Wright,RB,3,6.0,A,29,123.0,0.10344827586206896,0.04878048780487805
2025_13_ARI_TB,13,TB,Full Game,ARI,00-0037256,R.White,00-0037256,Rachaad White,RB,2,7.0,H,27,95.0,0.07407407407407407,0.07368421052631578
2025_13_ARI_TB,13,ARI,Full Game,TB,00-0037157,Z.Knight,00-0037157,Bam Knight,RB,11,62.0,A,19,95.0,0.5789473684210527,0.6526315789473685
2025_13_ARI_TB,13,TB,Full Game,ARI,00-0039361,B.Irving,00-0039361,Bucky Irving,RB,17,61.0,H,27,95.0,0.6296296296296297,0.6421052631578947
2025_13_ARI_TB,13,TB,Full Game,ARI,00-0038951,S.Tucker,00-0038951,Sean Tucker,RB,2,0.0,H,27,95.0,0.07407407407407407,0.0
2025_13_ARI_TB,13,ARI,Full Game,TB,00-0036924,M.Carter,00-0036924,Michael Carter,RB,5,17.0,A,19,95.0,0.2631578947368421,0.17894736842105263
2025_13_ATL_NYJ,13,ATL,Full Game,NYJ,00-0038542,B.Robinson,00-0038542,Bijan Robinson,RB,23,142.0,A,32,167.0,0.71875,0.8502994011976048
2025_13_ATL_NYJ,13,ATL,Full Game,NYJ,00-0037263,T.Allgeier,00-0037263,Tyler Allgeier,RB,8,20.0,A,32,167.0,0.25,0.11976047904191617
2025_13_ATL_NYJ,13,NYJ,Full Game,ATL,00-0038120,B.Hall,00-0038120,Breece Hall,RB,19,68.0,H,28,110.0,0.6785714285714286,0.6181818181818182
2025_13_BUF_PIT,13,BUF,Full Game,PIT,00-0037248,J.Cook,00-0037248,James Cook,RB,32,144.0,A,51,249.0,0.6274509803921569,0.5783132530120482
2025_13_BUF_PIT,13,PIT,Full Game,BUF,00-0037228,J.Warren,00-0037228,Jaylen Warren,RB,10,35.0,H,18,58.0,0.5555555555555556,0.603448275862069
2025_13_BUF_PIT,13,BUF,Full Game,PIT,00-0039875,R.Davis,00-0039875,Ray Davis,RB,9,62.0,A,51,249.0,0.17647058823529413,0.24899598393574296
2025_13_BUF_PIT,13,PIT,Full Game,BUF,00-0036919,K.Gainwell,00-0036919,Kenneth Gainwell,RB,5,20.0,H,18,58.0,0.2777777777777778,0.3448275862068966
2025_13_BUF_PIT,13,BUF,Full Game,PIT,00-0035537,Ty.Johnson,00-0035537,Ty Johnson,RB,2,5.0,A,51,249.0,0.0392156862745098,0.020080321285140562
2025_13_BUF_PIT,13,PIT,Full Game,BUF,00-0040142,K.Johnson,00-0040142,Kaleb Johnson,RB,2,3.0,H,18,58.0,0.1111111111111111,0.05172413793103448
2025_13_CHI_PHI,13,CHI,Full Game,PHI,00-0036275,D.Swift,00-0036275,D'Andre Swift,RB,18,125.0,A,47,281.0,0.3829787234042553,0.44483985765124556
2025_13_CHI_PHI,13,CHI,Full Game,PHI,00-0040236,K.Monangai,00-0040236,Kyle Monangai,RB,22,130.0,A,47,281.0,0.46808510638297873,0.4626334519572954
2025_13_CHI_PHI,13,PHI,Full Game,CHI,00-0034844,S.Barkley,00-0034844,Saquon Barkley,RB,13,56.0,H,17,87.0,0.7647058823529411,0.6436781609195402
2025_13_CIN_BAL,13,CIN,Full Game,BAL,00-0038597,C.Brown,00-0038597,Chase Brown,RB,15,78.0,A,33,128.0,0.45454545454545453,0.609375
2025_13_CIN_BAL,13,BAL,Full Game,CIN,00-0032764,D.Henry,00-0032764,Derrick Henry,RB,10,60.0,H,22,123.0,0.45454545454545453,0.4878048780487805
2025_13_CIN_BAL,13,CIN,Full Game,BAL,00-0033526,S.Perine,00-0033526,Samaje Perine,RB,14,39.0,A,33,128.0,0.42424242424242425,0.3046875
2025_13_CIN_BAL,13,BAL,Full Game,CIN,00-0038454,K.Mitchell,00-0038454,Keaton Mitchell,RB,2,19.0,H,22,123.0,0.09090909090909091,0.15447154471544716
2025_13_CIN_BAL,13,BAL,Full Game,CIN,00-0039796,R.Ali,00-0039796,Rasheen Ali,RB,4,17.0,H,22,123.0,0.18181818181818182,0.13821138211382114
2025_13_DEN_WAS,13,DEN,Full Game,WAS,00-0040730,R.Harvey,00-0040730,RJ Harvey,RB,13,35.0,A,23,87.0,0.5652173913043478,0.40229885057471265
2025_13_DEN_WAS,13,WAS,Full Game,DEN,00-0038611,C.Rodriguez,00-0038611,Chris Rodriguez Jr.,RB,11,41.0,H,33,143.0,0.3333333333333333,0.2867132867132867
2025_13_DEN_WAS,13,DEN,Full Game,WAS,00-0038794,J.McLaughlin,00-0038794,Jaleel McLaughlin,RB,6,24.0,A,23,87.0,0.2608695652173913,0.27586206896551724
2025_13_DEN_WAS,13,WAS,Full Game,DEN,00-0033955,J.McNichols,00-0033955,Jeremy McNichols,RB,6,30.0,H,33,143.0,0.18181818181818182,0.2097902097902098
2025_13_DEN_WAS,13,DEN,Full Game,WAS,00-0036727,A.Prentice,00-0036727,Adam Prentice,RB,1,3.0,A,23,87.0,0.043478260869565216,0.034482758620689655
2025_13_DEN_WAS,13,WAS,Full Game,DEN,00-0040242,J.Croskey-Merritt,00-0040242,Jacory Croskey-Merritt,RB,4,20.0,H,33,143.0,0.12121212121212122,0.13986013986013987
2025_13_GB_DET,13,GB,Full Game,DET,00-0035700,J.Jacobs,00-0035700,Josh Jacobs,RB,17,83.0,A,30,125.0,0.5666666666666667,0.664
2025_13_GB_DET,13,GB,Full Game,DET,00-0038797,E.Wilson,00-0038797,Emanuel Wilson,RB,4,14.0,A,30,125.0,0.13333333333333333,0.112
2025_13_GB_DET,13,DET,Full Game,GB,00-0039139,J.Gibbs,00-0039139,Jahmyr Gibbs,RB,20,68.0,H,30,119.0,0.6666666666666666,0.5714285714285714
2025_13_GB_DET,13,DET,Full Game,GB,00-0035685,D.Montgomery,00-0035685,David Montgomery,RB,8,32.0,H,30,119.0,0.26666666666666666,0.2689075630252101
2025_13_HOU_IND,13,HOU,Full Game,IND,00-0040583,W.Marks,00-0040583,Woody Marks,RB,19,64.0,A,34,108.0,0.5588235294117647,0.5925925925925926
2025_13_HOU_IND,13,HOU,Full Game,IND,00-0034791,N.Chubb,00-0034791,Nick Chubb,RB,9,34.0,A,34,108.0,0.2647058823529412,0.3148148148148148
2025_13_HOU_IND,13,IND,Full Game,HOU,00-0036223,J.Taylor,00-0036223,Jonathan Taylor,RB,21,85.0,H,23,86.0,0.9130434782608695,0.9883720930232558
2025_13_JAX_TEN,13,JAX,Full Game,TEN,00-0036973,T.Etienne,00-0036973,Travis Etienne,RB,12,28.0,A,27,70.0,0.4444444444444444,0.4
2025_13_JAX_TEN,13,TEN,Full Game,JAX,00-0035261,T.Pollard,00-0035261,Tony Pollard,RB,10,60.0,H,14,67.0,0.7142857142857143,0.8955223880597015
2025_13_JAX_TEN,13,TEN,Full Game,JAX,00-0039032,T.Spears,00-0039032,Tyjae Spears,RB,2,-1.0,H,14,67.0,0.14285714285714285,-0.014925373134328358
2025_13_JAX_TEN,13,JAX,Full Game,TEN,00-0040719,B.Tuten,00-0040719,Bhayshul Tuten,RB,8,17.0,A,27,70.0,0.2962962962962963,0.24285714285714285
2025_13_KC_DAL,13,DAL,Full Game,KC,00-0036997,J.Williams,00-0036997,Javonte Williams,RB,17,59.0,H,26,137.0,0.6538461538461539,0.4306569343065693
2025_13_KC_DAL,13,DAL,Full Game,KC,00-0037563,M.Davis,00-0037563,Malik Davis,RB,3,47.0,H,26,137.0,0.11538461538461539,0.34306569343065696
2025_13_KC_DAL,13,KC,Full Game,DAL,00-0033923,K.Hunt,00-0033923,Kareem Hunt,RB,14,58.0,A,23,119.0,0.6086956521739131,0.48739495798319327
2025_13_KC_DAL,13,KC,Full Game,DAL,00-0037197,I.Pacheco,00-0037197,Isiah Pacheco,RB,3,16.0,A,23,119.0,0.13043478260869565,0.13445378151260504
2025_13_LA_CAR,13,LA,Full Game,CAR,00-0037840,K.Williams,00-0037840,Kyren Williams,RB,13,72.0,A,21,152.0,0.6190476190476191,0.47368421052631576
2025_13_LA_CAR,13,CAR,Full Game,LA,00-0036139,R.Dowdle,00-0036139,Rico Dowdle,RB,18,58.0,H,40,164.0,0.45,0.35365853658536583
2025_13_LA_CAR,13,CAR,Full Game,LA,00-0036555,C.Hubbard,00-0036555,Chuba Hubbard,RB,17,83.0,H,40,164.0,0.425,0.5060975609756098
2025_13_LA_CAR,13,LA,Full Game,CAR,00-0039738,B.Corum,00-0039738,Blake Corum,RB,7,81.0,A,21,152.0,0.3333333333333333,0.5328947368421053
2025_13_LV_LAC,13,LV,Full Game,LAC,00-0040122,A.Jeanty,00-0040122,Ashton Jeanty,RB,15,31.0,A,18,31.0,0.8333333333333334,1.0
2025_13_LV_LAC,13,LAC,Full Game,LV,00-0039391,K.Vidal,00-0039391,Kimani Vidal,RB,25,126.0,H,43,192.0,0.5813953488372093,0.65625
2025_13_LV_LAC,13,LAC,Full Game,LV,00-0036755,J.Patterson,00-0036755,Jaret Patterson,RB,11,54.0,H,43,192.0,0.2558139534883721,0.28125
2025_13_LV_LAC,13,LV,Full Game,LAC,00-0031687,R.Mostert,00-0031687,Raheem Mostert,RB,1,6.0,A,18,31.0,0.05555555555555555,0.1935483870967742
2025_13_MIN_SEA,13,MIN,Full Game,SEA,00-0033293,A.Jones,00-0033293,Aaron Jones,RB,6,3.0,A,16,66.0,0.375,0.045454545454545456
2025_13_MIN_SEA,13,SEA,Full Game,MIN,00-0038134,K.Walker,00-0038134,Kenneth Walker III,RB,13,56.0,H,32,125.0,0.40625,0.448
2025_13_MIN_SEA,13,MIN,Full Game,SEA,00-0037525,J.Mason,00-0037525,Jordan Mason,RB,6,47.0,A,16,66.0,0.375,0.7121212121212122
2025_13_MIN_SEA,13,SEA,Full Game,MIN,00-0039165,Z.Charbonnet,00-0039165,Zach Charbonnet,RB,14,52.0,H,32,125.0,0.4375,0.416
2025_13_MIN_SEA,13,MIN,Full Game,SEA,00-0038440,Z.Scott,00-0038440,Zavier Scott,RB,3,17.0,A,16,66.0,0.1875,0.25757575757575757
2025_13_MIN_SEA,13,SEA,Full Game,MIN,00-0035311,M.Gaskin,00-0035311,Myles Gaskin,RB,3,6.0,H,32,125.0,0.09375,0.048
2025_13_NO_MIA,13,MIA,Full Game,NO,00-0039040,D.Achane,00-0039040,De'Von Achane,RB,22,134.0,H,32,164.0,0.6875,0.8170731707317073
2025_13_NO_MIA,13,MIA,Full Game,NO,00-0039874,J.Wright,00-0039874,Jaylen Wright,RB,3,16.0,H,32,164.0,0.09375,0.0975609756097561
2025_13_NO_MIA,13,NO,Full Game,MIA,00-0040202,D.Neal,00-0040202,Devin Neal,RB,14,47.0,A,27,81.0,0.5185185185185185,0.5802469135802469
2025_13_NO_MIA,13,MIA,Full Game,NO,00-0040198,O.Gordon,00-0040198,Ollie Gordon II,RB,3,10.0,H,32,164.0,0.09375,0.06097560975609756
2025_13_NO_MIA,13,NO,Full Game,MIA,00-0038397,E.Hull,00-0038397,Evan Hull,RB,5,15.0,A,27,81.0,0.18518518518518517,0.18518518518518517
2025_13_NYG_NE,13,NE,Full Game,NYG,00-0036875,R.Stevenson,00-0036875,Rhamondre Stevenson,RB,12,40.0,H,29,119.0,0.41379310344827586,0.33613445378151263
2025_13_NYG_NE,13,NE,Full Game,NYG,00-0040734,T.Henderson,00-0040734,TreVeyon Henderson,RB,11,67.0,H,29,119.0,0.3793103448275862,0.5630252100840336
2025_13_NYG_NE,13,NYG,Full Game,NE,00-0039384,T.Tracy,00-0039384,Tyrone Tracy Jr.,RB,10,36.0,A,27,111.0,0.37037037037037035,0.32432432432432434
2025_13_NYG_NE,13,NYG,Full Game,NE,00-0035250,D.Singletary,00-0035250,Devin Singletary,RB,12,68.0,A,27,111.0,0.4444444444444444,0.6126126126126126
2025_13_SF_CLE,13,CLE,Full Game,SF,00-0040784,Q.Judkins,00-0040784,Quinshon Judkins,RB,23,91.0,H,31,138.0,0.7419354838709677,0.6594202898550725
2025_13_SF_CLE,13,SF,Full Game,CLE,00-0033280,C.McCaffrey,00-0033280,Christian McCaffrey,RB,20,53.0,A,33,91.0,0.6060606060606061,0.5824175824175825
2025_13_SF_CLE,13,SF,Full Game,CLE,00-0037746,B.Robinson,00-0037746,Brian Robinson,RB,8,26.0,A,33,91.0,0.24242424242424243,0.2857142857142857
2025_13_SF_CLE,13,CLE,Full Game,SF,00-0040162,D.Sampson,00-0040162,Dylan Sampson,RB,4,23.0,H,31,138.0,0.12903225806451613,0.16666666666666666
2025_14_CHI_GB,14,CHI,Full Game,GB,00-0036275,D.Swift,00-0036275,D'Andre Swift,RB,13,63.0,A,32,138.0,0.40625,0.45652173913043476
2025_14_CHI_GB,14,GB,Full Game,CHI,00-0035700,J.Jacobs,00-0035700,Josh Jacobs,RB,20,86.0,H,26,117.0,0.7692307692307693,0.7350427350427351
2025_14_CHI_GB,14,GB,Full Game,CHI,00-0038797,E.Wilson,00-0038797,Emanuel Wilson,RB,3,10.0,H,26,117.0,0.11538461538461539,0.08547008547008547
2025_14_CHI_GB,14,CHI,Full Game,GB,00-0040236,K.Monangai,00-0040236,Kyle Monangai,RB,14,57.0,A,32,138.0,0.4375,0.41304347826086957
2025_14_CIN_BUF,14,CIN,Full Game,BUF,00-0038597,C.Brown,00-0038597,Chase Brown,RB,12,23.0,A,19,62.0,0.631578947368421,0.3709677419354839
2025_14_CIN_BUF,14,CIN,Full Game,BUF,00-0033526,S.Perine,00-0033526,Samaje Perine,RB,6,31.0,A,19,62.0,0.3157894736842105,0.5
2025_14_CIN_BUF,14,BUF,Full Game,CIN,00-0037248,J.Cook,00-0037248,James Cook,RB,18,80.0,H,29,183.0,0.6206896551724138,0.4371584699453552
2025_14_CIN_BUF,14,BUF,Full Game,CIN,00-0035537,Ty.Johnson,00-0035537,Ty Johnson,RB,2,25.0,H,29,183.0,0.06896551724137931,0.1366120218579235
2025_14_DAL_DET,14,DET,Full Game,DAL,00-0039139,J.Gibbs,00-0039139,Jahmyr Gibbs,RB,12,43.0,H,22,109.0,0.5454545454545454,0.3944954128440367
2025_14_DAL_DET,14,DAL,Full Game,DET,00-0036997,J.Williams,00-0036997,Javonte Williams,RB,17,67.0,A,24,91.0,0.7083333333333334,0.7362637362637363
2025_14_DAL_DET,14,DET,Full Game,DAL,00-0035685,D.Montgomery,00-0035685,David Montgomery,RB,6,60.0,H,22,109.0,0.2727272727272727,0.5504587155963303
2025_14_DAL_DET,14,DAL,Full Game,DET,00-0037563,M.Davis,00-0037563,Malik Davis,RB,3,6.0,A,24,91.0,0.125,0.06593406593406594
2025_14_DEN_LV,14,DEN,Full Game,LV,00-0040730,R.Harvey,00-0040730,RJ Harvey,RB,17,75.0,A,31,152.0,0.5483870967741935,0.4934210526315789
2025_14_DEN_LV,14,DEN,Full Game,LV,00-0037085,T.Badie,00-0037085,Tyler Badie,RB,4,16.0,A,31,152.0,0.12903225806451613,0.10526315789473684
2025_14_DEN_LV,14,LV,Full Game,DEN,00-0040122,A.Jeanty,00-0040122,Ashton Jeanty,RB,10,30.0,H,12,40.0,0.8333333333333334,0.75
2025_14_DEN_LV,14,DEN,Full Game,LV,00-0038794,J.McLaughlin,00-0038794,Jaleel McLaughlin,RB,4,22.0,A,31,152.0,0.12903225806451613,0.14473684210526316
2025_14_DEN_LV,14,DEN,Full Game,LV,00-0036727,A.Prentice,00-0036727,Adam Prentice,RB,2,22.0,A,31,152.0,0.06451612903225806,0.14473684210526316
2025_14_HOU_KC,14,KC,Full Game,HOU,00-0037197,I.Pacheco,00-0037197,Isiah Pacheco,RB,9,30.0,H,29,126.0,0.3103448275862069,0.23809523809523808
2025_14_HOU_KC,14,HOU,Full Game,KC,00-0040583,W.Marks,00-0040583,Woody Marks,RB,26,68.0,A,31,82.0,0.8387096774193549,0.8292682926829268
2025_14_HOU_KC,14,KC,Full Game,HOU,00-0033923,K.Hunt,00-0033923,Kareem Hunt,RB,12,30.0,H,29,126.0,0.41379310344827586,0.23809523809523808
2025_14_HOU_KC,14,HOU,Full Game,KC,00-0034791,N.Chubb,00-0034791,Nick Chubb,RB,1,3.0,A,31,82.0,0.03225806451612903,0.036585365853658534
2025_14_HOU_KC,14,KC,Full Game,HOU,00-0040078,B.Smith,00-0040078,Brashard Smith,RB,1,7.0,H,29,126.0,0.034482758620689655,0.05555555555555555
2025_14_HOU_KC,14,HOU,Full Game,KC,00-0033854,D.Ogunbowale,00-0033854,Dare Ogunbowale,RB,1,5.0,A,31,82.0,0.03225806451612903,0.06097560975609756
2025_14_IND_JAX,14,JAX,Full Game,IND,00-0036973,T.Etienne,00-0036973,Travis Etienne,RB,20,74.0,H,32,103.0,0.625,0.7184466019417476
2025_14_IND_JAX,14,IND,Full Game,JAX,00-0036223,J.Taylor,00-0036223,Jonathan Taylor,RB,21,74.0,A,26,89.0,0.8076923076923077,0.8314606741573034
2025_14_IND_JAX,14,IND,Full Game,JAX,00-0032104,A.Abdullah,00-0032104,Ameer Abdullah,RB,1,4.0,A,26,89.0,0.038461538461538464,0.0449438202247191
2025_14_IND_JAX,14,JAX,Full Game,IND,00-0040719,B.Tuten,00-0040719,Bhayshul Tuten,RB,2,5.0,H,32,103.0,0.0625,0.04854368932038835
2025_14_LA_ARI,14,ARI,Full Game,LA,00-0037157,Z.Knight,00-0037157,Bam Knight,RB,7,16.0,H,14,51.0,0.5,0.3137254901960784
2025_14_LA_ARI,14,LA,Full Game,ARI,00-0037840,K.Williams,00-0037840,Kyren Williams,RB,13,84.0,A,36,249.0,0.3611111111111111,0.3373493975903614
2025_14_LA_ARI,14,LA,Full Game,ARI,00-0039738,B.Corum,00-0039738,Blake Corum,RB,12,128.0,A,36,249.0,0.3333333333333333,0.5140562248995983
2025_14_LA_ARI,14,ARI,Full Game,LA,00-0036924,M.Carter,00-0036924,Michael Carter,RB,3,13.0,H,14,51.0,0.21428571428571427,0.2549019607843137
2025_14_LA_ARI,14,LA,Full Game,ARI,00-0037557,R.Rivers,00-0037557,Ronnie Rivers,RB,8,41.0,A,36,249.0,0.2222222222222222,0.1646586345381526
2025_14_MIA_NYJ,14,MIA,Full Game,NYJ,00-0039040,D.Achane,00-0039040,De'Von Achane,RB,7,92.0,A,41,239.0,0.17073170731707318,0.38493723849372385
2025_14_MIA_NYJ,14,NYJ,Full Game,MIA,00-0038120,B.Hall,00-0038120,Breece Hall,RB,14,43.0,H,17,65.0,0.8235294117647058,0.6615384615384615
2025_14_MIA_NYJ,14,MIA,Full Game,NYJ,00-0039874,J.Wright,00-0039874,Jaylen Wright,RB,24,107.0,A,41,239.0,0.5853658536585366,0.4476987447698745
2025_14_MIA_NYJ,14,NYJ,Full Game,MIA,00-0039798,I.Davis,00-0039798,Isaiah Davis,RB,2,22.0,H,17,65.0,0.11764705882352941,0.3384615384615385
2025_14_MIA_NYJ,14,MIA,Full Game,NYJ,00-0040198,O.Gordon,00-0040198,Ollie Gordon II,RB,5,17.0,A,41,239.0,0.12195121951219512,0.07112970711297072
2025_14_NO_TB,14,NO,Full Game,TB,00-0040202,D.Neal,00-0040202,Devin Neal,RB,19,70.0,A,32,139.0,0.59375,0.5035971223021583
2025_14_NO_TB,14,TB,Full Game,NO,00-0039361,B.Irving,00-0039361,Bucky Irving,RB,15,55.0,H,39,179.0,0.38461538461538464,0.30726256983240224
2025_14_NO_TB,14,TB,Full Game,NO,00-0037256,R.White,00-0037256,Rachaad White,RB,11,53.0,H,39,179.0,0.28205128205128205,0.29608938547486036
2025_14_NO_TB,14,TB,Full Game,NO,00-0038951,S.Tucker,00-0038951,Sean Tucker,RB,7,29.0,H,39,179.0,0.1794871794871795,0.16201117318435754
2025_14_NO_TB,14,NO,Full Game,TB,00-0038397,E.Hull,00-0038397,Evan Hull,RB,1,4.0,A,32,139.0,0.03125,0.02877697841726619
2025_14_NO_TB,14,NO,Full Game,TB,00-0039373,A.Estime,00-0039373,Audric Estimé,RB,3,11.0,A,32,139.0,0.09375,0.07913669064748201
2025_14_PHI_LAC,14,PHI,Full Game,LAC,00-0034844,S.Barkley,00-0034844,Saquon Barkley,RB,20,122.0,A,25,134.0,0.8,0.9104477611940298
2025_14_PHI_LAC,14,LAC,Full Game,PHI,00-0039391,K.Vidal,00-0039391,Kimani Vidal,RB,14,44.0,H,38,169.0,0.3684210526315789,0.2603550295857988
2025_14_PHI_LAC,14,LAC,Full Game,PHI,00-0040666,O.Hampton,00-0040666,Omarion Hampton,RB,13,56.0,H,38,169.0,0.34210526315789475,0.33136094674556216
2025_14_PHI_LAC,14,PHI,Full Game,LAC,00-0038555,T.Bigsby,00-0038555,Tank Bigsby,RB,1,4.0,A,25,134.0,0.04,0.029850746268656716
2025_14_PIT_BAL,14,BAL,Full Game,PIT,00-0032764,D.Henry,00-0032764,Derrick Henry,RB,25,94.0,H,40,217.0,0.625,0.43317972350230416
2025_14_PIT_BAL,14,BAL,Full Game,PIT,00-0038454,K.Mitchell,00-0038454,Keaton Mitchell,RB,6,76.0,H,40,217.0,0.15,0.35023041474654376
2025_14_PIT_BAL,14,PIT,Full Game,BAL,00-0037228,J.Warren,00-0037228,Jaylen Warren,RB,8,13.0,A,17,34.0,0.47058823529411764,0.38235294117647056
2025_14_PIT_BAL,14,PIT,Full Game,BAL,00-0036919,K.Gainwell,00-0036919,Kenneth Gainwell,RB,4,15.0,A,17,34.0,0.23529411764705882,0.4411764705882353
2025_14_PIT_BAL,14,PIT,Full Game,BAL,00-0040142,K.Johnson,00-0040142,Kaleb Johnson,RB,2,4.0,A,17,34.0,0.11764705882352941,0.11764705882352941
2025_14_PIT_BAL,14,BAL,Full Game,PIT,00-0039796,R.Ali,00-0039796,Rasheen Ali,RB,1,2.0,H,40,217.0,0.025,0.009216589861751152
2025_14_SEA_ATL,14,ATL,Full Game,SEA,00-0038542,B.Robinson,00-0038542,Bijan Robinson,RB,20,86.0,H,31,120.0,0.6451612903225806,0.7166666666666667
2025_14_SEA_ATL,14,ATL,Full Game,SEA,00-0037263,T.Allgeier,00-0037263,Tyler Allgeier,RB,11,34.0,H,31,120.0,0.3548387096774194,0.2833333333333333
2025_14_SEA_ATL,14,SEA,Full Game,ATL,00-0038134,K.Walker,00-0038134,Kenneth Walker III,RB,10,29.0,A,26,129.0,0.38461538461538464,0.2248062015503876
2025_14_SEA_ATL,14,SEA,Full Game,ATL,00-0039165,Z.Charbonnet,00-0039165,Zach Charbonnet,RB,7,46.0,A,26,129.0,0.2692307692307692,0.35658914728682173
2025_14_SEA_ATL,14,SEA,Full Game,ATL,00-0037745,V.Jones,00-0037745,Velus Jones Jr.,RB,4,32.0,A,26,129.0,0.15384615384615385,0.24806201550387597
2025_14_TEN_CLE,14,TEN,Full Game,CLE,00-0035261,T.Pollard,00-0035261,Tony Pollard,RB,25,161.0,A,35,184.0,0.7142857142857143,0.875
2025_14_TEN_CLE,14,CLE,Full Game,TEN,00-0040784,Q.Judkins,00-0040784,Quinshon Judkins,RB,14,26.0,H,20,61.0,0.7,0.4262295081967213
2025_14_TEN_CLE,14,TEN,Full Game,CLE,00-0039032,T.Spears,00-0039032,Tyjae Spears,RB,8,19.0,A,35,184.0,0.22857142857142856,0.10326086956521739
2025_14_TEN_CLE,14,CLE,Full Game,TEN,00-0040162,D.Sampson,00-0040162,Dylan Sampson,RB,2,4.0,H,20,61.0,0.1,0.06557377049180328
2025_14_WAS_MIN,14,MIN,Full Game,WAS,00-0033293,A.Jones,00-0033293,Aaron Jones,RB,14,76.0,H,34,162.0,0.4117647058823529,0.4691358024691358
2025_14_WAS_MIN,14,WAS,Full Game,MIN,00-0038611,C.Rodriguez,00-0038611,Chris Rodriguez Jr.,RB,10,52.0,A,23,107.0,0.43478260869565216,0.48598130841121495
2025_14_WAS_MIN,14,MIN,Full Game,WAS,00-0037525,J.Mason,00-0037525,Jordan Mason,RB,11,52.0,H,34,162.0,0.3235294117647059,0.32098765432098764
2025_14_WAS_MIN,14,WAS,Full Game,MIN,00-0040242,J.Croskey-Merritt,00-0040242,Jacory Croskey-Merritt,RB,7,32.0,A,23,107.0,0.30434782608695654,0.29906542056074764
2025_14_WAS_MIN,14,MIN,Full Game,WAS,00-0038440,Z.Scott,00-0038440,Zavier Scott,RB,3,15.0,H,34,162.0,0.08823529411764706,0.09259259259259259
2025_15_ARI_HOU,15,HOU,Full Game,ARI,00-0040583,W.Marks,00-0040583,Woody Marks,RB,7,30.0,H,33,143.0,0.21212121212121213,0.2097902097902098
2025_15_ARI_HOU,15,ARI,Full Game,HOU,00-0037157,Z.Knight,00-0037157,Bam Knight,RB,1,-2.0,A,21,72.0,0.047619047619047616,-0.027777777777777776
2025_15_ARI_HOU,15,HOU,Full Game,ARI,00-0039405,J.Jordan,00-0039405,Jawhar Jordan,RB,15,101.0,H,33,143.0,0.45454545454545453,0.7062937062937062
2025_15_ARI_HOU,15,HOU,Full Game,ARI,00-0033854,D.Ogunbowale,00-0033854,Dare Ogunbowale,RB,5,2.0,H,33,143.0,0.15151515151515152,0.013986013986013986
2025_15_ARI_HOU,15,ARI,Full Game,HOU,00-0036924,M.Carter,00-0036924,Michael Carter,RB,14,56.0,A,21,72.0,0.6666666666666666,0.7777777777777778
2025_15_ARI_HOU,15,ARI,Full Game,HOU,00-0040556,C.Kiner,00-0040556,Corey Kiner,RB,2,11.0,A,21,72.0,0.09523809523809523,0.1527777777777778
2025_15_ARI_HOU,15,ARI,Full Game,HOU,00-0038705,E.Demercado,00-0038705,Emari Demercado,RB,1,1.0,A,21,72.0,0.047619047619047616,0.013888888888888888
2025_15_ATL_TB,15,TB,Full Game,ATL,00-0039361,B.Irving,00-0039361,Bucky Irving,RB,16,60.0,H,22,88.0,0.7272727272727273,0.6818181818181818
2025_15_ATL_TB,15,ATL,Full Game,TB,00-0038542,B.Robinson,00-0038542,Bijan Robinson,RB,19,93.0,A,21,111.0,0.9047619047619048,0.8378378378378378
2025_15_ATL_TB,15,ATL,Full Game,TB,00-0037263,T.Allgeier,00-0037263,Tyler Allgeier,RB,2,18.0,A,21,111.0,0.09523809523809523,0.16216216216216217
2025_15_ATL_TB,15,TB,Full Game,ATL,00-0037256,R.White,00-0037256,Rachaad White,RB,1,20.0,H,22,88.0,0.045454545454545456,0.22727272727272727
2025_15_ATL_TB,15,TB,Full Game,ATL,00-0038951,S.Tucker,00-0038951,Sean Tucker,RB,4,7.0,H,22,88.0,0.18181818181818182,0.07954545454545454
2025_15_BAL_CIN,15,BAL,Full Game,CIN,00-0032764,D.Henry,00-0032764,Derrick Henry,RB,11,100.0,A,24,189.0,0.4583333333333333,0.5291005291005291
2025_15_BAL_CIN,15,CIN,Full Game,BAL,00-0038597,C.Brown,00-0038597,Chase Brown,RB,13,53.0,H,29,100.0,0.4482758620689655,0.53
2025_15_BAL_CIN,15,CIN,Full Game,BAL,00-0033526,S.Perine,00-0033526,Samaje Perine,RB,14,42.0,H,29,100.0,0.4827586206896552,0.42
2025_15_BAL_CIN,15,BAL,Full Game,CIN,00-0038454,K.Mitchell,00-0038454,Keaton Mitchell,RB,8,66.0,A,24,189.0,0.3333333333333333,0.3492063492063492
2025_15_BUF_NE,15,NE,Full Game,BUF,00-0036875,R.Stevenson,00-0036875,Rhamondre Stevenson,RB,6,50.0,H,25,246.0,0.24,0.2032520325203252
2025_15_BUF_NE,15,NE,Full Game,BUF,00-0040734,T.Henderson,00-0040734,TreVeyon Henderson,RB,14,148.0,H,25,246.0,0.56,0.6016260162601627
2025_15_BUF_NE,15,BUF,Full Game,NE,00-0037248,J.Cook,00-0037248,James Cook,RB,22,107.0,A,37,168.0,0.5945945945945946,0.6369047619047619
2025_15_BUF_NE,15,BUF,Full Game,NE,00-0035537,Ty.Johnson,00-0035537,Ty Johnson,RB,4,13.0,A,37,168.0,0.10810810810810811,0.07738095238095238
2025_15_CAR_NO,15,NO,Full Game,CAR,00-0040202,D.Neal,00-0040202,Devin Neal,RB,7,28.0,H,25,81.0,0.28,0.345679012345679
2025_15_CAR_NO,15,CAR,Full Game,NO,00-0036139,R.Dowdle,00-0036139,Rico Dowdle,RB,16,49.0,A,31,127.0,0.5161290322580645,0.3858267716535433
2025_15_CAR_NO,15,CAR,Full Game,NO,00-0036555,C.Hubbard,00-0036555,Chuba Hubbard,RB,8,29.0,A,31,127.0,0.25806451612903225,0.2283464566929134
2025_15_CAR_NO,15,NO,Full Game,CAR,00-0039373,A.Estime,00-0039373,Audric Estimé,RB,3,11.0,H,25,81.0,0.12,0.13580246913580246
2025_15_CAR_NO,15,NO,Full Game,CAR,00-0038397,E.Hull,00-0038397,Evan Hull,RB,4,12.0,H,25,81.0,0.16,0.14814814814814814
2025_15_CLE_CHI,15,CHI,Full Game,CLE,00-0036275,D.Swift,00-0036275,D'Andre Swift,RB,18,98.0,H,33,142.0,0.5454545454545454,0.6901408450704225
2025_15_CLE_CHI,15,CLE,Full Game,CHI,00-0040784,Q.Judkins,00-0040784,Quinshon Judkins,RB,12,21.0,A,16,50.0,0.75,0.42
2025_15_CLE_CHI,15,CHI,Full Game,CLE,00-0040236,K.Monangai,00-0040236,Kyle Monangai,RB,11,33.0,H,33,142.0,0.3333333333333333,0.2323943661971831
2025_15_CLE_CHI,15,CLE,Full Game,CHI,00-0035291,T.Williams,00-0035291,Trayveon Williams,RB,1,3.0,A,16,50.0,0.0625,0.06
2025_15_DET_LA,15,DET,Full Game,LA,00-0039139,J.Gibbs,00-0039139,Jahmyr Gibbs,RB,13,38.0,A,20,70.0,0.65,0.5428571428571428
2025_15_DET_LA,15,LA,Full Game,DET,00-0037840,K.Williams,00-0037840,Kyren Williams,RB,15,78.0,H,29,159.0,0.5172413793103449,0.49056603773584906
2025_15_DET_LA,15,LA,Full Game,DET,00-0039738,B.Corum,00-0039738,Blake Corum,RB,11,71.0,H,29,159.0,0.3793103448275862,0.44654088050314467
2025_15_DET_LA,15,DET,Full Game,LA,00-0035685,D.Montgomery,00-0035685,David Montgomery,RB,7,32.0,A,20,70.0,0.35,0.45714285714285713
2025_15_GB_DEN,15,DEN,Full Game,GB,00-0040730,R.Harvey,00-0040730,RJ Harvey,RB,19,65.0,H,31,89.0,0.6129032258064516,0.7303370786516854
2025_15_GB_DEN,15,GB,Full Game,DEN,00-0035700,J.Jacobs,00-0035700,Josh Jacobs,RB,12,73.0,A,20,115.0,0.6,0.6347826086956522
2025_15_GB_DEN,15,DEN,Full Game,GB,00-0038794,J.McLaughlin,00-0038794,Jaleel McLaughlin,RB,2,4.0,H,31,89.0,0.06451612903225806,0.0449438202247191
2025_15_GB_DEN,15,GB,Full Game,DEN,00-0038797,E.Wilson,00-0038797,Emanuel Wilson,RB,2,3.0,A,20,115.0,0.1,0.02608695652173913
2025_15_GB_DEN,15,GB,Full Game,DEN,00-0038685,C.Brooks,00-0038685,Chris Brooks,RB,2,10.0,A,20,115.0,0.1,0.08695652173913043
2025_15_GB_DEN,15,DEN,Full Game,GB,00-0036727,A.Prentice,00-0036727,Adam Prentice,RB,1,-1.0,H,31,89.0,0.03225806451612903,-0.011235955056179775
2025_15_IND_SEA,15,IND,Full Game,SEA,00-0036223,J.Taylor,00-0036223,Jonathan Taylor,RB,25,87.0,A,30,102.0,0.8333333333333334,0.8529411764705882
2025_15_IND_SEA,15,SEA,Full Game,IND,00-0038134,K.Walker,00-0038134,Kenneth Walker III,RB,9,17.0,H,22,50.0,0.4090909090909091,0.34
2025_15_IND_SEA,15,IND,Full Game,SEA,00-0032104,A.Abdullah,00-0032104,Ameer Abdullah,RB,4,15.0,A,30,102.0,0.13333333333333333,0.14705882352941177
2025_15_IND_SEA,15,SEA,Full Game,IND,00-0039165,Z.Charbonnet,00-0039165,Zach Charbonnet,RB,8,31.0,H,22,50.0,0.36363636363636365,0.62
2025_15_LAC_KC,15,KC,Full Game,LAC,00-0037197,I.Pacheco,00-0037197,Isiah Pacheco,RB,11,21.0,H,21,49.0,0.5238095238095238,0.42857142857142855
2025_15_LAC_KC,15,KC,Full Game,LAC,00-0040078,B.Smith,00-0040078,Brashard Smith,RB,2,1.0,H,21,49.0,0.09523809523809523,0.02040816326530612
2025_15_LAC_KC,15,KC,Full Game,LAC,00-0033923,K.Hunt,00-0033923,Kareem Hunt,RB,6,12.0,H,21,49.0,0.2857142857142857,0.24489795918367346
2025_15_LAC_KC,15,LAC,Full Game,KC,00-0039391,K.Vidal,00-0039391,Kimani Vidal,RB,12,33.0,A,29,94.0,0.41379310344827586,0.35106382978723405
2025_15_LAC_KC,15,LAC,Full Game,KC,00-0040666,O.Hampton,00-0040666,Omarion Hampton,RB,15,61.0,A,29,94.0,0.5172413793103449,0.648936170212766
2025_15_LV_PHI,15,PHI,Full Game,LV,00-0034844,S.Barkley,00-0034844,Saquon Barkley,RB,22,78.0,H,47,183.0,0.46808510638297873,0.4262295081967213
2025_15_LV_PHI,15,LV,Full Game,PHI,00-0040122,A.Jeanty,00-0040122,Ashton Jeanty,RB,9,35.0,A,13,46.0,0.6923076923076923,0.7608695652173914
2025_15_LV_PHI,15,PHI,Full Game,LV,00-0038555,T.Bigsby,00-0038555,Tank Bigsby,RB,17,57.0,H,47,183.0,0.3617021276595745,0.3114754098360656
2025_15_LV_PHI,15,LV,Full Game,PHI,00-0039407,D.Laube,00-0039407,Dylan Laube,RB,2,4.0,A,13,46.0,0.15384615384615385,0.08695652173913043
2025_15_MIA_PIT,15,MIA,Full Game,PIT,00-0039040,D.Achane,00-0039040,De'Von Achane,RB,12,60.0,A,16,63.0,0.75,0.9523809523809523
2025_15_MIA_PIT,15,PIT,Full Game,MIA,00-0036919,K.Gainwell,00-0036919,Kenneth Gainwell,RB,13,80.0,H,32,135.0,0.40625,0.5925925925925926
2025_15_MIA_PIT,15,PIT,Full Game,MIA,00-0037228,J.Warren,00-0037228,Jaylen Warren,RB,12,33.0,H,32,135.0,0.375,0.24444444444444444
2025_15_MIA_PIT,15,MIA,Full Game,PIT,00-0039874,J.Wright,00-0039874,Jaylen Wright,RB,1,2.0,A,16,63.0,0.0625,0.031746031746031744
2025_15_MIA_PIT,15,MIA,Full Game,PIT,00-0040198,O.Gordon,00-0040198,Ollie Gordon II,RB,2,0.0,A,16,63.0,0.125,0.0
2025_15_MIA_PIT,15,PIT,Full Game,MIA,00-0040142,K.Johnson,00-0040142,Kaleb Johnson,RB,2,4.0,H,32,135.0,0.0625,0.02962962962962963
2025_15_MIN_DAL,15,MIN,Full Game,DAL,00-0033293,A.Jones,00-0033293,Aaron Jones,RB,12,34.0,A,28,77.0,0.42857142857142855,0.44155844155844154
2025_15_MIN_DAL,15,DAL,Full Game,MIN,00-0036997,J.Williams,00-0036997,Javonte Williams,RB,15,91.0,H,29,138.0,0.5172413793103449,0.6594202898550725
2025_15_MIN_DAL,15,DAL,Full Game,MIN,00-0037563,M.Davis,00-0037563,Malik Davis,RB,8,21.0,H,29,138.0,0.27586206896551724,0.15217391304347827
2025_15_MIN_DAL,15,DAL,Full Game,MIN,00-0038738,H.Luepke,00-0038738,Hunter Luepke,RB,3,16.0,H,29,138.0,0.10344827586206896,0.11594202898550725
2025_15_MIN_DAL,15,MIN,Full Game,DAL,00-0037525,J.Mason,00-0037525,Jordan Mason,RB,10,29.0,A,28,77.0,0.35714285714285715,0.37662337662337664
2025_15_MIN_DAL,15,MIN,Full Game,DAL,00-0032918,C.Ham,00-0032918,C.J. Ham,RB,1,1.0,A,28,77.0,0.03571428571428571,0.012987012987012988
2025_15_NYJ_JAX,15,JAX,Full Game,NYJ,00-0036973,T.Etienne,00-0036973,Travis Etienne,RB,12,32.0,H,27,108.0,0.4444444444444444,0.2962962962962963
2025_15_NYJ_JAX,15,NYJ,Full Game,JAX,00-0038120,B.Hall,00-0038120,Breece Hall,RB,12,23.0,A,32,130.0,0.375,0.17692307692307693
2025_15_NYJ_JAX,15,NYJ,Full Game,JAX,00-0039798,I.Davis,00-0039798,Isaiah Davis,RB,9,58.0,A,32,130.0,0.28125,0.4461538461538462
2025_15_NYJ_JAX,15,JAX,Full Game,NYJ,00-0040719,B.Tuten,00-0040719,Bhayshul Tuten,RB,1,7.0,H,27,108.0,0.037037037037037035,0.06481481481481481
2025_15_NYJ_JAX,15,NYJ,Full Game,JAX,00-0036906,K.Herbert,00-0036906,Khalil Herbert,RB,2,5.0,A,32,130.0,0.0625,0.038461538461538464
2025_15_NYJ_JAX,15,JAX,Full Game,NYJ,00-0040238,L.Allen,00-0040238,LeQuint Allen Jr.,RB,4,11.0,H,27,108.0,0.14814814814814814,0.10185185185185185
2025_15_NYJ_JAX,15,NYJ,Full Game,JAX,00-0034959,A.Beck,00-0034959,Andrew Beck,RB,1,5.0,A,32,130.0,0.03125,0.038461538461538464
2025_15_TEN_SF,15,TEN,Full Game,SF,00-0035261,T.Pollard,00-0035261,Tony Pollard,RB,14,104.0,A,20,136.0,0.7,0.7647058823529411
2025_15_TEN_SF,15,SF,Full Game,TEN,00-0033280,C.McCaffrey,00-0033280,Christian McCaffrey,RB,22,73.0,H,38,138.0,0.5789473684210527,0.5289855072463768
2025_15_TEN_SF,15,TEN,Full Game,SF,00-0039032,T.Spears,00-0039032,Tyjae Spears,RB,3,34.0,A,20,136.0,0.15,0.25
2025_15_TEN_SF,15,TEN,Full Game,SF,00-0040205,K.Mullings,00-0040205,Kalel Mullings,RB,1,3.0,A,20,136.0,0.05,0.022058823529411766
2025_15_TEN_SF,15,SF,Full Game,TEN,00-0037746,B.Robinson,00-0037746,Brian Robinson,RB,9,21.0,H,38,138.0,0.23684210526315788,0.15217391304347827
2025_15_WAS_NYG,15,WAS,Full Game,NYG,00-0033955,J.McNichols,00-0033955,Jeremy McNichols,RB,9,6.0,A,37,145.0,0.24324324324324326,0.041379310344827586
2025_15_WAS_NYG,15,NYG,Full Game,WAS,00-0039384,T.Tracy,00-0039384,Tyrone Tracy Jr.,RB,15,70.0,H,29,146.0,0.5172413793103449,0.4794520547945205
2025_15_WAS_NYG,15,WAS,Full Game,NYG,00-0040242,J.Croskey-Merritt,00-0040242,Jacory Croskey-Merritt,RB,18,96.0,A,37,145.0,0.4864864864864865,0.6620689655172414
2025_15_WAS_NYG,15,NYG,Full Game,WAS,00-0035250,D.Singletary,00-0035250,Devin Singletary,RB,5,13.0,H,29,146.0,0.1724137931034483,0.08904109589041095
2025_16_ATL_ARI,16,ARI,Full Game,ATL,00-0036924,M.Carter,00-0036924,Michael Carter,RB,11,65.0,H,23,132.0,0.4782608695652174,0.49242424242424243
2025_16_ATL_ARI,16,ATL,Full Game,ARI,00-0038542,B.Robinson,00-0038542,Bijan Robinson,RB,16,76.0,A,37,152.0,0.43243243243243246,0.5
2025_16_ATL_ARI,16,ARI,Full Game,ATL,00-0038705,E.Demercado,00-0038705,Emari Demercado,RB,5,30.0,H,23,132.0,0.21739130434782608,0.22727272727272727
2025_16_ATL_ARI,16,ATL,Full Game,ARI,00-0037263,T.Allgeier,00-0037263,Tyler Allgeier,RB,16,79.0,A,37,152.0,0.43243243243243246,0.5197368421052632
2025_16_ATL_ARI,16,ARI,Full Game,ATL,00-0040556,C.Kiner,00-0040556,Corey Kiner,RB,6,32.0,H,23,132.0,0.2608695652173913,0.24242424242424243
2025_16_BUF_CLE,16,CLE,Full Game,BUF,00-0040784,Q.Judkins,00-0040784,Quinshon Judkins,RB,8,22.0,H,31,160.0,0.25806451612903225,0.1375
2025_16_BUF_CLE,16,BUF,Full Game,CLE,00-0037248,J.Cook,00-0037248,James Cook,RB,16,117.0,A,29,164.0,0.5517241379310345,0.7134146341463414
2025_16_BUF_CLE,16,BUF,Full Game,CLE,00-0035537,Ty.Johnson,00-0035537,Ty Johnson,RB,3,16.0,A,29,164.0,0.10344827586206896,0.0975609756097561
2025_16_BUF_CLE,16,CLE,Full Game,BUF,00-0040466,R.Sanders,00-0040466,Raheim Sanders,RB,11,42.0,H,31,160.0,0.3548387096774194,0.2625
2025_16_BUF_CLE,16,CLE,Full Game,BUF,00-0035291,T.Williams,00-0035291,Trayveon Williams,RB,3,17.0,H,31,160.0,0.0967741935483871,0.10625
2025_16_BUF_CLE,16,BUF,Full Game,CLE,00-0039875,R.Davis,00-0039875,Ray Davis,RB,3,14.0,A,29,164.0,0.10344827586206896,0.08536585365853659
2025_16_CIN_MIA,16,CIN,Full Game,MIA,00-0038597,C.Brown,00-0038597,Chase Brown,RB,12,66.0,A,26,105.0,0.46153846153846156,0.6285714285714286
2025_16_CIN_MIA,16,MIA,Full Game,CIN,00-0039040,D.Achane,00-0039040,De'Von Achane,RB,15,81.0,H,28,129.0,0.5357142857142857,0.627906976744186
2025_16_CIN_MIA,16,MIA,Full Game,CIN,00-0039874,J.Wright,00-0039874,Jaylen Wright,RB,9,35.0,H,28,129.0,0.32142857142857145,0.2713178294573643
2025_16_CIN_MIA,16,MIA,Full Game,CIN,00-0040198,O.Gordon,00-0040198,Ollie Gordon II,RB,1,-1.0,H,28,129.0,0.03571428571428571,-0.007751937984496124
2025_16_CIN_MIA,16,CIN,Full Game,MIA,00-0033526,S.Perine,00-0033526,Samaje Perine,RB,7,25.0,A,26,105.0,0.2692307692307692,0.23809523809523808
2025_16_CIN_MIA,16,CIN,Full Game,MIA,00-0040208,T.Brooks,00-0040208,Tahj Brooks,RB,4,7.0,A,26,105.0,0.15384615384615385,0.06666666666666667
2025_16_GB_CHI,16,GB,Full Game,CHI,00-0035700,J.Jacobs,00-0035700,Josh Jacobs,RB,12,36.0,A,44,192.0,0.2727272727272727,0.1875
2025_16_GB_CHI,16,CHI,Full Game,GB,00-0036275,D.Swift,00-0036275,D'Andre Swift,RB,13,58.0,H,26,150.0,0.5,0.38666666666666666
2025_16_GB_CHI,16,CHI,Full Game,GB,00-0040236,K.Monangai,00-0040236,Kyle Monangai,RB,9,50.0,H,26,150.0,0.34615384615384615,0.3333333333333333
2025_16_GB_CHI,16,GB,Full Game,CHI,00-0038797,E.Wilson,00-0038797,Emanuel Wilson,RB,14,82.0,A,44,192.0,0.3181818181818182,0.4270833333333333
2025_16_GB_CHI,16,GB,Full Game,CHI,00-0038685,C.Brooks,00-0038685,Chris Brooks,RB,1,4.0,A,44,192.0,0.022727272727272728,0.020833333333333332
2025_16_JAX_DEN,16,DEN,Full Game,JAX,00-0040730,R.Harvey,00-0040730,RJ Harvey,RB,7,50.0,H,17,101.0,0.4117647058823529,0.49504950495049505
2025_16_JAX_DEN,16,JAX,Full Game,DEN,00-0036973,T.Etienne,00-0036973,Travis Etienne,RB,16,50.0,A,27,81.0,0.5925925925925926,0.6172839506172839
2025_16_JAX_DEN,16,DEN,Full Game,JAX,00-0038794,J.McLaughlin,00-0038794,Jaleel McLaughlin,RB,5,37.0,H,17,101.0,0.29411764705882354,0.36633663366336633
2025_16_JAX_DEN,16,JAX,Full Game,DEN,00-0040238,L.Allen,00-0040238,LeQuint Allen Jr.,RB,4,10.0,A,27,81.0,0.14814814814814814,0.12345679012345678
2025_16_KC_TEN,16,TEN,Full Game,KC,00-0035261,T.Pollard,00-0035261,Tony Pollard,RB,21,102.0,H,40,164.0,0.525,0.6219512195121951
2025_16_KC_TEN,16,TEN,Full Game,KC,00-0040205,K.Mullings,00-0040205,Kalel Mullings,RB,1,0.0,H,40,164.0,0.025,0.0
2025_16_KC_TEN,16,TEN,Full Game,KC,00-0039032,T.Spears,00-0039032,Tyjae Spears,RB,13,52.0,H,40,164.0,0.325,0.3170731707317073
2025_16_KC_TEN,16,KC,Full Game,TEN,00-0037197,I.Pacheco,00-0037197,Isiah Pacheco,RB,8,34.0,A,15,51.0,0.5333333333333333,0.6666666666666666
2025_16_KC_TEN,16,KC,Full Game,TEN,00-0033923,K.Hunt,00-0033923,Kareem Hunt,RB,3,2.0,A,15,51.0,0.2,0.0392156862745098
2025_16_KC_TEN,16,TEN,Full Game,KC,00-0037594,J.Chestnut,00-0037594,Julius Chestnut,RB,1,1.0,H,40,164.0,0.025,0.006097560975609756
2025_16_LAC_DAL,16,DAL,Full Game,LAC,00-0036997,J.Williams,00-0036997,Javonte Williams,RB,9,34.0,H,23,91.0,0.391304347826087,0.37362637362637363
2025_16_LAC_DAL,16,LAC,Full Game,DAL,00-0039391,K.Vidal,00-0039391,Kimani Vidal,RB,5,11.0,A,33,152.0,0.15151515151515152,0.07236842105263158
2025_16_LAC_DAL,16,LAC,Full Game,DAL,00-0040666,O.Hampton,00-0040666,Omarion Hampton,RB,16,85.0,A,33,152.0,0.48484848484848486,0.5592105263157895
2025_16_LAC_DAL,16,DAL,Full Game,LAC,00-0037563,M.Davis,00-0037563,Malik Davis,RB,8,23.0,H,23,91.0,0.34782608695652173,0.25274725274725274
2025_16_LAC_DAL,16,DAL,Full Game,LAC,00-0038738,H.Luepke,00-0038738,Hunter Luepke,RB,1,0.0,H,23,91.0,0.043478260869565216,0.0
2025_16_LAC_DAL,16,LAC,Full Game,DAL,00-0037617,H.Haskins,00-0037617,Hassan Haskins,RB,4,14.0,A,33,152.0,0.12121212121212122,0.09210526315789473
2025_16_LA_SEA,16,LA,Full Game,SEA,00-0037840,K.Williams,00-0037840,Kyren Williams,RB,23,70.0,A,39,124.0,0.5897435897435898,0.5645161290322581
2025_16_LA_SEA,16,SEA,Full Game,LA,00-0038134,K.Walker,00-0038134,Kenneth Walker III,RB,11,100.0,H,25,171.0,0.44,0.5847953216374269
2025_16_LA_SEA,16,SEA,Full Game,LA,00-0039165,Z.Charbonnet,00-0039165,Zach Charbonnet,RB,9,32.0,H,25,171.0,0.36,0.1871345029239766
2025_16_LA_SEA,16,LA,Full Game,SEA,00-0039738,B.Corum,00-0039738,Blake Corum,RB,14,48.0,A,39,124.0,0.358974358974359,0.3870967741935484
2025_16_LV_HOU,16,HOU,Full Game,LV,00-0039405,J.Jordan,00-0039405,Jawhar Jordan,RB,15,53.0,H,26,83.0,0.5769230769230769,0.6385542168674698
2025_16_LV_HOU,16,HOU,Full Game,LV,00-0034791,N.Chubb,00-0034791,Nick Chubb,RB,6,33.0,H,26,83.0,0.23076923076923078,0.39759036144578314
2025_16_LV_HOU,16,LV,Full Game,HOU,00-0040122,A.Jeanty,00-0040122,Ashton Jeanty,RB,24,128.0,A,27,145.0,0.8888888888888888,0.8827586206896552
2025_16_LV_HOU,16,HOU,Full Game,LV,00-0033854,D.Ogunbowale,00-0033854,Dare Ogunbowale,RB,1,-3.0,H,26,83.0,0.038461538461538464,-0.03614457831325301
2025_16_LV_HOU,16,LV,Full Game,HOU,00-0031687,R.Mostert,00-0031687,Raheem Mostert,RB,1,6.0,A,27,145.0,0.037037037037037035,0.041379310344827586
2025_16_MIN_NYG,16,MIN,Full Game,NYG,00-0033293,A.Jones,00-0033293,Aaron Jones,RB,21,85.0,A,31,114.0,0.6774193548387096,0.7456140350877193
2025_16_MIN_NYG,16,MIN,Full Game,NYG,00-0037525,J.Mason,00-0037525,Jordan Mason,RB,2,5.0,A,31,114.0,0.06451612903225806,0.043859649122807015
2025_16_MIN_NYG,16,NYG,Full Game,MIN,00-0039384,T.Tracy,00-0039384,Tyrone Tracy Jr.,RB,16,71.0,H,30,128.0,0.5333333333333333,0.5546875
2025_16_MIN_NYG,16,MIN,Full Game,NYG,00-0038440,Z.Scott,00-0038440,Zavier Scott,RB,2,4.0,A,31,114.0,0.06451612903225806,0.03508771929824561
2025_16_MIN_NYG,16,NYG,Full Game,MIN,00-0035250,D.Singletary,00-0035250,Devin Singletary,RB,11,47.0,H,30,128.0,0.36666666666666664,0.3671875
2025_16_MIN_NYG,16,MIN,Full Game,NYG,00-0032918,C.Ham,00-0032918,C.J. Ham,RB,1,3.0,A,31,114.0,0.03225806451612903,0.02631578947368421
2025_16_NE_BAL,16,BAL,Full Game,NE,00-0032764,D.Henry,00-0032764,Derrick Henry,RB,18,128.0,H,33,171.0,0.5454545454545454,0.7485380116959064
2025_16_NE_BAL,16,NE,Full Game,BAL,00-0036875,R.Stevenson,00-0036875,Rhamondre Stevenson,RB,8,51.0,A,23,79.0,0.34782608695652173,0.6455696202531646
2025_16_NE_BAL,16,NE,Full Game,BAL,00-0040734,T.Henderson,00-0040734,TreVeyon Henderson,RB,5,3.0,A,23,79.0,0.21739130434782608,0.0379746835443038
2025_16_NE_BAL,16,BAL,Full Game,NE,00-0038454,K.Mitchell,00-0038454,Keaton Mitchell,RB,9,13.0,H,33,171.0,0.2727272727272727,0.07602339181286549
2025_16_NYJ_NO,16,NYJ,Full Game,NO,00-0038120,B.Hall,00-0038120,Breece Hall,RB,16,54.0,A,20,64.0,0.8,0.84375
2025_16_NYJ_NO,16,NO,Full Game,NYJ,00-0039373,A.Estime,00-0039373,Audric Estimé,RB,5,19.0,H,25,84.0,0.2,0.2261904761904762
2025_16_NYJ_NO,16,NO,Full Game,NYJ,00-0038397,E.Hull,00-0038397,Evan Hull,RB,5,3.0,H,25,84.0,0.2,0.03571428571428571
2025_16_NYJ_NO,16,NYJ,Full Game,NO,00-0039798,I.Davis,00-0039798,Isaiah Davis,RB,3,8.0,A,20,64.0,0.15,0.125
2025_16_PHI_WAS,16,WAS,Full Game,PHI,00-0038611,C.Rodriguez,00-0038611,Chris Rodriguez Jr.,RB,15,63.0,H,26,90.0,0.5769230769230769,0.7
2025_16_PHI_WAS,16,PHI,Full Game,WAS,00-0034844,S.Barkley,00-0034844,Saquon Barkley,RB,21,132.0,A,34,207.0,0.6176470588235294,0.6376811594202898
2025_16_PHI_WAS,16,WAS,Full Game,PHI,00-0033955,J.McNichols,00-0033955,Jeremy McNichols,RB,1,3.0,H,26,90.0,0.038461538461538464,0.03333333333333333
2025_16_PHI_WAS,16,WAS,Full Game,PHI,00-0040242,J.Croskey-Merritt,00-0040242,Jacory Croskey-Merritt,RB,8,25.0,H,26,90.0,0.3076923076923077,0.2777777777777778
2025_16_PHI_WAS,16,PHI,Full Game,WAS,00-0038555,T.Bigsby,00-0038555,Tank Bigsby,RB,4,37.0,A,34,207.0,0.11764705882352941,0.178743961352657
2025_16_PIT_DET,16,PIT,Full Game,DET,00-0037228,J.Warren,00-0037228,Jaylen Warren,RB,14,143.0,A,27,230.0,0.5185185185185185,0.6217391304347826
2025_16_PIT_DET,16,PIT,Full Game,DET,00-0036919,K.Gainwell,00-0036919,Kenneth Gainwell,RB,9,50.0,A,27,230.0,0.3333333333333333,0.21739130434782608
2025_16_PIT_DET,16,DET,Full Game,PIT,00-0039139,J.Gibbs,00-0039139,Jahmyr Gibbs,RB,7,2.0,H,12,15.0,0.5833333333333334,0.13333333333333333
2025_16_PIT_DET,16,DET,Full Game,PIT,00-0035685,D.Montgomery,00-0035685,David Montgomery,RB,4,14.0,H,12,15.0,0.3333333333333333,0.9333333333333333
2025_16_SF_IND,16,IND,Full Game,SF,00-0036223,J.Taylor,00-0036223,Jonathan Taylor,RB,16,46.0,H,20,58.0,0.8,0.7931034482758621
2025_16_SF_IND,16,SF,Full Game,IND,00-0033280,C.McCaffrey,00-0033280,Christian McCaffrey,RB,21,117.0,A,31,145.0,0.6774193548387096,0.8068965517241379
2025_16_SF_IND,16,SF,Full Game,IND,00-0037746,B.Robinson,00-0037746,Brian Robinson,RB,5,20.0,A,31,145.0,0.16129032258064516,0.13793103448275862
2025_16_SF_IND,16,IND,Full Game,SF,00-0037120,T.Goodson,00-0037120,Tyler Goodson,RB,3,9.0,H,20,58.0,0.15,0.15517241379310345
2025_16_TB_CAR,16,CAR,Full Game,TB,00-0036139,R.Dowdle,00-0036139,Rico Dowdle,RB,9,29.0,H,20,101.0,0.45,0.2871287128712871
2025_16_TB_CAR,16,CAR,Full Game,TB,00-0036555,C.Hubbard,00-0036555,Chuba Hubbard,RB,6,27.0,H,20,101.0,0.3,0.26732673267326734
2025_16_TB_CAR,16,TB,Full Game,CAR,00-0039361,B.Irving,00-0039361,Bucky Irving,RB,19,71.0,A,33,169.0,0.5757575757575758,0.42011834319526625
2025_16_TB_CAR,16,TB,Full Game,CAR,00-0038951,S.Tucker,00-0038951,Sean Tucker,RB,4,3.0,A,33,169.0,0.12121212121212122,0.01775147928994083
2025_16_TB_CAR,16,TB,Full Game,CAR,00-0037256,R.White,00-0037256,Rachaad White,RB,5,45.0,A,33,169.0,0.15151515151515152,0.26627218934911245
2025_17_ARI_CIN,17,CIN,Full Game,ARI,00-0038597,C.Brown,00-0038597,Chase Brown,RB,22,101.0,H,35,120.0,0.6285714285714286,0.8416666666666667
2025_17_ARI_CIN,17,CIN,Full Game,ARI,00-0033526,S.Perine,00-0033526,Samaje Perine,RB,3,5.0,H,35,120.0,0.08571428571428572,0.041666666666666664
2025_17_ARI_CIN,17,ARI,Full Game,CIN,00-0036924,M.Carter,00-0036924,Michael Carter,RB,7,29.0,A,13,42.0,0.5384615384615384,0.6904761904761905
2025_17_ARI_CIN,17,ARI,Full Game,CIN,00-0040556,C.Kiner,00-0040556,Corey Kiner,RB,1,2.0,A,13,42.0,0.07692307692307693,0.047619047619047616
2025_17_ARI_CIN,17,ARI,Full Game,CIN,00-0038705,E.Demercado,00-0038705,Emari Demercado,RB,5,11.0,A,13,42.0,0.38461538461538464,0.2619047619047619
2025_17_ARI_CIN,17,CIN,Full Game,ARI,00-0040208,T.Brooks,00-0040208,Tahj Brooks,RB,3,10.0,H,35,120.0,0.08571428571428572,0.08333333333333333
2025_17_BAL_GB,17,BAL,Full Game,GB,00-0032764,D.Henry,00-0032764,Derrick Henry,RB,36,216.0,A,53,307.0,0.6792452830188679,0.7035830618892508
2025_17_BAL_GB,17,BAL,Full Game,GB,00-0038454,K.Mitchell,00-0038454,Keaton Mitchell,RB,9,31.0,A,53,307.0,0.16981132075471697,0.10097719869706841
2025_17_BAL_GB,17,GB,Full Game,BAL,00-0035700,J.Jacobs,00-0035700,Josh Jacobs,RB,4,3.0,H,17,79.0,0.23529411764705882,0.0379746835443038
2025_17_BAL_GB,17,GB,Full Game,BAL,00-0038797,E.Wilson,00-0038797,Emanuel Wilson,RB,3,16.0,H,17,79.0,0.17647058823529413,0.20253164556962025
2025_17_CHI_SF,17,SF,Full Game,CHI,00-0033280,C.McCaffrey,00-0033280,Christian McCaffrey,RB,23,140.0,H,34,200.0,0.6764705882352942,0.7
2025_17_CHI_SF,17,CHI,Full Game,SF,00-0040236,K.Monangai,00-0040236,Kyle Monangai,RB,8,38.0,A,22,110.0,0.36363636363636365,0.34545454545454546
2025_17_CHI_SF,17,SF,Full Game,CHI,00-0037746,B.Robinson,00-0037746,Brian Robinson,RB,4,22.0,H,34,200.0,0.11764705882352941,0.11
2025_17_CHI_SF,17,CHI,Full Game,SF,00-0036275,D.Swift,00-0036275,D'Andre Swift,RB,9,54.0,A,22,110.0,0.4090909090909091,0.4909090909090909
2025_17_DAL_WAS,17,DAL,Full Game,WAS,00-0036997,J.Williams,00-0036997,Javonte Williams,RB,13,54.0,A,44,211.0,0.29545454545454547,0.2559241706161137
2025_17_DAL_WAS,17,DAL,Full Game,WAS,00-0037563,M.Davis,00-0037563,Malik Davis,RB,20,103.0,A,44,211.0,0.45454545454545453,0.4881516587677725
2025_17_DAL_WAS,17,WAS,Full Game,DAL,00-0040242,J.Croskey-Merritt,00-0040242,Jacory Croskey-Merritt,RB,11,105.0,H,16,138.0,0.6875,0.7608695652173914
2025_17_DAL_WAS,17,DAL,Full Game,WAS,00-0038738,H.Luepke,00-0038738,Hunter Luepke,RB,7,30.0,A,44,211.0,0.1590909090909091,0.14218009478672985
2025_17_DAL_WAS,17,WAS,Full Game,DAL,00-0033955,J.McNichols,00-0033955,Jeremy McNichols,RB,1,-2.0,H,16,138.0,0.0625,-0.014492753623188406
2025_17_DEN_KC,17,DEN,Full Game,KC,00-0040730,R.Harvey,00-0040730,RJ Harvey,RB,14,43.0,A,32,128.0,0.4375,0.3359375
2025_17_DEN_KC,17,DEN,Full Game,KC,00-0038794,J.McLaughlin,00-0038794,Jaleel McLaughlin,RB,7,40.0,A,32,128.0,0.21875,0.3125
2025_17_DEN_KC,17,KC,Full Game,DEN,00-0037197,I.Pacheco,00-0037197,Isiah Pacheco,RB,9,32.0,H,19,82.0,0.47368421052631576,0.3902439024390244
2025_17_DEN_KC,17,KC,Full Game,DEN,00-0033923,K.Hunt,00-0033923,Kareem Hunt,RB,7,38.0,H,19,82.0,0.3684210526315789,0.4634146341463415
2025_17_DEN_KC,17,DEN,Full Game,KC,00-0036727,A.Prentice,00-0036727,Adam Prentice,RB,2,3.0,A,32,128.0,0.0625,0.0234375
2025_17_DET_MIN,17,MIN,Full Game,DET,00-0033293,A.Jones,00-0033293,Aaron Jones,RB,18,53.0,H,28,158.0,0.6428571428571429,0.33544303797468356
2025_17_DET_MIN,17,DET,Full Game,MIN,00-0039139,J.Gibbs,00-0039139,Jahmyr Gibbs,RB,17,41.0,A,30,68.0,0.5666666666666667,0.6029411764705882
2025_17_DET_MIN,17,DET,Full Game,MIN,00-0035685,D.Montgomery,00-0035685,David Montgomery,RB,10,25.0,A,30,68.0,0.3333333333333333,0.36764705882352944
2025_17_DET_MIN,17,MIN,Full Game,DET,00-0037276,T.Chandler,00-0037276,Ty Chandler,RB,7,24.0,H,28,158.0,0.25,0.1518987341772152
2025_17_HOU_LAC,17,HOU,Full Game,LAC,00-0040583,W.Marks,00-0040583,Woody Marks,RB,19,71.0,A,34,118.0,0.5588235294117647,0.6016949152542372
2025_17_HOU_LAC,17,LAC,Full Game,HOU,00-0040666,O.Hampton,00-0040666,Omarion Hampton,RB,14,29.0,H,22,74.0,0.6363636363636364,0.3918918918918919
2025_17_HOU_LAC,17,HOU,Full Game,LAC,00-0039405,J.Jordan,00-0039405,Jawhar Jordan,RB,8,36.0,A,34,118.0,0.23529411764705882,0.3050847457627119
2025_17_HOU_LAC,17,HOU,Full Game,LAC,00-0034791,N.Chubb,00-0034791,Nick Chubb,RB,1,1.0,A,34,118.0,0.029411764705882353,0.00847457627118644
2025_17_HOU_LAC,17,LAC,Full Game,HOU,00-0036755,J.Patterson,00-0036755,Jaret Patterson,RB,1,1.0,H,22,74.0,0.045454545454545456,0.013513513513513514
2025_17_JAX_IND,17,IND,Full Game,JAX,00-0036223,J.Taylor,00-0036223,Jonathan Taylor,RB,21,70.0,H,22,69.0,0.9545454545454546,1.0144927536231885
2025_17_JAX_IND,17,JAX,Full Game,IND,00-0040238,L.Allen,00-0040238,LeQuint Allen Jr.,RB,1,3.0,A,29,121.0,0.034482758620689655,0.024793388429752067
2025_17_JAX_IND,17,JAX,Full Game,IND,00-0036973,T.Etienne,00-0036973,Travis Etienne,RB,17,76.0,A,29,121.0,0.5862068965517241,0.628099173553719
2025_17_JAX_IND,17,JAX,Full Game,IND,00-0036425,D.Dallas,00-0036425,DeeJay Dallas,RB,2,21.0,A,29,121.0,0.06896551724137931,0.17355371900826447
2025_17_LA_ATL,17,ATL,Full Game,LA,00-0038542,B.Robinson,00-0038542,Bijan Robinson,RB,22,195.0,H,33,219.0,0.6666666666666666,0.8904109589041096
2025_17_LA_ATL,17,LA,Full Game,ATL,00-0037840,K.Williams,00-0037840,Kyren Williams,RB,13,92.0,A,20,115.0,0.65,0.8
2025_17_LA_ATL,17,ATL,Full Game,LA,00-0037263,T.Allgeier,00-0037263,Tyler Allgeier,RB,10,23.0,H,33,219.0,0.30303030303030304,0.1050228310502283
2025_17_LA_ATL,17,LA,Full Game,ATL,00-0039738,B.Corum,00-0039738,Blake Corum,RB,6,18.0,A,20,115.0,0.3,0.1565217391304348
2025_17_LA_ATL,17,LA,Full Game,ATL,00-0037557,R.Rivers,00-0037557,Ronnie Rivers,RB,1,5.0,A,20,115.0,0.05,0.043478260869565216
2025_17_NE_NYJ,17,NE,Full Game,NYJ,00-0036875,R.Stevenson,00-0036875,Rhamondre Stevenson,RB,8,47.0,A,36,155.0,0.2222222222222222,0.3032258064516129
2025_17_NE_NYJ,17,NE,Full Game,NYJ,00-0040734,T.Henderson,00-0040734,TreVeyon Henderson,RB,19,82.0,A,36,155.0,0.5277777777777778,0.5290322580645161
2025_17_NE_NYJ,17,NYJ,Full Game,NE,00-0038120,B.Hall,00-0038120,Breece Hall,RB,14,111.0,H,28,164.0,0.5,0.676829268292683
2025_17_NE_NYJ,17,NYJ,Full Game,NE,00-0039798,I.Davis,00-0039798,Isaiah Davis,RB,3,11.0,H,28,164.0,0.10714285714285714,0.06707317073170732
2025_17_NE_NYJ,17,NE,Full Game,NYJ,00-0035628,D.Johnson,00-0035628,D'Ernest Johnson,RB,4,5.0,A,36,155.0,0.1111111111111111,0.03225806451612903
2025_17_NE_NYJ,17,NYJ,Full Game,NE,00-0036842,K.Nwangwu,00-0036842,Kene Nwangwu,RB,6,31.0,H,28,164.0,0.21428571428571427,0.18902439024390244
2025_17_NE_NYJ,17,NYJ,Full Game,NE,00-0036906,K.Herbert,00-0036906,Khalil Herbert,RB,2,5.0,H,28,164.0,0.07142857142857142,0.03048780487804878
2025_17_NO_TEN,17,TEN,Full Game,NO,00-0035261,T.Pollard,00-0035261,Tony Pollard,RB,18,85.0,H,28,108.0,0.6428571428571429,0.7870370370370371
2025_17_NO_TEN,17,NO,Full Game,TEN,00-0039373,A.Estime,00-0039373,Audric Estimé,RB,14,94.0,A,23,103.0,0.6086956521739131,0.912621359223301
2025_17_NO_TEN,17,TEN,Full Game,NO,00-0039032,T.Spears,00-0039032,Tyjae Spears,RB,6,2.0,H,28,108.0,0.21428571428571427,0.018518518518518517
2025_17_NO_TEN,17,TEN,Full Game,NO,00-0040205,K.Mullings,00-0040205,Kalel Mullings,RB,1,4.0,H,28,108.0,0.03571428571428571,0.037037037037037035
2025_17_NO_TEN,17,NO,Full Game,TEN,00-0038397,E.Hull,00-0038397,Evan Hull,RB,2,3.0,A,23,103.0,0.08695652173913043,0.02912621359223301
2025_17_NYG_LV,17,NYG,Full Game,LV,00-0039384,T.Tracy,00-0039384,Tyrone Tracy Jr.,RB,14,62.0,A,31,155.0,0.45161290322580644,0.4
2025_17_NYG_LV,17,LV,Full Game,NYG,00-0040122,A.Jeanty,00-0040122,Ashton Jeanty,RB,16,60.0,H,20,63.0,0.8,0.9523809523809523
2025_17_NYG_LV,17,NYG,Full Game,LV,00-0035250,D.Singletary,00-0035250,Devin Singletary,RB,8,45.0,A,31,155.0,0.25806451612903225,0.2903225806451613
2025_17_NYG_LV,17,LV,Full Game,NYG,00-0038040,Z.White,00-0038040,Zamir White,RB,1,2.0,H,20,63.0,0.05,0.031746031746031744
2025_17_PHI_BUF,17,BUF,Full Game,PHI,00-0037248,J.Cook,00-0037248,James Cook,RB,20,74.0,H,33,120.0,0.6060606060606061,0.6166666666666667
2025_17_PHI_BUF,17,PHI,Full Game,BUF,00-0034844,S.Barkley,00-0034844,Saquon Barkley,RB,19,68.0,A,26,82.0,0.7307692307692307,0.8292682926829268
2025_17_PHI_BUF,17,PHI,Full Game,BUF,00-0039746,W.Shipley,00-0039746,Will Shipley,RB,2,2.0,A,26,82.0,0.07692307692307693,0.024390243902439025
2025_17_PHI_BUF,17,PHI,Full Game,BUF,00-0038555,T.Bigsby,00-0038555,Tank Bigsby,RB,2,7.0,A,26,82.0,0.07692307692307693,0.08536585365853659
2025_17_PHI_BUF,17,BUF,Full Game,PHI,00-0039875,R.Davis,00-0039875,Ray Davis,RB,1,4.0,H,33,120.0,0.030303030303030304,0.03333333333333333
2025_17_PHI_BUF,17,BUF,Full Game,PHI,00-0035537,Ty.Johnson,00-0035537,Ty Johnson,RB,5,15.0,H,33,120.0,0.15151515151515152,0.125
2025_17_PIT_CLE,17,CLE,Full Game,PIT,00-0040466,R.Sanders,00-0040466,Raheim Sanders,RB,8,21.0,H,25,78.0,0.32,0.2692307692307692
2025_17_PIT_CLE,17,CLE,Full Game,PIT,00-0040162,D.Sampson,00-0040162,Dylan Sampson,RB,11,27.0,H,25,78.0,0.44,0.34615384615384615
2025_17_PIT_CLE,17,PIT,Full Game,CLE,00-0037228,J.Warren,00-0037228,Jaylen Warren,RB,12,64.0,A,24,131.0,0.5,0.48854961832061067
2025_17_PIT_CLE,17,PIT,Full Game,CLE,00-0036919,K.Gainwell,00-0036919,Kenneth Gainwell,RB,7,26.0,A,24,131.0,0.2916666666666667,0.1984732824427481
2025_17_PIT_CLE,17,CLE,Full Game,PIT,00-0035291,T.Williams,00-0035291,Trayveon Williams,RB,2,10.0,H,25,78.0,0.08,0.1282051282051282
2025_17_SEA_CAR,17,CAR,Full Game,SEA,00-0036139,R.Dowdle,00-0036139,Rico Dowdle,RB,12,59.0,H,26,99.0,0.46153846153846156,0.5959595959595959
2025_17_SEA_CAR,17,SEA,Full Game,CAR,00-0038134,K.Walker,00-0038134,Kenneth Walker III,RB,15,51.0,A,36,163.0,0.4166666666666667,0.3128834355828221
2025_17_SEA_CAR,17,SEA,Full Game,CAR,00-0039165,Z.Charbonnet,00-0039165,Zach Charbonnet,RB,18,110.0,A,36,163.0,0.5,0.6748466257668712
2025_17_SEA_CAR,17,CAR,Full Game,SEA,00-0036555,C.Hubbard,00-0036555,Chuba Hubbard,RB,4,12.0,H,26,99.0,0.15384615384615385,0.12121212121212122
2025_17_TB_MIA,17,TB,Full Game,MIA,00-0039361,B.Irving,00-0039361,Bucky Irving,RB,9,19.0,A,16,53.0,0.5625,0.3584905660377358
2025_17_TB_MIA,17,TB,Full Game,MIA,00-0038951,S.Tucker,00-0038951,Sean Tucker,RB,2,8.0,A,16,53.0,0.125,0.1509433962264151
2025_17_TB_MIA,17,TB,Full Game,MIA,00-0037256,R.White,00-0037256,Rachaad White,RB,2,10.0,A,16,53.0,0.125,0.18867924528301888
2025_17_TB_MIA,17,MIA,Full Game,TB,00-0039040,D.Achane,00-0039040,De'Von Achane,RB,18,83.0,H,30,145.0,0.6,0.5724137931034483
2025_17_TB_MIA,17,MIA,Full Game,TB,00-0039874,J.Wright,00-0039874,Jaylen Wright,RB,5,56.0,H,30,145.0,0.16666666666666666,0.38620689655172413
2025_18_ARI_LA,18,LA,Full Game,ARI,00-0037840,K.Williams,00-0037840,Kyren Williams,RB,12,60.0,H,31,143.0,0.3870967741935484,0.4195804195804196
2025_18_ARI_LA,18,ARI,Full Game,LA,00-0036924,M.Carter,00-0036924,Michael Carter,RB,7,18.0,A,15,79.0,0.4666666666666667,0.22784810126582278
2025_18_ARI_LA,18,LA,Full Game,ARI,00-0039738,B.Corum,00-0039738,Blake Corum,RB,13,59.0,H,31,143.0,0.41935483870967744,0.4125874125874126
2025_18_ARI_LA,18,ARI,Full Game,LA,00-0040556,C.Kiner,00-0040556,Corey Kiner,RB,3,13.0,A,15,79.0,0.2,0.16455696202531644
2025_18_ARI_LA,18,ARI,Full Game,LA,00-0038705,E.Demercado,00-0038705,Emari Demercado,RB,2,29.0,A,15,79.0,0.13333333333333333,0.3670886075949367
2025_18_BAL_PIT,18,BAL,Full Game,PIT,00-0032764,D.Henry,00-0032764,Derrick Henry,RB,20,126.0,A,27,137.0,0.7407407407407407,0.9197080291970803
2025_18_BAL_PIT,18,BAL,Full Game,PIT,00-0039796,R.Ali,00-0039796,Rasheen Ali,RB,1,0.0,A,27,137.0,0.037037037037037035,0.0
2025_18_BAL_PIT,18,PIT,Full Game,BAL,00-0036919,K.Gainwell,00-0036919,Kenneth Gainwell,RB,5,10.0,H,24,100.0,0.20833333333333334,0.1
2025_18_BAL_PIT,18,BAL,Full Game,PIT,00-0038454,K.Mitchell,00-0038454,Keaton Mitchell,RB,2,2.0,A,27,137.0,0.07407407407407407,0.014598540145985401
2025_18_BAL_PIT,18,PIT,Full Game,BAL,00-0037228,J.Warren,00-0037228,Jaylen Warren,RB,14,66.0,H,24,100.0,0.5833333333333334,0.66
2025_18_CAR_TB,18,TB,Full Game,CAR,00-0039361,B.Irving,00-0039361,Bucky Irving,RB,26,85.0,H,42,140.0,0.6190476190476191,0.6071428571428571
2025_18_CAR_TB,18,CAR,Full Game,TB,00-0036139,R.Dowdle,00-0036139,Rico Dowdle,RB,7,10.0,A,14,19.0,0.5,0.5263157894736842
2025_18_CAR_TB,18,TB,Full Game,CAR,00-0037256,R.White,00-0037256,Rachaad White,RB,7,23.0,H,42,140.0,0.16666666666666666,0.16428571428571428
2025_18_CAR_TB,18,CAR,Full Game,TB,00-0036555,C.Hubbard,00-0036555,Chuba Hubbard,RB,5,10.0,A,14,19.0,0.35714285714285715,0.5263157894736842
2025_18_CAR_TB,18,TB,Full Game,CAR,00-0038951,S.Tucker,00-0038951,Sean Tucker,RB,4,-4.0,H,42,140.0,0.09523809523809523,-0.02857142857142857
2025_18_CLE_CIN,18,CIN,Full Game,CLE,00-0038597,C.Brown,00-0038597,Chase Brown,RB,13,72.0,H,25,142.0,0.52,0.5070422535211268
2025_18_CLE_CIN,18,CLE,Full Game,CIN,00-0040162,D.Sampson,00-0040162,Dylan Sampson,RB,10,32.0,A,24,118.0,0.4166666666666667,0.2711864406779661
2025_18_CLE_CIN,18,CIN,Full Game,CLE,00-0033526,S.Perine,00-0033526,Samaje Perine,RB,8,42.0,H,25,142.0,0.32,0.29577464788732394
2025_18_CLE_CIN,18,CLE,Full Game,CIN,00-0035291,T.Williams,00-0035291,Trayveon Williams,RB,1,7.0,A,24,118.0,0.041666666666666664,0.059322033898305086
2025_18_CLE_CIN,18,CLE,Full Game,CIN,00-0040466,R.Sanders,00-0040466,Raheim Sanders,RB,5,26.0,A,24,118.0,0.20833333333333334,0.22033898305084745
2025_18_DAL_NYG,18,NYG,Full Game,DAL,00-0039384,T.Tracy,00-0039384,Tyrone Tracy Jr.,RB,18,103.0,H,32,161.0,0.5625,0.639751552795031
2025_18_DAL_NYG,18,DAL,Full Game,NYG,00-0038738,H.Luepke,00-0038738,Hunter Luepke,RB,2,12.0,A,30,143.0,0.06666666666666667,0.08391608391608392
2025_18_DAL_NYG,18,DAL,Full Game,NYG,00-0040586,J.Blue,00-0040586,Jaydon Blue,RB,16,64.0,A,30,143.0,0.5333333333333333,0.44755244755244755
2025_18_DAL_NYG,18,NYG,Full Game,DAL,00-0035250,D.Singletary,00-0035250,Devin Singletary,RB,9,26.0,H,32,161.0,0.28125,0.16149068322981366
2025_18_DAL_NYG,18,DAL,Full Game,NYG,00-0040021,P.Mafah,00-0040021,Phil Mafah,RB,5,18.0,A,30,143.0,0.16666666666666666,0.1258741258741259
2025_18_DET_CHI,18,DET,Full Game,CHI,00-0039139,J.Gibbs,00-0039139,Jahmyr Gibbs,RB,19,80.0,A,27,122.0,0.7037037037037037,0.6557377049180327
2025_18_DET_CHI,18,DET,Full Game,CHI,00-0035685,D.Montgomery,00-0035685,David Montgomery,RB,8,42.0,A,27,122.0,0.2962962962962963,0.3442622950819672
2025_18_DET_CHI,18,CHI,Full Game,DET,00-0036275,D.Swift,00-0036275,D'Andre Swift,RB,10,40.0,H,18,65.0,0.5555555555555556,0.6153846153846154
2025_18_DET_CHI,18,CHI,Full Game,DET,00-0040236,K.Monangai,00-0040236,Kyle Monangai,RB,6,14.0,H,18,65.0,0.3333333333333333,0.2153846153846154
2025_18_GB_MIN,18,MIN,Full Game,GB,00-0037525,J.Mason,00-0037525,Jordan Mason,RB,14,94.0,H,31,137.0,0.45161290322580644,0.6861313868613139
2025_18_GB_MIN,18,MIN,Full Game,GB,00-0038440,Z.Scott,00-0038440,Zavier Scott,RB,3,9.0,H,31,137.0,0.0967741935483871,0.06569343065693431
2025_18_GB_MIN,18,GB,Full Game,MIN,00-0038797,E.Wilson,00-0038797,Emanuel Wilson,RB,18,44.0,A,35,128.0,0.5142857142857142,0.34375
2025_18_GB_MIN,18,GB,Full Game,MIN,00-0038685,C.Brooks,00-0038685,Chris Brooks,RB,13,61.0,A,35,128.0,0.37142857142857144,0.4765625
2025_18_GB_MIN,18,MIN,Full Game,GB,00-0037276,T.Chandler,00-0037276,Ty Chandler,RB,10,23.0,H,31,137.0,0.3225806451612903,0.1678832116788321
2025_18_GB_MIN,18,MIN,Full Game,GB,00-0032918,C.Ham,00-0032918,C.J. Ham,RB,1,1.0,H,31,137.0,0.03225806451612903,0.0072992700729927005
2025_18_IND_HOU,18,HOU,Full Game,IND,00-0039405,J.Jordan,00-0039405,Jawhar Jordan,RB,5,3.0,H,32,134.0,0.15625,0.022388059701492536
2025_18_IND_HOU,18,IND,Full Game,HOU,00-0036223,J.Taylor,00-0036223,Jonathan Taylor,RB,14,26.0,A,28,76.0,0.5,0.34210526315789475
2025_18_IND_HOU,18,HOU,Full Game,IND,00-0040583,W.Marks,00-0040583,Woody Marks,RB,10,48.0,H,32,134.0,0.3125,0.3582089552238806
2025_18_IND_HOU,18,IND,Full Game,HOU,00-0040179,D.Giddens,00-0040179,DJ Giddens,RB,8,30.0,A,28,76.0,0.2857142857142857,0.39473684210526316
2025_18_IND_HOU,18,HOU,Full Game,IND,00-0039603,B.Brooks,00-0039603,British Brooks,RB,13,63.0,H,32,134.0,0.40625,0.4701492537313433
2025_18_IND_HOU,18,HOU,Full Game,IND,00-0033854,D.Ogunbowale,00-0033854,Dare Ogunbowale,RB,1,3.0,H,32,134.0,0.03125,0.022388059701492536
2025_18_IND_HOU,18,IND,Full Game,HOU,00-0037120,T.Goodson,00-0037120,Tyler Goodson,RB,1,3.0,A,28,76.0,0.03571428571428571,0.039473684210526314
2025_18_IND_HOU,18,IND,Full Game,HOU,00-0032104,A.Abdullah,00-0032104,Ameer Abdullah,RB,1,1.0,A,28,76.0,0.03571428571428571,0.013157894736842105
2025_18_KC_LV,18,KC,Full Game,LV,00-0040078,B.Smith,00-0040078,Brashard Smith,RB,12,56.0,A,23,84.0,0.5217391304347826,0.6666666666666666
2025_18_KC_LV,18,LV,Full Game,KC,00-0040122,A.Jeanty,00-0040122,Ashton Jeanty,RB,26,87.0,H,32,118.0,0.8125,0.7372881355932204
2025_18_KC_LV,18,KC,Full Game,LV,00-0037258,D.Pierce,00-0037258,Dameon Pierce,RB,4,10.0,A,23,84.0,0.17391304347826086,0.11904761904761904
2025_18_KC_LV,18,KC,Full Game,LV,00-0033923,K.Hunt,00-0033923,Kareem Hunt,RB,5,14.0,A,23,84.0,0.21739130434782608,0.16666666666666666
2025_18_KC_LV,18,LV,Full Game,KC,00-0038040,Z.White,00-0038040,Zamir White,RB,1,5.0,H,32,118.0,0.03125,0.0423728813559322
2025_18_LAC_DEN,18,DEN,Full Game,LAC,00-0038794,J.McLaughlin,00-0038794,Jaleel McLaughlin,RB,6,41.0,H,31,116.0,0.1935483870967742,0.35344827586206895
2025_18_LAC_DEN,18,DEN,Full Game,LAC,00-0040730,R.Harvey,00-0040730,RJ Harvey,RB,15,28.0,H,31,116.0,0.4838709677419355,0.2413793103448276
2025_18_LAC_DEN,18,DEN,Full Game,LAC,00-0037085,T.Badie,00-0037085,Tyler Badie,RB,2,-2.0,H,31,116.0,0.06451612903225806,-0.017241379310344827
2025_18_LAC_DEN,18,LAC,Full Game,DEN,00-0036755,J.Patterson,00-0036755,Jaret Patterson,RB,8,29.0,A,21,113.0,0.38095238095238093,0.25663716814159293
2025_18_LAC_DEN,18,LAC,Full Game,DEN,00-0037617,H.Haskins,00-0037617,Hassan Haskins,RB,1,3.0,A,21,113.0,0.047619047619047616,0.02654867256637168
2025_18_LAC_DEN,18,LAC,Full Game,DEN,00-0039391,K.Vidal,00-0039391,Kimani Vidal,RB,3,12.0,A,21,113.0,0.14285714285714285,0.10619469026548672
2025_18_MIA_NE,18,NE,Full Game,MIA,00-0036875,R.Stevenson,00-0036875,Rhamondre Stevenson,RB,7,131.0,H,34,243.0,0.20588235294117646,0.5390946502057613
2025_18_MIA_NE,18,NE,Full Game,MIA,00-0040734,T.Henderson,00-0040734,TreVeyon Henderson,RB,13,53.0,H,34,243.0,0.38235294117647056,0.21810699588477367
2025_18_MIA_NE,18,MIA,Full Game,NE,00-0039874,J.Wright,00-0039874,Jaylen Wright,RB,13,23.0,A,25,63.0,0.52,0.36507936507936506
2025_18_MIA_NE,18,MIA,Full Game,NE,00-0040198,O.Gordon,00-0040198,Ollie Gordon II,RB,9,9.0,A,25,63.0,0.36,0.14285714285714285
2025_18_MIA_NE,18,NE,Full Game,MIA,00-0035628,D.Johnson,00-0035628,D'Ernest Johnson,RB,5,13.0,H,34,243.0,0.14705882352941177,0.053497942386831275
2025_18_NO_ATL,18,ATL,Full Game,NO,00-0038542,B.Robinson,00-0038542,Bijan Robinson,RB,15,33.0,H,25,49.0,0.6,0.673469387755102
2025_18_NO_ATL,18,ATL,Full Game,NO,00-0037263,T.Allgeier,00-0037263,Tyler Allgeier,RB,7,16.0,H,25,49.0,0.28,0.32653061224489793
2025_18_NO_ATL,18,NO,Full Game,ATL,00-0039373,A.Estime,00-0039373,Audric Estimé,RB,21,63.0,A,26,108.0,0.8076923076923077,0.5833333333333334
2025_18_NO_ATL,18,NO,Full Game,ATL,00-0038397,E.Hull,00-0038397,Evan Hull,RB,2,11.0,A,26,108.0,0.07692307692307693,0.10185185185185185
2025_18_NYJ_BUF,18,BUF,Full Game,NYJ,00-0037248,J.Cook,00-0037248,James Cook,RB,2,15.0,H,43,211.0,0.046511627906976744,0.07109004739336493
2025_18_NYJ_BUF,18,BUF,Full Game,NYJ,00-0039875,R.Davis,00-0039875,Ray Davis,RB,21,151.0,H,43,211.0,0.4883720930232558,0.7156398104265402
2025_18_NYJ_BUF,18,BUF,Full Game,NYJ,00-0035537,Ty.Johnson,00-0035537,Ty Johnson,RB,13,36.0,H,43,211.0,0.3023255813953488,0.17061611374407584
2025_18_NYJ_BUF,18,NYJ,Full Game,BUF,00-0036842,K.Nwangwu,00-0036842,Kene Nwangwu,RB,7,18.0,A,23,69.0,0.30434782608695654,0.2608695652173913
2025_18_NYJ_BUF,18,NYJ,Full Game,BUF,00-0036906,K.Herbert,00-0036906,Khalil Herbert,RB,12,42.0,A,23,69.0,0.5217391304347826,0.6086956521739131
2025_18_NYJ_BUF,18,BUF,Full Game,NYJ,00-0036187,R.Gilliam,00-0036187,Reggie Gilliam,RB,2,4.0,H,43,211.0,0.046511627906976744,0.018957345971563982
2025_18_SEA_SF,18,SEA,Full Game,SF,00-0038134,K.Walker,00-0038134,Kenneth Walker III,RB,16,97.0,A,39,180.0,0.41025641025641024,0.5388888888888889
2025_18_SEA_SF,18,SEA,Full Game,SF,00-0039165,Z.Charbonnet,00-0039165,Zach Charbonnet,RB,17,74.0,A,39,180.0,0.4358974358974359,0.4111111111111111
2025_18_SEA_SF,18,SF,Full Game,SEA,00-0033280,C.McCaffrey,00-0033280,Christian McCaffrey,RB,8,23.0,H,12,53.0,0.6666666666666666,0.4339622641509434
2025_18_SEA_SF,18,SF,Full Game,SEA,00-0037746,B.Robinson,00-0037746,Brian Robinson,RB,2,9.0,H,12,53.0,0.16666666666666666,0.16981132075471697
2025_18_TEN_JAX,18,JAX,Full Game,TEN,00-0036973,T.Etienne,00-0036973,Travis Etienne,RB,14,32.0,H,24,64.0,0.5833333333333334,0.5
2025_18_TEN_JAX,18,TEN,Full Game,JAX,00-0035261,T.Pollard,00-0035261,Tony Pollard,RB,14,48.0,A,19,77.0,0.7368421052631579,0.6233766233766234
2025_18_TEN_JAX,18,JAX,Full Game,TEN,00-0040719,B.Tuten,00-0040719,Bhayshul Tuten,RB,5,23.0,H,24,64.0,0.20833333333333334,0.359375
2025_18_TEN_JAX,18,TEN,Full Game,JAX,00-0039032,T.Spears,00-0039032,Tyjae Spears,RB,3,18.0,A,19,77.0,0.15789473684210525,0.23376623376623376
2025_18_WAS_PHI,18,PHI,Full Game,WAS,00-0038555,T.Bigsby,00-0038555,Tank Bigsby,RB,16,75.0,H,19,80.0,0.8421052631578947,0.9375
2025_18_WAS_PHI,18,WAS,Full Game,PHI,00-0040242,J.Croskey-Merritt,00-0040242,Jacory Croskey-Merritt,RB,13,29.0,A,41,143.0,0.3170731707317073,0.20279720279720279
2025_18_WAS_PHI,18,WAS,Full Game,PHI,00-0038611,C.Rodriguez,00-0038611,Chris Rodriguez Jr.,RB,16,65.0,A,41,143.0,0.3902439024390244,0.45454545454545453
2025_18_WAS_PHI,18,WAS,Full Game,PHI,00-0033955,J.McNichols,00-0033955,Jeremy McNichols,RB,1,3.0,A,41,143.0,0.024390243902439025,0.02097902097902098
2025_18_WAS_PHI,18,PHI,Full Game,WAS,00-0039746,W.Shipley,00-0039746,Will Shipley,RB,1,2.0,H,19,80.0,0.05263157894736842,0.025
